cohort,key,method,tier,n,evaluated,mean_retained,hit_0p25,hit_0p5,hit_0p75,hit_2p0,clusters_0p5,clusters_1p0,clusters_2p0,clusters_3p0
core,qwen_1p7b_fsq_bigdata_step47023,qwen_1p7b_fsq_bigdata_step47023_chembl_count,chembl_count,94,94,78.25531914893617,24.46808510638298,56.38297872340425,80.85106382978722,100.0,55.276595744680854,22.659574468085108,3.24468085106383,1.351063829787234
core,qwen_1p7b_fsq_bigdata_step47023,qwen_1p7b_fsq_bigdata_step47023_dynamic,dynamic,94,94,76.85106382978724,34.04255319148936,63.829787234042556,79.7872340425532,100.0,52.755319148936174,25.138297872340427,3.351063829787234,1.3617021276595744
core,qwen_1p7b_fsq_bigdata_step47023,qwen_1p7b_fsq_bigdata_step47023_fixed,fixed,94,94,972.563829787234,53.191489361702125,78.72340425531915,91.48936170212765,100.0,284.468085106383,72.7872340425532,4.638297872340425,1.4680851063829787
core,loqi_raw,loqi_raw_chembl_count,chembl_count,94,94,81.15957446808511,37.234042553191486,67.02127659574468,74.46808510638297,96.80851063829788,24.98936170212766,9.202127659574469,2.1808510638297873,1.202127659574468
core,loqi_raw,loqi_raw_dynamic,dynamic,94,94,100.2127659574468,46.808510638297875,72.3404255319149,81.91489361702128,98.93617021276596,30.670212765957448,11.180851063829786,2.351063829787234,1.2340425531914894
core,loqi_raw,loqi_raw_fixed,fixed,94,94,999.3404255319149,55.319148936170215,82.97872340425532,86.17021276595744,100.0,84.45744680851064,20.159574468085108,2.776595744680851,1.2872340425531914
core,flowr_raw,flowr_raw_chembl_count,chembl_count,94,94,72.67021276595744,18.085106382978726,47.87234042553192,70.2127659574468,100.0,54.08510638297872,29.138297872340427,4.9787234042553195,1.5638297872340425
core,flowr_raw,flowr_raw_dynamic,dynamic,94,94,71.47872340425532,22.340425531914892,53.191489361702125,72.3404255319149,100.0,49.96808510638298,29.074468085106382,5.5,1.5425531914893618
core,flowr_raw,flowr_raw_fixed,fixed,94,94,920.0212765957447,39.361702127659576,72.3404255319149,86.17021276595744,100.0,298.09574468085106,114.36170212765957,9.117021276595745,1.8404255319148937
core,torsional_diffusion_raw,torsional_diffusion_raw_chembl_count,chembl_count,94,94,69.31914893617021,19.148936170212767,56.38297872340425,73.40425531914893,97.87234042553192,40.9468085106383,17.51063829787234,3.5,1.3829787234042554
core,torsional_diffusion_raw,torsional_diffusion_raw_dynamic,dynamic,94,94,66.01063829787235,27.659574468085108,60.63829787234043,76.59574468085107,98.93617021276596,38.5,18.29787234042553,3.521276595744681,1.446808510638298
core,torsional_diffusion_raw,torsional_diffusion_raw_fixed,fixed,94,94,881.4255319148937,42.5531914893617,78.72340425531915,89.36170212765957,100.0,187.70212765957447,54.8936170212766,5.223404255319149,1.4893617021276595
core,mcf_drugs_l_raw,mcf_drugs_l_raw_chembl_count,chembl_count,94,93,66.09574468085107,21.27659574468085,54.25531914893617,71.27659574468085,97.87234042553192,31.236559139784948,14.150537634408602,2.989247311827957,1.2903225806451613
core,mcf_drugs_l_raw,mcf_drugs_l_raw_dynamic,dynamic,94,93,66.86170212765957,32.97872340425532,57.446808510638306,73.40425531914893,96.80851063829788,32.32258064516129,15.440860215053764,3.193548387096774,1.3978494623655915
core,mcf_drugs_l_raw,mcf_drugs_l_raw_fixed,fixed,94,93,866.8404255319149,45.744680851063826,75.53191489361703,86.17021276595744,98.93617021276596,110.31182795698925,34.01075268817204,4.118279569892473,1.5053763440860215
core,nextmol_dmt_l_raw,nextmol_dmt_l_raw_chembl_count,chembl_count,94,92,66.35106382978724,31.914893617021278,53.191489361702125,76.59574468085107,96.80851063829788,31.597826086956523,14.152173913043478,3.0217391304347827,1.3478260869565217
core,nextmol_dmt_l_raw,nextmol_dmt_l_raw_dynamic,dynamic,94,93,68.19148936170212,32.97872340425532,63.829787234042556,76.59574468085107,97.87234042553192,31.870967741935484,14.795698924731182,3.053763440860215,1.3763440860215055
core,nextmol_dmt_l_raw,nextmol_dmt_l_raw_fixed,fixed,94,93,871.9468085106383,45.744680851063826,75.53191489361703,86.17021276595744,97.87234042553192,106.49462365591398,31.473118279569892,3.913978494623656,1.4623655913978495
core,rdkit_random_raw,rdkit_random_raw_chembl_count,chembl_count,94,94,81.15957446808511,19.148936170212767,43.61702127659575,65.95744680851064,100.0,34.265957446808514,14.702127659574469,2.776595744680851,1.2127659574468086
core,rdkit_random_raw,rdkit_random_raw_dynamic,dynamic,94,94,79.92553191489361,23.404255319148938,51.06382978723404,69.14893617021278,100.0,37.212765957446805,17.319148936170212,2.882978723404255,1.2446808510638299
core,rdkit_random_raw,rdkit_random_raw_fixed,fixed,94,94,999.9468085106383,31.914893617021278,64.8936170212766,80.85106382978722,100.0,114.62765957446808,35.92553191489362,3.4680851063829787,1.2553191489361701
core,torsion_raw,torsion_raw_chembl_count,chembl_count,94,94,71.14893617021276,10.638297872340425,35.1063829787234,65.95744680851064,98.93617021276596,54.159574468085104,21.829787234042552,3.095744680851064,1.2872340425531914
core,torsion_raw,torsion_raw_dynamic,dynamic,94,94,69.75531914893617,18.085106382978726,41.48936170212766,65.95744680851064,98.93617021276596,51.40425531914894,23.96808510638298,3.223404255319149,1.2872340425531914
core,torsion_raw,torsion_raw_fixed,fixed,94,94,896.4787234042553,31.914893617021278,59.57446808510638,78.72340425531915,98.93617021276596,296.82978723404256,74.18085106382979,4.340425531914893,1.425531914893617
core,chembl3d_gt_pb,chembl3d_gt_pb,reference,94,94,81.15957446808511,25.53191489361702,63.829787234042556,78.72340425531915,97.87234042553192,21.71276595744681,7.691489361702128,2.117021276595745,1.202127659574468
ref,qwen_1p7b_fsq_bigdata_step47023,qwen_1p7b_fsq_bigdata_step47023_chembl_count,chembl_count,1236,1236,63.32605177993528,21.44012944983819,53.72168284789643,76.29449838187702,99.27184466019418,42.89967637540453,18.57443365695793,3.1844660194174756,1.343042071197411
ref,qwen_1p7b_fsq_bigdata_step47023,qwen_1p7b_fsq_bigdata_step47023_dynamic,dynamic,1236,1236,76.98705501618123,32.5242718446602,60.760517799352755,80.2588996763754,99.75728155339806,49.56553398058252,22.381877022653722,3.5946601941747574,1.396440129449838
ref,qwen_1p7b_fsq_bigdata_step47023,qwen_1p7b_fsq_bigdata_step47023_fixed,fixed,1236,1236,967.9433656957929,51.86084142394822,79.12621359223301,92.47572815533981,99.91909385113269,257.30258899676375,63.669093851132686,5.181229773462783,1.529126213592233
ref,loqi_raw,loqi_raw_chembl_count,chembl_count,1236,1236,66.01779935275081,29.692556634304207,57.60517799352751,74.27184466019418,96.76375404530745,22.22977346278317,9.147249190938512,2.401294498381877,1.2322006472491909
ref,loqi_raw,loqi_raw_dynamic,dynamic,1236,1236,102.04692556634305,37.055016181229774,65.29126213592234,78.47896440129449,97.73462783171522,30.47168284789644,12.18851132686084,2.7694174757281553,1.279126213592233
ref,loqi_raw,loqi_raw_fixed,fixed,1236,1236,995.9716828478964,50.970873786407765,76.13268608414239,86.81229773462783,98.86731391585761,86.18527508090615,24.410194174757283,3.692556634304207,1.401294498381877
ref,flowr_raw,flowr_raw_chembl_count,chembl_count,1236,1232,58.31310679611651,19.01294498381877,43.6084142394822,66.10032362459548,97.57281553398059,41.695616883116884,24.156655844155843,4.6647727272727275,1.5568181818181819
ref,flowr_raw,flowr_raw_dynamic,dynamic,1236,1235,71.01779935275081,22.815533980582526,50.404530744336576,71.35922330097088,98.7864077669903,46.54493927125506,27.211336032388665,5.333603238866397,1.6226720647773278
ref,flowr_raw,flowr_raw_fixed,fixed,1236,1236,900.5299352750809,38.75404530744336,69.41747572815534,85.51779935275081,99.27184466019418,273.0485436893204,105.37864077669903,9.398867313915858,1.9741100323624596
ref,torsional_diffusion_raw,torsional_diffusion_raw_chembl_count,chembl_count,1236,1229,54.8373786407767,21.44012944983819,50.970873786407765,69.7411003236246,97.00647249190939,33.830756712774615,14.738812042310823,3.1383238405207488,1.3832384052074858
ref,torsional_diffusion_raw,torsional_diffusion_raw_dynamic,dynamic,1236,1236,65.2532362459547,28.72168284789644,58.252427184466015,75.24271844660194,99.02912621359224,37.493527508090615,16.67071197411003,3.4676375404530746,1.4296116504854368
ref,torsional_diffusion_raw,torsional_diffusion_raw_fixed,fixed,1236,1236,867.6755663430421,45.226537216828476,72.89644012944983,86.24595469255664,99.51456310679612,178.40453074433657,47.439320388349515,5.224919093851133,1.6254045307443366
ref,mcf_drugs_l_raw,mcf_drugs_l_raw_chembl_count,chembl_count,1236,1221,55.419093851132686,20.46925566343042,48.381877022653725,69.8220064724919,94.49838187702265,27.723177723177724,11.703521703521703,2.723177723177723,1.312858312858313
ref,mcf_drugs_l_raw,mcf_drugs_l_raw_dynamic,dynamic,1236,1228,68.58252427184466,29.773462783171524,55.663430420711975,73.13915857605178,95.55016181229773,31.938110749185668,13.197068403908794,2.916938110749186,1.3371335504885993
ref,mcf_drugs_l_raw,mcf_drugs_l_raw_fixed,fixed,1236,1236,873.7669902912621,44.01294498381877,71.27831715210357,84.62783171521036,97.0873786407767,101.46763754045307,27.452265372168284,3.8349514563106797,1.4393203883495145
ref,nextmol_dmt_l_raw,nextmol_dmt_l_raw_chembl_count,chembl_count,1236,1220,56.42718446601942,21.44012944983819,50.80906148867314,70.63106796116504,94.49838187702265,27.660655737704918,11.954098360655738,2.85,1.339344262295082
ref,nextmol_dmt_l_raw,nextmol_dmt_l_raw_dynamic,dynamic,1236,1225,69.44741100323624,28.155339805825243,56.55339805825243,74.59546925566343,95.22653721682848,31.4465306122449,13.524897959183674,3.0693877551020408,1.3657142857142857
ref,nextmol_dmt_l_raw,nextmol_dmt_l_raw_fixed,fixed,1236,1233,881.4368932038835,41.262135922330096,70.87378640776699,84.78964401294499,97.00647249190939,98.3698296836983,27.88888888888889,4.128953771289538,1.4955393349553934
ref,rdkit_random_raw,rdkit_random_raw_chembl_count,chembl_count,1236,1236,66.30177993527508,16.90938511326861,43.77022653721683,68.44660194174757,98.7864077669903,31.764563106796118,14.385113268608414,2.9514563106796117,1.2936893203883495
ref,rdkit_random_raw,rdkit_random_raw_dynamic,dynamic,1236,1236,80.92071197411003,21.68284789644013,50.323624595469255,72.41100323624595,99.51456310679612,36.67313915857605,17.305825242718445,3.31957928802589,1.3349514563106797
ref,rdkit_random_raw,rdkit_random_raw_fixed,fixed,1236,1236,999.8430420711974,28.398058252427184,61.165048543689316,81.47249190938511,99.75728155339806,125.22572815533981,38.18770226537217,4.4627831715210355,1.4271844660194175
ref,torsion_raw,torsion_raw_chembl_count,chembl_count,1236,1230,56.99757281553398,12.7831715210356,35.11326860841424,60.27508090614887,97.89644012944983,41.53821138211382,18.160162601626016,3.034959349593496,1.2975609756097561
ref,torsion_raw,torsion_raw_dynamic,dynamic,1236,1235,69.57766990291262,21.92556634304207,44.1747572815534,65.37216828478964,99.02912621359224,48.6412955465587,21.647773279352226,3.4615384615384617,1.3287449392712551
ref,torsion_raw,torsion_raw_fixed,fixed,1236,1236,897.9514563106796,33.17152103559871,58.81877022653722,77.66990291262135,99.27184466019418,255.69498381877023,61.545307443365694,4.82200647249191,1.4530744336569579
ref,chembl3d_gt_pb,chembl3d_gt_pb,reference,1236,1236,66.1868932038835,28.074433656957932,59.46601941747572,78.72168284789643,97.49190938511327,21.87864077669903,7.296925566343042,1.935275080906149,1.1674757281553398
