cohort,key,descriptor,group,n,hits,hit
core,qwen_1p7b_fsq_bigdata_step47023,size,<20,39,39,100.0
core,qwen_1p7b_fsq_bigdata_step47023,size,20–29,41,38,92.6829268292683
core,qwen_1p7b_fsq_bigdata_step47023,size,30–39,12,8,66.66666666666666
core,qwen_1p7b_fsq_bigdata_step47023,size,≥40,2,1,50.0
core,qwen_1p7b_fsq_bigdata_step47023,rotors,0–3,45,44,97.77777777777777
core,qwen_1p7b_fsq_bigdata_step47023,rotors,4–6,34,33,97.05882352941177
core,qwen_1p7b_fsq_bigdata_step47023,rotors,7–8,11,6,54.54545454545454
core,qwen_1p7b_fsq_bigdata_step47023,rotors,≥9,4,3,75.0
core,loqi_raw,size,<20,39,39,100.0
core,loqi_raw,size,20–29,41,35,85.36585365853658
core,loqi_raw,size,30–39,12,7,58.333333333333336
core,loqi_raw,size,≥40,2,0,0.0
core,loqi_raw,rotors,0–3,45,44,97.77777777777777
core,loqi_raw,rotors,4–6,34,30,88.23529411764706
core,loqi_raw,rotors,7–8,11,5,45.45454545454545
core,loqi_raw,rotors,≥9,4,2,50.0
core,flowr_raw,size,<20,39,39,100.0
core,flowr_raw,size,20–29,41,38,92.6829268292683
core,flowr_raw,size,30–39,12,4,33.33333333333333
core,flowr_raw,size,≥40,2,0,0.0
core,flowr_raw,rotors,0–3,45,44,97.77777777777777
core,flowr_raw,rotors,4–6,34,30,88.23529411764706
core,flowr_raw,rotors,7–8,11,6,54.54545454545454
core,flowr_raw,rotors,≥9,4,1,25.0
core,torsional_diffusion_raw,size,<20,39,39,100.0
core,torsional_diffusion_raw,size,20–29,41,38,92.6829268292683
core,torsional_diffusion_raw,size,30–39,12,7,58.333333333333336
core,torsional_diffusion_raw,size,≥40,2,0,0.0
core,torsional_diffusion_raw,rotors,0–3,45,44,97.77777777777777
core,torsional_diffusion_raw,rotors,4–6,34,33,97.05882352941177
core,torsional_diffusion_raw,rotors,7–8,11,6,54.54545454545454
core,torsional_diffusion_raw,rotors,≥9,4,1,25.0
core,mcf_drugs_l_raw,size,<20,39,38,97.43589743589743
core,mcf_drugs_l_raw,size,20–29,41,37,90.2439024390244
core,mcf_drugs_l_raw,size,30–39,12,5,41.66666666666667
core,mcf_drugs_l_raw,size,≥40,2,1,50.0
core,mcf_drugs_l_raw,rotors,0–3,45,42,93.33333333333333
core,mcf_drugs_l_raw,rotors,4–6,34,29,85.29411764705883
core,mcf_drugs_l_raw,rotors,7–8,11,8,72.72727272727273
core,mcf_drugs_l_raw,rotors,≥9,4,2,50.0
core,nextmol_dmt_l_raw,size,<20,39,37,94.87179487179486
core,nextmol_dmt_l_raw,size,20–29,41,38,92.6829268292683
core,nextmol_dmt_l_raw,size,30–39,12,6,50.0
core,nextmol_dmt_l_raw,size,≥40,2,0,0.0
core,nextmol_dmt_l_raw,rotors,0–3,45,42,93.33333333333333
core,nextmol_dmt_l_raw,rotors,4–6,34,30,88.23529411764706
core,nextmol_dmt_l_raw,rotors,7–8,11,7,63.63636363636363
core,nextmol_dmt_l_raw,rotors,≥9,4,2,50.0
core,rdkit_random_raw,size,<20,39,37,94.87179487179486
core,rdkit_random_raw,size,20–29,41,34,82.92682926829268
core,rdkit_random_raw,size,30–39,12,5,41.66666666666667
core,rdkit_random_raw,size,≥40,2,0,0.0
core,rdkit_random_raw,rotors,0–3,45,42,93.33333333333333
core,rdkit_random_raw,rotors,4–6,34,29,85.29411764705883
core,rdkit_random_raw,rotors,7–8,11,5,45.45454545454545
core,rdkit_random_raw,rotors,≥9,4,0,0.0
core,torsion_raw,size,<20,39,38,97.43589743589743
core,torsion_raw,size,20–29,41,32,78.04878048780488
core,torsion_raw,size,30–39,12,4,33.33333333333333
core,torsion_raw,size,≥40,2,0,0.0
core,torsion_raw,rotors,0–3,45,42,93.33333333333333
core,torsion_raw,rotors,4–6,34,26,76.47058823529412
core,torsion_raw,rotors,7–8,11,4,36.36363636363637
core,torsion_raw,rotors,≥9,4,2,50.0
core,chembl3d_gt_pb,size,<20,39,37,94.87179487179486
core,chembl3d_gt_pb,size,20–29,41,32,78.04878048780488
core,chembl3d_gt_pb,size,30–39,12,5,41.66666666666667
core,chembl3d_gt_pb,size,≥40,2,0,0.0
core,chembl3d_gt_pb,rotors,0–3,45,41,91.11111111111111
core,chembl3d_gt_pb,rotors,4–6,34,30,88.23529411764706
core,chembl3d_gt_pb,rotors,7–8,11,3,27.27272727272727
core,chembl3d_gt_pb,rotors,≥9,4,0,0.0
ref,qwen_1p7b_fsq_bigdata_step47023,size,<20,547,545,99.6343692870201
ref,qwen_1p7b_fsq_bigdata_step47023,size,20–29,513,481,93.76218323586744
ref,qwen_1p7b_fsq_bigdata_step47023,size,30–39,152,109,71.71052631578947
ref,qwen_1p7b_fsq_bigdata_step47023,size,≥40,24,8,33.33333333333333
ref,qwen_1p7b_fsq_bigdata_step47023,rotors,0–3,637,633,99.37205651491365
ref,qwen_1p7b_fsq_bigdata_step47023,rotors,4–6,440,414,94.0909090909091
ref,qwen_1p7b_fsq_bigdata_step47023,rotors,7–8,108,79,73.14814814814815
ref,qwen_1p7b_fsq_bigdata_step47023,rotors,≥9,51,17,33.33333333333333
ref,loqi_raw,size,<20,547,535,97.80621572212065
ref,loqi_raw,size,20–29,513,433,84.40545808966861
ref,loqi_raw,size,30–39,152,98,64.47368421052632
ref,loqi_raw,size,≥40,24,7,29.166666666666668
ref,loqi_raw,rotors,0–3,637,619,97.17425431711146
ref,loqi_raw,rotors,4–6,440,374,85.0
ref,loqi_raw,rotors,7–8,108,65,60.18518518518518
ref,loqi_raw,rotors,≥9,51,15,29.411764705882355
ref,flowr_raw,size,<20,547,528,96.52650822669105
ref,flowr_raw,size,20–29,513,466,90.83820662768031
ref,flowr_raw,size,30–39,152,63,41.44736842105263
ref,flowr_raw,size,≥40,24,0,0.0
ref,flowr_raw,rotors,0–3,637,631,99.05808477237049
ref,flowr_raw,rotors,4–6,440,375,85.22727272727273
ref,flowr_raw,rotors,7–8,108,46,42.592592592592595
ref,flowr_raw,rotors,≥9,51,5,9.803921568627452
ref,torsional_diffusion_raw,size,<20,547,535,97.80621572212065
ref,torsional_diffusion_raw,size,20–29,513,440,85.7699805068226
ref,torsional_diffusion_raw,size,30–39,152,90,59.210526315789465
ref,torsional_diffusion_raw,size,≥40,24,1,4.166666666666666
ref,torsional_diffusion_raw,rotors,0–3,637,633,99.37205651491365
ref,torsional_diffusion_raw,rotors,4–6,440,384,87.27272727272727
ref,torsional_diffusion_raw,rotors,7–8,108,47,43.51851851851852
ref,torsional_diffusion_raw,rotors,≥9,51,2,3.9215686274509802
ref,mcf_drugs_l_raw,size,<20,547,529,96.70932358318099
ref,mcf_drugs_l_raw,size,20–29,513,433,84.40545808966861
ref,mcf_drugs_l_raw,size,30–39,152,83,54.60526315789473
ref,mcf_drugs_l_raw,size,≥40,24,1,4.166666666666666
ref,mcf_drugs_l_raw,rotors,0–3,637,625,98.11616954474097
ref,mcf_drugs_l_raw,rotors,4–6,440,366,83.18181818181817
ref,mcf_drugs_l_raw,rotors,7–8,108,52,48.148148148148145
ref,mcf_drugs_l_raw,rotors,≥9,51,3,5.88235294117647
ref,nextmol_dmt_l_raw,size,<20,547,524,95.79524680073126
ref,nextmol_dmt_l_raw,size,20–29,513,434,84.60038986354775
ref,nextmol_dmt_l_raw,size,30–39,152,89,58.55263157894737
ref,nextmol_dmt_l_raw,size,≥40,24,1,4.166666666666666
ref,nextmol_dmt_l_raw,rotors,0–3,637,625,98.11616954474097
ref,nextmol_dmt_l_raw,rotors,4–6,440,364,82.72727272727273
ref,nextmol_dmt_l_raw,rotors,7–8,108,53,49.074074074074076
ref,nextmol_dmt_l_raw,rotors,≥9,51,6,11.76470588235294
ref,rdkit_random_raw,size,<20,547,520,95.06398537477148
ref,rdkit_random_raw,size,20–29,513,397,77.38791423001949
ref,rdkit_random_raw,size,30–39,152,88,57.89473684210527
ref,rdkit_random_raw,size,≥40,24,2,8.333333333333332
ref,rdkit_random_raw,rotors,0–3,637,599,94.03453689167975
ref,rdkit_random_raw,rotors,4–6,440,349,79.31818181818183
ref,rdkit_random_raw,rotors,7–8,108,52,48.148148148148145
ref,rdkit_random_raw,rotors,≥9,51,7,13.725490196078432
ref,torsion_raw,size,<20,547,529,96.70932358318099
ref,torsion_raw,size,20–29,513,388,75.6335282651072
ref,torsion_raw,size,30–39,152,43,28.289473684210524
ref,torsion_raw,size,≥40,24,0,0.0
ref,torsion_raw,rotors,0–3,637,595,93.4065934065934
ref,torsion_raw,rotors,4–6,440,319,72.5
ref,torsion_raw,rotors,7–8,108,42,38.88888888888889
ref,torsion_raw,rotors,≥9,51,4,7.8431372549019605
ref,chembl3d_gt_pb,size,<20,547,511,93.41864716636198
ref,chembl3d_gt_pb,size,20–29,513,384,74.85380116959064
ref,chembl3d_gt_pb,size,30–39,152,76,50.0
ref,chembl3d_gt_pb,size,≥40,24,2,8.333333333333332
ref,chembl3d_gt_pb,rotors,0–3,637,600,94.19152276295134
ref,chembl3d_gt_pb,rotors,4–6,440,324,73.63636363636363
ref,chembl3d_gt_pb,rotors,7–8,108,40,37.03703703703704
ref,chembl3d_gt_pb,rotors,≥9,51,9,17.647058823529413
