mol_id,method,casf_best_rmsd,casf_hit_0p75,post_pb_confs,recovered,label
1bcu_1bcu_conf0,qwen_1p7b_fsq_bigdata_step47023_fixed,0.0378126465095547,1.0,1000,1,Qwen 1.7B FSQ
1c5z_1c5z_conf0,qwen_1p7b_fsq_bigdata_step47023_fixed,0.0447571429310664,1.0,1000,1,Qwen 1.7B FSQ
1lpg_1lpg_conf0,qwen_1p7b_fsq_bigdata_step47023_fixed,0.6954406844518337,1.0,924,1,Qwen 1.7B FSQ
1mq6_1mq6_conf0,qwen_1p7b_fsq_bigdata_step47023_fixed,1.094868926312366,0.0,802,0,Qwen 1.7B FSQ
1nc3_1nc3_conf0,qwen_1p7b_fsq_bigdata_step47023_fixed,0.408299313358074,1.0,937,1,Qwen 1.7B FSQ
1o3f_1o3f_conf0,qwen_1p7b_fsq_bigdata_step47023_fixed,0.2198914979091688,1.0,1000,1,Qwen 1.7B FSQ
1o5b_1o5b_conf0,qwen_1p7b_fsq_bigdata_step47023_fixed,0.0753183859890712,1.0,1000,1,Qwen 1.7B FSQ
1owh_1owh_conf0,qwen_1p7b_fsq_bigdata_step47023_fixed,0.1604628101675247,1.0,999,1,Qwen 1.7B FSQ
1p1n_1p1n_conf0,qwen_1p7b_fsq_bigdata_step47023_fixed,0.2514333772571184,1.0,762,1,Qwen 1.7B FSQ
1pxn_1pxn_conf0,qwen_1p7b_fsq_bigdata_step47023_fixed,0.1382759403595858,1.0,1000,1,Qwen 1.7B FSQ
1sqa_1sqa_conf0,qwen_1p7b_fsq_bigdata_step47023_fixed,0.5049178573147635,1.0,994,1,Qwen 1.7B FSQ
1uto_1uto_conf0,qwen_1p7b_fsq_bigdata_step47023_fixed,0.0407548638371052,1.0,1000,1,Qwen 1.7B FSQ
1yc1_1yc1_conf0,qwen_1p7b_fsq_bigdata_step47023_fixed,0.2350561636016938,1.0,962,1,Qwen 1.7B FSQ
1ydr_1ydr_conf0,qwen_1p7b_fsq_bigdata_step47023_fixed,0.5055136638487058,1.0,995,1,Qwen 1.7B FSQ
1ydt_1ydt_conf0,qwen_1p7b_fsq_bigdata_step47023_fixed,0.9659451928431936,0.0,965,0,Qwen 1.7B FSQ
1z6e_1z6e_conf0,qwen_1p7b_fsq_bigdata_step47023_fixed,0.6726361337091236,1.0,990,1,Qwen 1.7B FSQ
1z95_1z95_conf0,qwen_1p7b_fsq_bigdata_step47023_fixed,0.4145392513443094,1.0,871,1,Qwen 1.7B FSQ
1z9g_1z9g_conf0,qwen_1p7b_fsq_bigdata_step47023_fixed,0.7002098557053068,1.0,890,1,Qwen 1.7B FSQ
2br1_2br1_conf0,qwen_1p7b_fsq_bigdata_step47023_fixed,0.3485421823132867,1.0,989,1,Qwen 1.7B FSQ
2brb_2brb_conf0,qwen_1p7b_fsq_bigdata_step47023_fixed,0.2159111166018348,1.0,998,1,Qwen 1.7B FSQ
2c3i_2c3i_conf0,qwen_1p7b_fsq_bigdata_step47023_fixed,0.407008977533458,1.0,988,1,Qwen 1.7B FSQ
2fvd_2fvd_conf0,qwen_1p7b_fsq_bigdata_step47023_fixed,0.3795937177323204,1.0,963,1,Qwen 1.7B FSQ
2hb1_2hb1_conf0,qwen_1p7b_fsq_bigdata_step47023_fixed,0.1302581799877396,1.0,910,1,Qwen 1.7B FSQ
2p4y_2p4y_conf0,qwen_1p7b_fsq_bigdata_step47023_fixed,0.7846605610726817,0.0,868,0,Qwen 1.7B FSQ
2pog_2pog_conf0,qwen_1p7b_fsq_bigdata_step47023_fixed,0.1170063969991284,1.0,969,1,Qwen 1.7B FSQ
2qbp_2qbp_conf0,qwen_1p7b_fsq_bigdata_step47023_fixed,0.6112097052699034,1.0,983,1,Qwen 1.7B FSQ
2qbq_2qbq_conf0,qwen_1p7b_fsq_bigdata_step47023_fixed,0.4295577083657269,1.0,965,1,Qwen 1.7B FSQ
2qbr_2qbr_conf0,qwen_1p7b_fsq_bigdata_step47023_fixed,0.6724879757177813,1.0,985,1,Qwen 1.7B FSQ
2v00_2v00_conf0,qwen_1p7b_fsq_bigdata_step47023_fixed,0.2283873697751779,1.0,999,1,Qwen 1.7B FSQ
2wn9_2wn9_conf0,qwen_1p7b_fsq_bigdata_step47023_fixed,0.1787375637546778,1.0,994,1,Qwen 1.7B FSQ
2wtv_2wtv_conf0,qwen_1p7b_fsq_bigdata_step47023_fixed,0.2053467287717335,1.0,1000,1,Qwen 1.7B FSQ
2xdl_2xdl_conf0,qwen_1p7b_fsq_bigdata_step47023_fixed,0.2420415882618125,1.0,1000,1,Qwen 1.7B FSQ
2xnb_2xnb_conf0,qwen_1p7b_fsq_bigdata_step47023_fixed,0.2821340092470405,1.0,1000,1,Qwen 1.7B FSQ
2yfe_2yfe_conf0,qwen_1p7b_fsq_bigdata_step47023_fixed,0.3420683232084581,1.0,989,1,Qwen 1.7B FSQ
2ymd_2ymd_conf0,qwen_1p7b_fsq_bigdata_step47023_fixed,0.0920789990120365,1.0,1000,1,Qwen 1.7B FSQ
2zb1_2zb1_conf0,qwen_1p7b_fsq_bigdata_step47023_fixed,0.3115555314419813,1.0,998,1,Qwen 1.7B FSQ
2zcq_2zcq_conf0,qwen_1p7b_fsq_bigdata_step47023_fixed,0.5833107436845542,1.0,953,1,Qwen 1.7B FSQ
2zcr_2zcr_conf0,qwen_1p7b_fsq_bigdata_step47023_fixed,0.3885881256275099,1.0,961,1,Qwen 1.7B FSQ
2zy1_2zy1_conf0,qwen_1p7b_fsq_bigdata_step47023_fixed,1.070488195727663,0.0,989,0,Qwen 1.7B FSQ
3aru_3aru_conf0,qwen_1p7b_fsq_bigdata_step47023_fixed,0.2709976016968142,1.0,971,1,Qwen 1.7B FSQ
3ary_3ary_conf0,qwen_1p7b_fsq_bigdata_step47023_fixed,0.2034715358311145,1.0,1000,1,Qwen 1.7B FSQ
3b27_3b27_conf0,qwen_1p7b_fsq_bigdata_step47023_fixed,0.0756655199405508,1.0,1000,1,Qwen 1.7B FSQ
3b5r_3b5r_conf0,qwen_1p7b_fsq_bigdata_step47023_fixed,0.5118717066495142,1.0,965,1,Qwen 1.7B FSQ
3b65_3b65_conf0,qwen_1p7b_fsq_bigdata_step47023_fixed,0.2522362620096763,1.0,968,1,Qwen 1.7B FSQ
3bgz_3bgz_conf0,qwen_1p7b_fsq_bigdata_step47023_fixed,0.1013581057090469,1.0,1000,1,Qwen 1.7B FSQ
3cj4_3cj4_conf0,qwen_1p7b_fsq_bigdata_step47023_fixed,0.6282858007912279,1.0,791,1,Qwen 1.7B FSQ
3dd0_3dd0_conf0,qwen_1p7b_fsq_bigdata_step47023_fixed,0.1457913058657031,1.0,1000,1,Qwen 1.7B FSQ
3e92_3e92_conf0,qwen_1p7b_fsq_bigdata_step47023_fixed,0.2661596003144669,1.0,997,1,Qwen 1.7B FSQ
3e93_3e93_conf0,qwen_1p7b_fsq_bigdata_step47023_fixed,0.5943857282268378,1.0,1000,1,Qwen 1.7B FSQ
3ehy_3ehy_conf0,qwen_1p7b_fsq_bigdata_step47023_fixed,0.3644436335279526,1.0,976,1,Qwen 1.7B FSQ
3fcq_3fcq_conf0,qwen_1p7b_fsq_bigdata_step47023_fixed,0.1773205232276413,1.0,916,1,Qwen 1.7B FSQ
3fur_3fur_conf0,qwen_1p7b_fsq_bigdata_step47023_fixed,0.5440187194731171,1.0,977,1,Qwen 1.7B FSQ
3g2z_3g2z_conf0,qwen_1p7b_fsq_bigdata_step47023_fixed,0.1425423666012851,1.0,1000,1,Qwen 1.7B FSQ
3g31_3g31_conf0,qwen_1p7b_fsq_bigdata_step47023_fixed,0.0707555814587851,1.0,960,1,Qwen 1.7B FSQ
3gy4_3gy4_conf0,qwen_1p7b_fsq_bigdata_step47023_fixed,0.0260506803576131,1.0,1000,1,Qwen 1.7B FSQ
3jvs_3jvs_conf0,qwen_1p7b_fsq_bigdata_step47023_fixed,0.7901480577192136,0.0,947,0,Qwen 1.7B FSQ
3k5v_3k5v_conf0,qwen_1p7b_fsq_bigdata_step47023_fixed,0.3690939828580993,1.0,999,1,Qwen 1.7B FSQ
3kgp_3kgp_conf0,qwen_1p7b_fsq_bigdata_step47023_fixed,0.0951341360910261,1.0,1000,1,Qwen 1.7B FSQ
3lka_3lka_conf0,qwen_1p7b_fsq_bigdata_step47023_fixed,0.0937849386735824,1.0,1000,1,Qwen 1.7B FSQ
3nx7_3nx7_conf0,qwen_1p7b_fsq_bigdata_step47023_fixed,0.3036948898488883,1.0,949,1,Qwen 1.7B FSQ
3pxf_3pxf_conf0,qwen_1p7b_fsq_bigdata_step47023_fixed,0.1089106945456137,1.0,976,1,Qwen 1.7B FSQ
3qqs_3qqs_conf0,qwen_1p7b_fsq_bigdata_step47023_fixed,0.1250157412019837,1.0,985,1,Qwen 1.7B FSQ
3rlr_3rlr_conf0,qwen_1p7b_fsq_bigdata_step47023_fixed,0.1166506545186052,1.0,979,1,Qwen 1.7B FSQ
3rsx_3rsx_conf0,qwen_1p7b_fsq_bigdata_step47023_fixed,0.1007293009363163,1.0,1000,1,Qwen 1.7B FSQ
3ryj_3ryj_conf0,qwen_1p7b_fsq_bigdata_step47023_fixed,0.2604858960155517,1.0,998,1,Qwen 1.7B FSQ
3syr_3syr_conf0,qwen_1p7b_fsq_bigdata_step47023_fixed,0.2881683593128801,1.0,871,1,Qwen 1.7B FSQ
3twp_3twp_conf0,qwen_1p7b_fsq_bigdata_step47023_fixed,0.0864673344098836,1.0,1000,1,Qwen 1.7B FSQ
3u5j_3u5j_conf0,qwen_1p7b_fsq_bigdata_step47023_fixed,0.0856645837310894,1.0,999,1,Qwen 1.7B FSQ
3u8n_3u8n_conf0,qwen_1p7b_fsq_bigdata_step47023_fixed,0.1504738391734096,1.0,999,1,Qwen 1.7B FSQ
3uo4_3uo4_conf0,qwen_1p7b_fsq_bigdata_step47023_fixed,0.4032574217847692,1.0,995,1,Qwen 1.7B FSQ
3up2_3up2_conf0,qwen_1p7b_fsq_bigdata_step47023_fixed,0.2418089289176841,1.0,961,1,Qwen 1.7B FSQ
3wtj_3wtj_conf0,qwen_1p7b_fsq_bigdata_step47023_fixed,0.1510479517979622,1.0,997,1,Qwen 1.7B FSQ
3zdg_3zdg_conf0,qwen_1p7b_fsq_bigdata_step47023_fixed,0.3464808435255465,1.0,961,1,Qwen 1.7B FSQ
4ddh_4ddh_conf0,qwen_1p7b_fsq_bigdata_step47023_fixed,0.1243631236050342,1.0,1000,1,Qwen 1.7B FSQ
4ddk_4ddk_conf0,qwen_1p7b_fsq_bigdata_step47023_fixed,0.0369876366568672,1.0,1000,1,Qwen 1.7B FSQ
4eor_4eor_conf0,qwen_1p7b_fsq_bigdata_step47023_fixed,0.4119296914511399,1.0,998,1,Qwen 1.7B FSQ
4f09_4f09_conf0,qwen_1p7b_fsq_bigdata_step47023_fixed,0.0734409164509401,1.0,1000,1,Qwen 1.7B FSQ
4f2w_4f2w_conf0,qwen_1p7b_fsq_bigdata_step47023_fixed,0.766021036249455,0.0,997,0,Qwen 1.7B FSQ
4f9w_4f9w_conf0,qwen_1p7b_fsq_bigdata_step47023_fixed,0.1346653382901439,1.0,1000,1,Qwen 1.7B FSQ
4hge_4hge_conf0,qwen_1p7b_fsq_bigdata_step47023_fixed,0.1449878981386875,1.0,960,1,Qwen 1.7B FSQ
4j21_4j21_conf0,qwen_1p7b_fsq_bigdata_step47023_fixed,0.0639796493692862,1.0,1000,1,Qwen 1.7B FSQ
4j3l_4j3l_conf0,qwen_1p7b_fsq_bigdata_step47023_fixed,0.3878063419805179,1.0,1000,1,Qwen 1.7B FSQ
4jsz_4jsz_conf0,qwen_1p7b_fsq_bigdata_step47023_fixed,0.0821493132643628,1.0,1000,1,Qwen 1.7B FSQ
4jxs_4jxs_conf0,qwen_1p7b_fsq_bigdata_step47023_fixed,0.3663482428773252,1.0,935,1,Qwen 1.7B FSQ
4k18_4k18_conf0,qwen_1p7b_fsq_bigdata_step47023_fixed,0.2417887798692563,1.0,996,1,Qwen 1.7B FSQ
4k77_4k77_conf0,qwen_1p7b_fsq_bigdata_step47023_fixed,0.0647817704104301,1.0,1000,1,Qwen 1.7B FSQ
4kzq_4kzq_conf0,qwen_1p7b_fsq_bigdata_step47023_fixed,0.0558639978112572,1.0,1000,1,Qwen 1.7B FSQ
4kzu_4kzu_conf0,qwen_1p7b_fsq_bigdata_step47023_fixed,0.0727143378358644,1.0,1000,1,Qwen 1.7B FSQ
4llx_4llx_conf0,qwen_1p7b_fsq_bigdata_step47023_fixed,0.0264434872926197,1.0,1000,1,Qwen 1.7B FSQ
4lzs_4lzs_conf0,qwen_1p7b_fsq_bigdata_step47023_fixed,0.1958152749476205,1.0,1000,1,Qwen 1.7B FSQ
4mgd_4mgd_conf0,qwen_1p7b_fsq_bigdata_step47023_fixed,0.1030035127176258,1.0,999,1,Qwen 1.7B FSQ
4ogj_4ogj_conf0,qwen_1p7b_fsq_bigdata_step47023_fixed,0.7862543256355228,0.0,850,0,Qwen 1.7B FSQ
5c28_5c28_conf0,qwen_1p7b_fsq_bigdata_step47023_fixed,0.0420280261491185,1.0,1000,1,Qwen 1.7B FSQ
5c2h_5c2h_conf0,qwen_1p7b_fsq_bigdata_step47023_fixed,0.9900071405905588,0.0,957,0,Qwen 1.7B FSQ
1bcu_1bcu_conf0,torsional_diffusion_raw_fixed,0.0700026891980126,1.0,1000,1,Torsional Diffusion
1c5z_1c5z_conf0,torsional_diffusion_raw_fixed,0.0445083117360444,1.0,1000,1,Torsional Diffusion
1lpg_1lpg_conf0,torsional_diffusion_raw_fixed,1.5575089887842193,0.0,790,0,Torsional Diffusion
1mq6_1mq6_conf0,torsional_diffusion_raw_fixed,1.1491514325477727,0.0,402,0,Torsional Diffusion
1nc3_1nc3_conf0,torsional_diffusion_raw_fixed,0.364875701398378,1.0,995,1,Torsional Diffusion
1o3f_1o3f_conf0,torsional_diffusion_raw_fixed,0.1467320646798439,1.0,994,1,Torsional Diffusion
1o5b_1o5b_conf0,torsional_diffusion_raw_fixed,0.0753765293114792,1.0,1000,1,Torsional Diffusion
1owh_1owh_conf0,torsional_diffusion_raw_fixed,0.2173014995440551,1.0,645,1,Torsional Diffusion
1p1n_1p1n_conf0,torsional_diffusion_raw_fixed,0.3577181052851985,1.0,587,1,Torsional Diffusion
1pxn_1pxn_conf0,torsional_diffusion_raw_fixed,0.1121906919194336,1.0,989,1,Torsional Diffusion
1sqa_1sqa_conf0,torsional_diffusion_raw_fixed,0.490280149449895,1.0,525,1,Torsional Diffusion
1uto_1uto_conf0,torsional_diffusion_raw_fixed,0.0742396000364341,1.0,991,1,Torsional Diffusion
1yc1_1yc1_conf0,torsional_diffusion_raw_fixed,0.3404766496546452,1.0,988,1,Torsional Diffusion
1ydr_1ydr_conf0,torsional_diffusion_raw_fixed,0.3251126624762785,1.0,936,1,Torsional Diffusion
1ydt_1ydt_conf0,torsional_diffusion_raw_fixed,0.6242877259434314,1.0,566,1,Torsional Diffusion
1z6e_1z6e_conf0,torsional_diffusion_raw_fixed,1.0560686849198693,0.0,685,0,Torsional Diffusion
1z95_1z95_conf0,torsional_diffusion_raw_fixed,0.2986447420847199,1.0,898,1,Torsional Diffusion
1z9g_1z9g_conf0,torsional_diffusion_raw_fixed,0.4652590885978829,1.0,930,1,Torsional Diffusion
2br1_2br1_conf0,torsional_diffusion_raw_fixed,0.2573242605976942,1.0,987,1,Torsional Diffusion
2brb_2brb_conf0,torsional_diffusion_raw_fixed,0.2422148028166085,1.0,983,1,Torsional Diffusion
2c3i_2c3i_conf0,torsional_diffusion_raw_fixed,0.3182158406329927,1.0,998,1,Torsional Diffusion
2fvd_2fvd_conf0,torsional_diffusion_raw_fixed,0.6505197441025167,1.0,930,1,Torsional Diffusion
2hb1_2hb1_conf0,torsional_diffusion_raw_fixed,0.3043274516621173,1.0,820,1,Torsional Diffusion
2p4y_2p4y_conf0,torsional_diffusion_raw_fixed,1.188215949872941,0.0,868,0,Torsional Diffusion
2pog_2pog_conf0,torsional_diffusion_raw_fixed,0.1516457267767372,1.0,951,1,Torsional Diffusion
2qbp_2qbp_conf0,torsional_diffusion_raw_fixed,1.096442552785442,0.0,558,0,Torsional Diffusion
2qbq_2qbq_conf0,torsional_diffusion_raw_fixed,0.6104411043186412,1.0,698,1,Torsional Diffusion
2qbr_2qbr_conf0,torsional_diffusion_raw_fixed,0.7280762382960273,1.0,761,1,Torsional Diffusion
2v00_2v00_conf0,torsional_diffusion_raw_fixed,0.0862491486479573,1.0,998,1,Torsional Diffusion
2wn9_2wn9_conf0,torsional_diffusion_raw_fixed,0.3365378504779819,1.0,781,1,Torsional Diffusion
2wtv_2wtv_conf0,torsional_diffusion_raw_fixed,0.4626785795760393,1.0,887,1,Torsional Diffusion
2xdl_2xdl_conf0,torsional_diffusion_raw_fixed,0.2839765836710847,1.0,991,1,Torsional Diffusion
2xnb_2xnb_conf0,torsional_diffusion_raw_fixed,0.2732529062988708,1.0,987,1,Torsional Diffusion
2yfe_2yfe_conf0,torsional_diffusion_raw_fixed,0.5056326808600448,1.0,830,1,Torsional Diffusion
2ymd_2ymd_conf0,torsional_diffusion_raw_fixed,0.1167219411712956,1.0,986,1,Torsional Diffusion
2zb1_2zb1_conf0,torsional_diffusion_raw_fixed,0.2431594912770471,1.0,996,1,Torsional Diffusion
2zcq_2zcq_conf0,torsional_diffusion_raw_fixed,0.9605034768933808,0.0,562,0,Torsional Diffusion
2zcr_2zcr_conf0,torsional_diffusion_raw_fixed,0.904300989571704,0.0,517,0,Torsional Diffusion
2zy1_2zy1_conf0,torsional_diffusion_raw_fixed,1.2081901987636188,0.0,656,0,Torsional Diffusion
3aru_3aru_conf0,torsional_diffusion_raw_fixed,0.3691875716842065,1.0,942,1,Torsional Diffusion
3ary_3ary_conf0,torsional_diffusion_raw_fixed,0.1866776977634175,1.0,1000,1,Torsional Diffusion
3b27_3b27_conf0,torsional_diffusion_raw_fixed,0.2977725010052605,1.0,1000,1,Torsional Diffusion
3b5r_3b5r_conf0,torsional_diffusion_raw_fixed,0.4259962670182683,1.0,948,1,Torsional Diffusion
3b65_3b65_conf0,torsional_diffusion_raw_fixed,0.3035569123144768,1.0,952,1,Torsional Diffusion
3bgz_3bgz_conf0,torsional_diffusion_raw_fixed,0.1125703618505472,1.0,998,1,Torsional Diffusion
3cj4_3cj4_conf0,torsional_diffusion_raw_fixed,0.7249992260750514,1.0,695,1,Torsional Diffusion
3dd0_3dd0_conf0,torsional_diffusion_raw_fixed,0.1892903112054091,1.0,1000,1,Torsional Diffusion
3e92_3e92_conf0,torsional_diffusion_raw_fixed,0.2786040479148037,1.0,958,1,Torsional Diffusion
3e93_3e93_conf0,torsional_diffusion_raw_fixed,0.7207244828213711,1.0,474,1,Torsional Diffusion
3ehy_3ehy_conf0,torsional_diffusion_raw_fixed,0.3893445166604543,1.0,914,1,Torsional Diffusion
3fcq_3fcq_conf0,torsional_diffusion_raw_fixed,0.1323958169264267,1.0,946,1,Torsional Diffusion
3fur_3fur_conf0,torsional_diffusion_raw_fixed,0.5326862237788091,1.0,987,1,Torsional Diffusion
3g2z_3g2z_conf0,torsional_diffusion_raw_fixed,0.2235225058721796,1.0,980,1,Torsional Diffusion
3g31_3g31_conf0,torsional_diffusion_raw_fixed,0.1018881569148874,1.0,994,1,Torsional Diffusion
3gy4_3gy4_conf0,torsional_diffusion_raw_fixed,0.0495811173165829,1.0,1000,1,Torsional Diffusion
3jvs_3jvs_conf0,torsional_diffusion_raw_fixed,0.758540678244328,0.0,504,0,Torsional Diffusion
3k5v_3k5v_conf0,torsional_diffusion_raw_fixed,0.266119244751006,1.0,999,1,Torsional Diffusion
3kgp_3kgp_conf0,torsional_diffusion_raw_fixed,0.1117027508937569,1.0,996,1,Torsional Diffusion
3lka_3lka_conf0,torsional_diffusion_raw_fixed,0.1363698095430502,1.0,1000,1,Torsional Diffusion
3nx7_3nx7_conf0,torsional_diffusion_raw_fixed,0.4440173338326581,1.0,747,1,Torsional Diffusion
3pxf_3pxf_conf0,torsional_diffusion_raw_fixed,0.2386945035036253,1.0,495,1,Torsional Diffusion
3qqs_3qqs_conf0,torsional_diffusion_raw_fixed,0.2925477086749672,1.0,853,1,Torsional Diffusion
3rlr_3rlr_conf0,torsional_diffusion_raw_fixed,0.2130805018768838,1.0,967,1,Torsional Diffusion
3rsx_3rsx_conf0,torsional_diffusion_raw_fixed,0.057249265816749,1.0,1000,1,Torsional Diffusion
3ryj_3ryj_conf0,torsional_diffusion_raw_fixed,0.2427659144518459,1.0,998,1,Torsional Diffusion
3syr_3syr_conf0,torsional_diffusion_raw_fixed,0.262463195927767,1.0,966,1,Torsional Diffusion
3twp_3twp_conf0,torsional_diffusion_raw_fixed,0.0495111277416019,1.0,1000,1,Torsional Diffusion
3u5j_3u5j_conf0,torsional_diffusion_raw_fixed,0.2507259826270726,1.0,915,1,Torsional Diffusion
3u8n_3u8n_conf0,torsional_diffusion_raw_fixed,0.4083061382174877,1.0,960,1,Torsional Diffusion
3uo4_3uo4_conf0,torsional_diffusion_raw_fixed,0.3852035829372241,1.0,971,1,Torsional Diffusion
3up2_3up2_conf0,torsional_diffusion_raw_fixed,0.4001964817298326,1.0,974,1,Torsional Diffusion
3wtj_3wtj_conf0,torsional_diffusion_raw_fixed,0.2720493801104651,1.0,822,1,Torsional Diffusion
3zdg_3zdg_conf0,torsional_diffusion_raw_fixed,0.2938950041972711,1.0,887,1,Torsional Diffusion
4ddh_4ddh_conf0,torsional_diffusion_raw_fixed,0.2227403884783829,1.0,999,1,Torsional Diffusion
4ddk_4ddk_conf0,torsional_diffusion_raw_fixed,0.054283443966178,1.0,1000,1,Torsional Diffusion
4eor_4eor_conf0,torsional_diffusion_raw_fixed,0.4994385041569467,1.0,989,1,Torsional Diffusion
4f09_4f09_conf0,torsional_diffusion_raw_fixed,0.1279939279413038,1.0,857,1,Torsional Diffusion
4f2w_4f2w_conf0,torsional_diffusion_raw_fixed,0.6238348934711645,1.0,963,1,Torsional Diffusion
4f9w_4f9w_conf0,torsional_diffusion_raw_fixed,0.1376495253922067,1.0,993,1,Torsional Diffusion
4hge_4hge_conf0,torsional_diffusion_raw_fixed,0.2913980670841594,1.0,782,1,Torsional Diffusion
4j21_4j21_conf0,torsional_diffusion_raw_fixed,0.0928029151677101,1.0,1000,1,Torsional Diffusion
4j3l_4j3l_conf0,torsional_diffusion_raw_fixed,0.3487234934323363,1.0,989,1,Torsional Diffusion
4jsz_4jsz_conf0,torsional_diffusion_raw_fixed,0.0873615754758558,1.0,1000,1,Torsional Diffusion
4jxs_4jxs_conf0,torsional_diffusion_raw_fixed,0.3936904202035113,1.0,867,1,Torsional Diffusion
4k18_4k18_conf0,torsional_diffusion_raw_fixed,0.1852804116071986,1.0,804,1,Torsional Diffusion
4k77_4k77_conf0,torsional_diffusion_raw_fixed,0.1370568135592737,1.0,925,1,Torsional Diffusion
4kzq_4kzq_conf0,torsional_diffusion_raw_fixed,0.0814106481770671,1.0,1000,1,Torsional Diffusion
4kzu_4kzu_conf0,torsional_diffusion_raw_fixed,0.0715713053654013,1.0,1000,1,Torsional Diffusion
4llx_4llx_conf0,torsional_diffusion_raw_fixed,0.0340098623047461,1.0,1000,1,Torsional Diffusion
4lzs_4lzs_conf0,torsional_diffusion_raw_fixed,0.1267037052388801,1.0,923,1,Torsional Diffusion
4mgd_4mgd_conf0,torsional_diffusion_raw_fixed,0.1494796802687844,1.0,997,1,Torsional Diffusion
4ogj_4ogj_conf0,torsional_diffusion_raw_fixed,0.614350052120657,1.0,541,1,Torsional Diffusion
5c28_5c28_conf0,torsional_diffusion_raw_fixed,0.0594526753573235,1.0,1000,1,Torsional Diffusion
5c2h_5c2h_conf0,torsional_diffusion_raw_fixed,1.6828721064120646,0.0,717,0,Torsional Diffusion
1bcu_1bcu_conf0,loqi_raw_fixed,0.0394321894803238,1.0,1000,1,LoQI
1c5z_1c5z_conf0,loqi_raw_fixed,0.040221362439458,1.0,1000,1,LoQI
1lpg_1lpg_conf0,loqi_raw_fixed,1.4673053124884,0.0,1000,0,LoQI
1mq6_1mq6_conf0,loqi_raw_fixed,1.2852034993681565,0.0,1000,0,LoQI
1nc3_1nc3_conf0,loqi_raw_fixed,0.4222848684941226,1.0,999,1,LoQI
1o3f_1o3f_conf0,loqi_raw_fixed,0.1908614471327527,1.0,1000,1,LoQI
1o5b_1o5b_conf0,loqi_raw_fixed,0.0604153312592652,1.0,1000,1,LoQI
1owh_1owh_conf0,loqi_raw_fixed,0.1904418658186114,1.0,1000,1,LoQI
1p1n_1p1n_conf0,loqi_raw_fixed,0.1411985868762212,1.0,987,1,LoQI
1pxn_1pxn_conf0,loqi_raw_fixed,0.298499083392264,1.0,1000,1,LoQI
1sqa_1sqa_conf0,loqi_raw_fixed,0.4094413246564468,1.0,1000,1,LoQI
1uto_1uto_conf0,loqi_raw_fixed,0.0944228512130025,1.0,1000,1,LoQI
1yc1_1yc1_conf0,loqi_raw_fixed,0.215892125498248,1.0,1000,1,LoQI
1ydr_1ydr_conf0,loqi_raw_fixed,0.7253436176194098,1.0,998,1,LoQI
1ydt_1ydt_conf0,loqi_raw_fixed,0.3615691957951479,1.0,1000,1,LoQI
1z6e_1z6e_conf0,loqi_raw_fixed,0.8825259013625942,0.0,1000,0,LoQI
1z95_1z95_conf0,loqi_raw_fixed,0.3825704880621074,1.0,1000,1,LoQI
1z9g_1z9g_conf0,loqi_raw_fixed,0.2878676494067361,1.0,1000,1,LoQI
2br1_2br1_conf0,loqi_raw_fixed,0.2547179893056031,1.0,1000,1,LoQI
2brb_2brb_conf0,loqi_raw_fixed,0.1703329417229646,1.0,1000,1,LoQI
2c3i_2c3i_conf0,loqi_raw_fixed,0.3186649636492248,1.0,1000,1,LoQI
2fvd_2fvd_conf0,loqi_raw_fixed,0.2406627790203591,1.0,1000,1,LoQI
2hb1_2hb1_conf0,loqi_raw_fixed,0.1155747211692607,1.0,1000,1,LoQI
2p4y_2p4y_conf0,loqi_raw_fixed,0.8589816445312501,0.0,995,0,LoQI
2pog_2pog_conf0,loqi_raw_fixed,0.1933931799550619,1.0,999,1,LoQI
2qbp_2qbp_conf0,loqi_raw_fixed,0.5295100389965435,1.0,1000,1,LoQI
2qbq_2qbq_conf0,loqi_raw_fixed,0.381390170897683,1.0,1000,1,LoQI
2qbr_2qbr_conf0,loqi_raw_fixed,0.6481908781941357,1.0,1000,1,LoQI
2v00_2v00_conf0,loqi_raw_fixed,0.1744014667158238,1.0,1000,1,LoQI
2wn9_2wn9_conf0,loqi_raw_fixed,0.2763499874791135,1.0,999,1,LoQI
2wtv_2wtv_conf0,loqi_raw_fixed,0.1517111563254686,1.0,1000,1,LoQI
2xdl_2xdl_conf0,loqi_raw_fixed,0.2005454522949943,1.0,1000,1,LoQI
2xnb_2xnb_conf0,loqi_raw_fixed,0.3247686850399497,1.0,1000,1,LoQI
2yfe_2yfe_conf0,loqi_raw_fixed,0.796042940082735,0.0,1000,0,LoQI
2ymd_2ymd_conf0,loqi_raw_fixed,0.0874630784642472,1.0,1000,1,LoQI
2zb1_2zb1_conf0,loqi_raw_fixed,0.3207207297012198,1.0,1000,1,LoQI
2zcq_2zcq_conf0,loqi_raw_fixed,1.261193654592026,0.0,997,0,LoQI
2zcr_2zcr_conf0,loqi_raw_fixed,0.8523287239695208,0.0,994,0,LoQI
2zy1_2zy1_conf0,loqi_raw_fixed,1.4652583406417998,0.0,1000,0,LoQI
3aru_3aru_conf0,loqi_raw_fixed,0.4520465699928401,1.0,1000,1,LoQI
3ary_3ary_conf0,loqi_raw_fixed,0.4945611380513126,1.0,1000,1,LoQI
3b27_3b27_conf0,loqi_raw_fixed,0.1297759849423528,1.0,1000,1,LoQI
3b5r_3b5r_conf0,loqi_raw_fixed,0.3646022652129675,1.0,1000,1,LoQI
3b65_3b65_conf0,loqi_raw_fixed,0.158626626535539,1.0,1000,1,LoQI
3bgz_3bgz_conf0,loqi_raw_fixed,0.1070715323079446,1.0,1000,1,LoQI
3cj4_3cj4_conf0,loqi_raw_fixed,1.0053169858210127,0.0,1000,0,LoQI
3dd0_3dd0_conf0,loqi_raw_fixed,0.4794579103531478,1.0,1000,1,LoQI
3e92_3e92_conf0,loqi_raw_fixed,0.2128560702879218,1.0,1000,1,LoQI
3e93_3e93_conf0,loqi_raw_fixed,0.39520085955657,1.0,1000,1,LoQI
3ehy_3ehy_conf0,loqi_raw_fixed,0.3726382605081075,1.0,1000,1,LoQI
3fcq_3fcq_conf0,loqi_raw_fixed,0.0902259395764313,1.0,1000,1,LoQI
3fur_3fur_conf0,loqi_raw_fixed,0.8452301850797478,0.0,1000,0,LoQI
3g2z_3g2z_conf0,loqi_raw_fixed,0.1045005509537209,1.0,1000,1,LoQI
3g31_3g31_conf0,loqi_raw_fixed,0.0441164660027714,1.0,975,1,LoQI
3gy4_3gy4_conf0,loqi_raw_fixed,0.0275699562037065,1.0,1000,1,LoQI
3jvs_3jvs_conf0,loqi_raw_fixed,1.0344128737130371,0.0,1000,0,LoQI
3k5v_3k5v_conf0,loqi_raw_fixed,0.365263437218021,1.0,1000,1,LoQI
3kgp_3kgp_conf0,loqi_raw_fixed,0.1089483521111155,1.0,1000,1,LoQI
3lka_3lka_conf0,loqi_raw_fixed,0.1148380565641625,1.0,1000,1,LoQI
3nx7_3nx7_conf0,loqi_raw_fixed,0.3661840825665265,1.0,1000,1,LoQI
3pxf_3pxf_conf0,loqi_raw_fixed,0.089977441360011,1.0,1000,1,LoQI
3qqs_3qqs_conf0,loqi_raw_fixed,0.1192559792550433,1.0,1000,1,LoQI
3rlr_3rlr_conf0,loqi_raw_fixed,0.0874316392848557,1.0,1000,1,LoQI
3rsx_3rsx_conf0,loqi_raw_fixed,0.0982807852080268,1.0,1000,1,LoQI
3ryj_3ryj_conf0,loqi_raw_fixed,0.2275731779513268,1.0,1000,1,LoQI
3syr_3syr_conf0,loqi_raw_fixed,0.2364343483130745,1.0,1000,1,LoQI
3twp_3twp_conf0,loqi_raw_fixed,0.0739095204475164,1.0,1000,1,LoQI
3u5j_3u5j_conf0,loqi_raw_fixed,0.1247794023610886,1.0,1000,1,LoQI
3u8n_3u8n_conf0,loqi_raw_fixed,0.1316416625692809,1.0,1000,1,LoQI
3uo4_3uo4_conf0,loqi_raw_fixed,0.4030194845564033,1.0,1000,1,LoQI
3up2_3up2_conf0,loqi_raw_fixed,0.3466616275129296,1.0,1000,1,LoQI
3wtj_3wtj_conf0,loqi_raw_fixed,0.1767832434115598,1.0,1000,1,LoQI
3zdg_3zdg_conf0,loqi_raw_fixed,0.1770386077886452,1.0,995,1,LoQI
4ddh_4ddh_conf0,loqi_raw_fixed,0.1602060893632637,1.0,1000,1,LoQI
4ddk_4ddk_conf0,loqi_raw_fixed,0.06452116493385,1.0,1000,1,LoQI
4eor_4eor_conf0,loqi_raw_fixed,0.2690911762326157,1.0,1000,1,LoQI
4f09_4f09_conf0,loqi_raw_fixed,0.0973698554827982,1.0,1000,1,LoQI
4f2w_4f2w_conf0,loqi_raw_fixed,0.4567870472437262,1.0,1000,1,LoQI
4f9w_4f9w_conf0,loqi_raw_fixed,0.1208535824130173,1.0,1000,1,LoQI
4hge_4hge_conf0,loqi_raw_fixed,0.1164977720171303,1.0,1000,1,LoQI
4j21_4j21_conf0,loqi_raw_fixed,0.0643389347309839,1.0,1000,1,LoQI
4j3l_4j3l_conf0,loqi_raw_fixed,0.3233044951463649,1.0,1000,1,LoQI
4jsz_4jsz_conf0,loqi_raw_fixed,0.1273518096669406,1.0,1000,1,LoQI
4jxs_4jxs_conf0,loqi_raw_fixed,0.9343777269375184,0.0,1000,0,LoQI
4k18_4k18_conf0,loqi_raw_fixed,0.0820962185257147,1.0,1000,1,LoQI
4k77_4k77_conf0,loqi_raw_fixed,0.0635644992657851,1.0,1000,1,LoQI
4kzq_4kzq_conf0,loqi_raw_fixed,0.0782167326515724,1.0,1000,1,LoQI
4kzu_4kzu_conf0,loqi_raw_fixed,0.062443895468657,1.0,1000,1,LoQI
4llx_4llx_conf0,loqi_raw_fixed,0.0387418714805116,1.0,1000,1,LoQI
4lzs_4lzs_conf0,loqi_raw_fixed,0.132694608603244,1.0,1000,1,LoQI
4mgd_4mgd_conf0,loqi_raw_fixed,0.1565052907571696,1.0,1000,1,LoQI
4ogj_4ogj_conf0,loqi_raw_fixed,0.4873046613223499,1.0,1000,1,LoQI
5c28_5c28_conf0,loqi_raw_fixed,0.0421382754598194,1.0,1000,1,LoQI
5c2h_5c2h_conf0,loqi_raw_fixed,1.329996691728866,0.0,1000,0,LoQI
1bcu_1bcu_conf0,rdkit_random_raw_fixed,0.0712157621564295,1.0,1000,1,RDKit raw
1c5z_1c5z_conf0,rdkit_random_raw_fixed,0.1684517922902153,1.0,1000,1,RDKit raw
1lpg_1lpg_conf0,rdkit_random_raw_fixed,0.9563817097902482,0.0,1000,0,RDKit raw
1mq6_1mq6_conf0,rdkit_random_raw_fixed,1.0222095295189433,0.0,1000,0,RDKit raw
1nc3_1nc3_conf0,rdkit_random_raw_fixed,0.8438497530247542,0.0,1000,0,RDKit raw
1o3f_1o3f_conf0,rdkit_random_raw_fixed,0.2204809495749321,1.0,1000,1,RDKit raw
1o5b_1o5b_conf0,rdkit_random_raw_fixed,0.2016623670118301,1.0,1000,1,RDKit raw
1owh_1owh_conf0,rdkit_random_raw_fixed,0.450478388155105,1.0,1000,1,RDKit raw
1p1n_1p1n_conf0,rdkit_random_raw_fixed,0.2330087225931988,1.0,1000,1,RDKit raw
1pxn_1pxn_conf0,rdkit_random_raw_fixed,0.1529812697742953,1.0,1000,1,RDKit raw
1sqa_1sqa_conf0,rdkit_random_raw_fixed,0.7602919969253246,0.0,1000,0,RDKit raw
1uto_1uto_conf0,rdkit_random_raw_fixed,0.1529298749843564,1.0,1000,1,RDKit raw
1yc1_1yc1_conf0,rdkit_random_raw_fixed,0.1872132312110739,1.0,1000,1,RDKit raw
1ydr_1ydr_conf0,rdkit_random_raw_fixed,0.4647276084715935,1.0,1000,1,RDKit raw
1ydt_1ydt_conf0,rdkit_random_raw_fixed,0.8528256956143284,0.0,998,0,RDKit raw
1z6e_1z6e_conf0,rdkit_random_raw_fixed,0.5810799111462474,1.0,1000,1,RDKit raw
1z95_1z95_conf0,rdkit_random_raw_fixed,0.7966315354430136,0.0,1000,0,RDKit raw
1z9g_1z9g_conf0,rdkit_random_raw_fixed,0.4701382888557844,1.0,1000,1,RDKit raw
2br1_2br1_conf0,rdkit_random_raw_fixed,0.5035323023544979,1.0,999,1,RDKit raw
2brb_2brb_conf0,rdkit_random_raw_fixed,0.3238739048093821,1.0,1000,1,RDKit raw
2c3i_2c3i_conf0,rdkit_random_raw_fixed,0.5701115983053979,1.0,1000,1,RDKit raw
2fvd_2fvd_conf0,rdkit_random_raw_fixed,1.3166882044385098,0.0,1000,0,RDKit raw
2hb1_2hb1_conf0,rdkit_random_raw_fixed,0.1408389324830947,1.0,1000,1,RDKit raw
2p4y_2p4y_conf0,rdkit_random_raw_fixed,0.9972032980993948,0.0,1000,0,RDKit raw
2pog_2pog_conf0,rdkit_random_raw_fixed,0.3052717087060275,1.0,1000,1,RDKit raw
2qbp_2qbp_conf0,rdkit_random_raw_fixed,1.1519778088103465,0.0,1000,0,RDKit raw
2qbq_2qbq_conf0,rdkit_random_raw_fixed,0.6891662491594774,1.0,1000,1,RDKit raw
2qbr_2qbr_conf0,rdkit_random_raw_fixed,0.8946745215142713,0.0,1000,0,RDKit raw
2v00_2v00_conf0,rdkit_random_raw_fixed,0.104260899038528,1.0,1000,1,RDKit raw
2wn9_2wn9_conf0,rdkit_random_raw_fixed,0.5107203241223529,1.0,999,1,RDKit raw
2wtv_2wtv_conf0,rdkit_random_raw_fixed,0.296373626594135,1.0,1000,1,RDKit raw
2xdl_2xdl_conf0,rdkit_random_raw_fixed,0.3096540045066942,1.0,1000,1,RDKit raw
2xnb_2xnb_conf0,rdkit_random_raw_fixed,0.13492886034394,1.0,1000,1,RDKit raw
2yfe_2yfe_conf0,rdkit_random_raw_fixed,0.6024055899834407,1.0,999,1,RDKit raw
2ymd_2ymd_conf0,rdkit_random_raw_fixed,0.1920046629851774,1.0,1000,1,RDKit raw
2zb1_2zb1_conf0,rdkit_random_raw_fixed,0.4228250388323001,1.0,1000,1,RDKit raw
2zcq_2zcq_conf0,rdkit_random_raw_fixed,0.2426540283646076,1.0,1000,1,RDKit raw
2zcr_2zcr_conf0,rdkit_random_raw_fixed,0.9780134132022136,0.0,1000,0,RDKit raw
2zy1_2zy1_conf0,rdkit_random_raw_fixed,0.87429463956017,0.0,1000,0,RDKit raw
3aru_3aru_conf0,rdkit_random_raw_fixed,0.26201561457946,1.0,1000,1,RDKit raw
3ary_3ary_conf0,rdkit_random_raw_fixed,0.1782403600396325,1.0,1000,1,RDKit raw
3b27_3b27_conf0,rdkit_random_raw_fixed,0.6842338689599488,1.0,1000,1,RDKit raw
3b5r_3b5r_conf0,rdkit_random_raw_fixed,0.4205590610756788,1.0,1000,1,RDKit raw
3b65_3b65_conf0,rdkit_random_raw_fixed,0.3921997409830073,1.0,1000,1,RDKit raw
3bgz_3bgz_conf0,rdkit_random_raw_fixed,0.2512586217422324,1.0,1000,1,RDKit raw
3cj4_3cj4_conf0,rdkit_random_raw_fixed,0.9232326822775736,0.0,1000,0,RDKit raw
3dd0_3dd0_conf0,rdkit_random_raw_fixed,0.3385208616626852,1.0,1000,1,RDKit raw
3e92_3e92_conf0,rdkit_random_raw_fixed,0.3520442249466634,1.0,1000,1,RDKit raw
3e93_3e93_conf0,rdkit_random_raw_fixed,0.7038087412358562,1.0,1000,1,RDKit raw
3ehy_3ehy_conf0,rdkit_random_raw_fixed,0.3710062285277666,1.0,1000,1,RDKit raw
3fcq_3fcq_conf0,rdkit_random_raw_fixed,0.345966630674021,1.0,1000,1,RDKit raw
3fur_3fur_conf0,rdkit_random_raw_fixed,0.530443617881331,1.0,1000,1,RDKit raw
3g2z_3g2z_conf0,rdkit_random_raw_fixed,0.2669879266353687,1.0,1000,1,RDKit raw
3g31_3g31_conf0,rdkit_random_raw_fixed,0.3035649354646825,1.0,1000,1,RDKit raw
3gy4_3gy4_conf0,rdkit_random_raw_fixed,0.0986299497538523,1.0,1000,1,RDKit raw
3jvs_3jvs_conf0,rdkit_random_raw_fixed,1.0360317469135778,0.0,1000,0,RDKit raw
3k5v_3k5v_conf0,rdkit_random_raw_fixed,0.4990378535639741,1.0,1000,1,RDKit raw
3kgp_3kgp_conf0,rdkit_random_raw_fixed,0.2828791090115245,1.0,1000,1,RDKit raw
3lka_3lka_conf0,rdkit_random_raw_fixed,0.1915476962807628,1.0,1000,1,RDKit raw
3nx7_3nx7_conf0,rdkit_random_raw_fixed,0.5027624593039076,1.0,1000,1,RDKit raw
3pxf_3pxf_conf0,rdkit_random_raw_fixed,0.4591380139923289,1.0,1000,1,RDKit raw
3qqs_3qqs_conf0,rdkit_random_raw_fixed,0.3565006216324878,1.0,1000,1,RDKit raw
3rlr_3rlr_conf0,rdkit_random_raw_fixed,0.200814938310876,1.0,1000,1,RDKit raw
3rsx_3rsx_conf0,rdkit_random_raw_fixed,0.0844898301135599,1.0,1000,1,RDKit raw
3ryj_3ryj_conf0,rdkit_random_raw_fixed,0.6128933388274072,1.0,1000,1,RDKit raw
3syr_3syr_conf0,rdkit_random_raw_fixed,0.1801598715972583,1.0,1000,1,RDKit raw
3twp_3twp_conf0,rdkit_random_raw_fixed,0.0602847810143959,1.0,1000,1,RDKit raw
3u5j_3u5j_conf0,rdkit_random_raw_fixed,0.2509833346138144,1.0,1000,1,RDKit raw
3u8n_3u8n_conf0,rdkit_random_raw_fixed,0.1883589648073869,1.0,1000,1,RDKit raw
3uo4_3uo4_conf0,rdkit_random_raw_fixed,0.6958923409451488,1.0,1000,1,RDKit raw
3up2_3up2_conf0,rdkit_random_raw_fixed,0.5145262746319014,1.0,1000,1,RDKit raw
3wtj_3wtj_conf0,rdkit_random_raw_fixed,0.8079663317290425,0.0,1000,0,RDKit raw
3zdg_3zdg_conf0,rdkit_random_raw_fixed,0.2534668309429185,1.0,1000,1,RDKit raw
4ddh_4ddh_conf0,rdkit_random_raw_fixed,0.2402337864126792,1.0,1000,1,RDKit raw
4ddk_4ddk_conf0,rdkit_random_raw_fixed,0.0536125905185872,1.0,1000,1,RDKit raw
4eor_4eor_conf0,rdkit_random_raw_fixed,0.5892751107444998,1.0,1000,1,RDKit raw
4f09_4f09_conf0,rdkit_random_raw_fixed,0.1174986388760615,1.0,1000,1,RDKit raw
4f2w_4f2w_conf0,rdkit_random_raw_fixed,0.2715825097439219,1.0,1000,1,RDKit raw
4f9w_4f9w_conf0,rdkit_random_raw_fixed,0.1525484656406097,1.0,1000,1,RDKit raw
4hge_4hge_conf0,rdkit_random_raw_fixed,0.3401366866596688,1.0,1000,1,RDKit raw
4j21_4j21_conf0,rdkit_random_raw_fixed,0.1379531070760999,1.0,1000,1,RDKit raw
4j3l_4j3l_conf0,rdkit_random_raw_fixed,0.3897603711025874,1.0,1000,1,RDKit raw
4jsz_4jsz_conf0,rdkit_random_raw_fixed,0.5053559377481438,1.0,1000,1,RDKit raw
4jxs_4jxs_conf0,rdkit_random_raw_fixed,0.7560355001338684,0.0,1000,0,RDKit raw
4k18_4k18_conf0,rdkit_random_raw_fixed,0.4389901698128339,1.0,1000,1,RDKit raw
4k77_4k77_conf0,rdkit_random_raw_fixed,0.3008209226095009,1.0,1000,1,RDKit raw
4kzq_4kzq_conf0,rdkit_random_raw_fixed,0.0784924981975731,1.0,1000,1,RDKit raw
4kzu_4kzu_conf0,rdkit_random_raw_fixed,0.0999972500504771,1.0,1000,1,RDKit raw
4llx_4llx_conf0,rdkit_random_raw_fixed,0.035363001249189,1.0,1000,1,RDKit raw
4lzs_4lzs_conf0,rdkit_random_raw_fixed,0.3336649480723452,1.0,1000,1,RDKit raw
4mgd_4mgd_conf0,rdkit_random_raw_fixed,0.3136641122812354,1.0,1000,1,RDKit raw
4ogj_4ogj_conf0,rdkit_random_raw_fixed,1.1286550178448116,0.0,1000,0,RDKit raw
5c28_5c28_conf0,rdkit_random_raw_fixed,0.0642459577217697,1.0,1000,1,RDKit raw
5c2h_5c2h_conf0,rdkit_random_raw_fixed,0.9819953640732068,0.0,1000,0,RDKit raw
1bcu_1bcu_conf0,chembl3d_gt_pb,0.0560874884793196,1.0,1,1,ChEMBL3D-PB
1c5z_1c5z_conf0,chembl3d_gt_pb,0.0762719142023807,1.0,1,1,ChEMBL3D-PB
1lpg_1lpg_conf0,chembl3d_gt_pb,1.552367976324618,0.0,193,0,ChEMBL3D-PB
1mq6_1mq6_conf0,chembl3d_gt_pb,2.033420024144573,0.0,12,0,ChEMBL3D-PB
1nc3_1nc3_conf0,chembl3d_gt_pb,0.7300768796300652,1.0,196,1,ChEMBL3D-PB
1o3f_1o3f_conf0,chembl3d_gt_pb,0.3830638990332117,1.0,31,1,ChEMBL3D-PB
1o5b_1o5b_conf0,chembl3d_gt_pb,0.0727676022836421,1.0,1,1,ChEMBL3D-PB
1owh_1owh_conf0,chembl3d_gt_pb,0.492936795811774,1.0,12,1,ChEMBL3D-PB
1p1n_1p1n_conf0,chembl3d_gt_pb,0.5416981558876723,1.0,23,1,ChEMBL3D-PB
1pxn_1pxn_conf0,chembl3d_gt_pb,0.3796883107617219,1.0,200,1,ChEMBL3D-PB
1sqa_1sqa_conf0,chembl3d_gt_pb,0.4314429391540759,1.0,200,1,ChEMBL3D-PB
1uto_1uto_conf0,chembl3d_gt_pb,0.1234413066223419,1.0,7,1,ChEMBL3D-PB
1yc1_1yc1_conf0,chembl3d_gt_pb,0.2977927580669561,1.0,168,1,ChEMBL3D-PB
1ydr_1ydr_conf0,chembl3d_gt_pb,0.4400121983931404,1.0,16,1,ChEMBL3D-PB
1ydt_1ydt_conf0,chembl3d_gt_pb,0.8356597455977347,0.0,140,0,ChEMBL3D-PB
1z6e_1z6e_conf0,chembl3d_gt_pb,0.7578948177622203,0.0,200,0,ChEMBL3D-PB
1z95_1z95_conf0,chembl3d_gt_pb,0.5520548892468133,1.0,198,1,ChEMBL3D-PB
1z9g_1z9g_conf0,chembl3d_gt_pb,0.4669009525750938,1.0,199,1,ChEMBL3D-PB
2br1_2br1_conf0,chembl3d_gt_pb,0.7063505913621065,1.0,200,1,ChEMBL3D-PB
2brb_2brb_conf0,chembl3d_gt_pb,0.3109392246275234,1.0,200,1,ChEMBL3D-PB
2c3i_2c3i_conf0,chembl3d_gt_pb,0.7567529701225132,0.0,200,0,ChEMBL3D-PB
2fvd_2fvd_conf0,chembl3d_gt_pb,0.3377994274791545,1.0,200,1,ChEMBL3D-PB
2hb1_2hb1_conf0,chembl3d_gt_pb,0.2620714782663008,1.0,38,1,ChEMBL3D-PB
2p4y_2p4y_conf0,chembl3d_gt_pb,1.6067924472346995,0.0,174,0,ChEMBL3D-PB
2pog_2pog_conf0,chembl3d_gt_pb,0.4034619507209207,1.0,10,1,ChEMBL3D-PB
2qbp_2qbp_conf0,chembl3d_gt_pb,0.768257348966016,0.0,200,0,ChEMBL3D-PB
2qbq_2qbq_conf0,chembl3d_gt_pb,0.3433008880112947,1.0,200,1,ChEMBL3D-PB
2qbr_2qbr_conf0,chembl3d_gt_pb,1.1169626011489795,0.0,200,0,ChEMBL3D-PB
2v00_2v00_conf0,chembl3d_gt_pb,0.5239267200062603,1.0,30,1,ChEMBL3D-PB
2wn9_2wn9_conf0,chembl3d_gt_pb,0.3746580071374948,1.0,71,1,ChEMBL3D-PB
2wtv_2wtv_conf0,chembl3d_gt_pb,0.6769646423896447,1.0,110,1,ChEMBL3D-PB
2xdl_2xdl_conf0,chembl3d_gt_pb,0.2987426870081766,1.0,58,1,ChEMBL3D-PB
2xnb_2xnb_conf0,chembl3d_gt_pb,0.3607992086372161,1.0,79,1,ChEMBL3D-PB
2yfe_2yfe_conf0,chembl3d_gt_pb,0.7404357250609132,1.0,155,1,ChEMBL3D-PB
2ymd_2ymd_conf0,chembl3d_gt_pb,0.1308366159713919,1.0,30,1,ChEMBL3D-PB
2zb1_2zb1_conf0,chembl3d_gt_pb,0.3518807762904908,1.0,200,1,ChEMBL3D-PB
2zcq_2zcq_conf0,chembl3d_gt_pb,2.227376149259632,0.0,67,0,ChEMBL3D-PB
2zcr_2zcr_conf0,chembl3d_gt_pb,0.9840629128251616,0.0,60,0,ChEMBL3D-PB
2zy1_2zy1_conf0,chembl3d_gt_pb,1.334513463187972,0.0,94,0,ChEMBL3D-PB
3aru_3aru_conf0,chembl3d_gt_pb,0.3208749502528139,1.0,124,1,ChEMBL3D-PB
3ary_3ary_conf0,chembl3d_gt_pb,0.925034183600134,0.0,3,0,ChEMBL3D-PB
3b27_3b27_conf0,chembl3d_gt_pb,0.7265373167602888,1.0,9,1,ChEMBL3D-PB
3b5r_3b5r_conf0,chembl3d_gt_pb,0.5419830272809034,1.0,200,1,ChEMBL3D-PB
3b65_3b65_conf0,chembl3d_gt_pb,0.4831698060384986,1.0,200,1,ChEMBL3D-PB
3bgz_3bgz_conf0,chembl3d_gt_pb,0.1750052148990774,1.0,10,1,ChEMBL3D-PB
3cj4_3cj4_conf0,chembl3d_gt_pb,0.6892425195932594,1.0,199,1,ChEMBL3D-PB
3dd0_3dd0_conf0,chembl3d_gt_pb,0.1129918920012213,1.0,51,1,ChEMBL3D-PB
3e92_3e92_conf0,chembl3d_gt_pb,0.3050505278467723,1.0,134,1,ChEMBL3D-PB
3e93_3e93_conf0,chembl3d_gt_pb,0.4977570266390245,1.0,200,1,ChEMBL3D-PB
3ehy_3ehy_conf0,chembl3d_gt_pb,0.4678381369976015,1.0,25,1,ChEMBL3D-PB
3fcq_3fcq_conf0,chembl3d_gt_pb,1.0362239509622118,0.0,2,0,ChEMBL3D-PB
3fur_3fur_conf0,chembl3d_gt_pb,0.8531668020110448,0.0,86,0,ChEMBL3D-PB
3g2z_3g2z_conf0,chembl3d_gt_pb,0.1674486088227958,1.0,6,1,ChEMBL3D-PB
3g31_3g31_conf0,chembl3d_gt_pb,0.0859175295997032,1.0,2,1,ChEMBL3D-PB
3gy4_3gy4_conf0,chembl3d_gt_pb,0.1332841237824809,1.0,1,1,ChEMBL3D-PB
3jvs_3jvs_conf0,chembl3d_gt_pb,1.237296058589515,0.0,40,0,ChEMBL3D-PB
3k5v_3k5v_conf0,chembl3d_gt_pb,0.4991397791385065,1.0,200,1,ChEMBL3D-PB
3kgp_3kgp_conf0,chembl3d_gt_pb,0.3070227700623602,1.0,1,1,ChEMBL3D-PB
3lka_3lka_conf0,chembl3d_gt_pb,0.2001199910128341,1.0,4,1,ChEMBL3D-PB
3nx7_3nx7_conf0,chembl3d_gt_pb,0.8735998548466309,0.0,111,0,ChEMBL3D-PB
3pxf_3pxf_conf0,chembl3d_gt_pb,0.4082936810924392,1.0,7,1,ChEMBL3D-PB
3qqs_3qqs_conf0,chembl3d_gt_pb,0.4536973549151157,1.0,7,1,ChEMBL3D-PB
3rlr_3rlr_conf0,chembl3d_gt_pb,0.1938525995329428,1.0,9,1,ChEMBL3D-PB
3rsx_3rsx_conf0,chembl3d_gt_pb,0.1592945770904845,1.0,4,1,ChEMBL3D-PB
3ryj_3ryj_conf0,chembl3d_gt_pb,0.3922644075514499,1.0,81,1,ChEMBL3D-PB
3syr_3syr_conf0,chembl3d_gt_pb,0.4453346512103984,1.0,122,1,ChEMBL3D-PB
3twp_3twp_conf0,chembl3d_gt_pb,0.0764438748742548,1.0,1,1,ChEMBL3D-PB
3u5j_3u5j_conf0,chembl3d_gt_pb,0.228582891224856,1.0,2,1,ChEMBL3D-PB
3u8n_3u8n_conf0,chembl3d_gt_pb,0.1922359473550382,1.0,197,1,ChEMBL3D-PB
3uo4_3uo4_conf0,chembl3d_gt_pb,0.4959585309916267,1.0,26,1,ChEMBL3D-PB
3up2_3up2_conf0,chembl3d_gt_pb,0.5885469848437642,1.0,43,1,ChEMBL3D-PB
3wtj_3wtj_conf0,chembl3d_gt_pb,0.4444503187268323,1.0,52,1,ChEMBL3D-PB
3zdg_3zdg_conf0,chembl3d_gt_pb,0.3771852516671138,1.0,199,1,ChEMBL3D-PB
4ddh_4ddh_conf0,chembl3d_gt_pb,0.6632791544098959,1.0,2,1,ChEMBL3D-PB
4ddk_4ddk_conf0,chembl3d_gt_pb,0.0639377159212755,1.0,1,1,ChEMBL3D-PB
4eor_4eor_conf0,chembl3d_gt_pb,0.2660056702077308,1.0,200,1,ChEMBL3D-PB
4f09_4f09_conf0,chembl3d_gt_pb,0.1435174889207757,1.0,2,1,ChEMBL3D-PB
4f2w_4f2w_conf0,chembl3d_gt_pb,0.8627598870450417,0.0,200,0,ChEMBL3D-PB
4f9w_4f9w_conf0,chembl3d_gt_pb,0.9418792288463744,0.0,4,0,ChEMBL3D-PB
4hge_4hge_conf0,chembl3d_gt_pb,0.3544549904906045,1.0,36,1,ChEMBL3D-PB
4j21_4j21_conf0,chembl3d_gt_pb,0.0954062451319392,1.0,3,1,ChEMBL3D-PB
4j3l_4j3l_conf0,chembl3d_gt_pb,0.4209450566462457,1.0,114,1,ChEMBL3D-PB
4jsz_4jsz_conf0,chembl3d_gt_pb,0.3495491035198001,1.0,2,1,ChEMBL3D-PB
4jxs_4jxs_conf0,chembl3d_gt_pb,0.3400067604615137,1.0,32,1,ChEMBL3D-PB
4k18_4k18_conf0,chembl3d_gt_pb,0.3583345934439012,1.0,109,1,ChEMBL3D-PB
4k77_4k77_conf0,chembl3d_gt_pb,0.5307776062379889,1.0,5,1,ChEMBL3D-PB
4kzq_4kzq_conf0,chembl3d_gt_pb,0.0927094342874151,1.0,6,1,ChEMBL3D-PB
4kzu_4kzu_conf0,chembl3d_gt_pb,0.1026510134562173,1.0,3,1,ChEMBL3D-PB
4llx_4llx_conf0,chembl3d_gt_pb,0.0412356446983446,1.0,1,1,ChEMBL3D-PB
4lzs_4lzs_conf0,chembl3d_gt_pb,0.7339041162684289,1.0,12,1,ChEMBL3D-PB
4mgd_4mgd_conf0,chembl3d_gt_pb,0.2306073340036878,1.0,24,1,ChEMBL3D-PB
4ogj_4ogj_conf0,chembl3d_gt_pb,0.887215316172344,0.0,54,0,ChEMBL3D-PB
5c28_5c28_conf0,chembl3d_gt_pb,0.0687311595880626,1.0,2,1,ChEMBL3D-PB
5c2h_5c2h_conf0,chembl3d_gt_pb,1.902666212188871,0.0,85,0,ChEMBL3D-PB
