key,n,evaluated,hit_0p75,mean_retained,clusters_1p0
chembl3d_gt_pb,94,94,78.72340425531915,81.15957446808511,7.691489361702128
rdkit_random_raw,94,94,80.85106382978722,999.9468085106384,35.92553191489362
rdkit_random_minimized,94,94,78.72340425531915,999.968085106383,20.22340425531915
torsion_raw,94,94,78.72340425531915,896.4787234042553,74.18085106382979
torsion_minimized,94,94,79.7872340425532,999.968085106383,25.06382978723404
loqi_raw,94,94,86.17021276595744,999.3404255319148,20.159574468085108
torsional_diffusion_raw,94,94,89.36170212765957,881.4255319148937,54.8936170212766
mcf_drugs_l_raw,94,93,86.17021276595744,866.8404255319149,34.01075268817204
nextmol_dmt_l_raw,94,93,86.17021276595744,871.9468085106383,31.47311827956989
flowr_raw,94,94,86.17021276595744,920.0212765957448,114.36170212765956
qwen_1p7b_fsq_bigdata_step47023,94,94,91.48936170212765,972.563829787234,72.7872340425532
