run_id,run_label,ligand_set,row_type,family,tier,variant,method,display_label,source,ligands,total_confs,mean_confs_per_ligand,generated_ligands,selected_ligands,kept_ligands,selected_pool_total,kept_confs_total,pb_fail_total,target_confs_mean,pb_fail_rate_mean,kept_vs_target_rate_mean,generated_candidates_total,finite_rejected_total,clash_rejected_total,bond_rejected_total,stereo_rejected_total,rmsd_rejected_total,pre_clash_passed_total,minimization_input_confs_total,minimization_failed_total,pairwise_mean,pairwise_p90,mean_torsion_std_deg,energy_min,energy_max,energy_median,energy_std,casf_best_rmsd,casf_median_rmsd,casf_opt_best_rmsd,casf_opt_median_rmsd,total_clusters_0p5,mean_clusters_0p5,clusters_per_100_0p5,cluster_entropy_0p5,largest_cluster_fraction_0p5,effective_clusters_0p5,simpson_concentration_0p5,singleton_fraction_0p5,total_clusters_1p0,mean_clusters_1p0,clusters_per_100_1p0,cluster_entropy_1p0,largest_cluster_fraction_1p0,effective_clusters_1p0,simpson_concentration_1p0,singleton_fraction_1p0,total_clusters_2p0,mean_clusters_2p0,clusters_per_100_2p0,cluster_entropy_2p0,largest_cluster_fraction_2p0,effective_clusters_2p0,simpson_concentration_2p0,singleton_fraction_2p0,total_clusters_3p0,mean_clusters_3p0,clusters_per_100_3p0,cluster_entropy_3p0,largest_cluster_fraction_3p0,effective_clusters_3p0,simpson_concentration_3p0,singleton_fraction_3p0,casf_hit_0p25,casf_hit_0p5,casf_hit_0p75,casf_hit_2p0,casf_opt_hit_0p25,casf_opt_hit_0p5,casf_opt_hit_0p75,casf_opt_hit_2p0,clash_fail_total,clash_fail_rate,pb_fail_rate,ligands_scope
flowr_raw_core,FlowR (core),core,generation,flowr_raw,fixed,,flowr_raw_fixed,FlowR,flowr_raw_fixed,94,86482.0,920.0212765957447,94.0,94.0,94.0,93663.0,86482.0,7181.0,1000.0,0.07655884016684458,0.9200212765957447,93663.0,0.0,0.0,0.0,0.0,0.0,93663.0,0.0,0.0,1.4420915665969833,2.0214438284807335,107.32455110951193,24.793774882843767,255.6827435104373,35.241045129618435,18.44454317841559,0.4142003094078614,1.4700819283451003,0.456816149940081,1.4927157888709082,28021.0,298.09574468085106,34.65416431468241,0.7703066371822608,0.2042067386572863,254.3883482855259,0.17543070503697197,0.517524804391626,10750.0,114.36170212765957,14.267519035175258,0.7050184424903994,0.3245286368271204,91.86957349621767,0.2869706085346421,0.24262649616390128,857.0,9.117021276595745,1.1920958978255212,0.4936705605117911,0.619211926724479,6.814118471435508,0.576786380612403,0.02124021385343234,173.0,1.8404255319148937,0.21992683419955933,0.32112268600590704,0.8439800868133235,1.6434103105688131,0.8114243818826543,0.0,0.39361702127659576,0.723404255319149,0.8617021276595744,1.0,0.35106382978723405,0.7446808510638298,0.851063829787234,0.9893617021276596,,,,94/920
flowr_raw_core,FlowR (core),core,generation,flowr_raw,dynamic,,flowr_raw_dynamic,FlowR,flowr_raw_dynamic,94,6719.0,71.47872340425532,94.0,94.0,94.0,7514.0,6719.0,795.0,79.93617021276596,0.08308037079307119,0.9169196292069288,93663.0,0.0,0.0,0.0,0.0,0.0,7514.0,0.0,0.0,1.4286491312545584,1.992110349206755,102.80799592551921,25.679286119430763,136.606726247673,35.35013962666833,17.206282859199725,0.5910739332484441,1.460881294408713,0.6332739537694404,1.4837468505064495,4697.0,49.96808510638298,57.81398766098717,0.8478874721772437,0.26527131324540165,47.292451893867906,0.21947146657426678,0.581763188045936,2733.0,29.074468085106382,34.222712385834264,0.7443071258804659,0.38101713447327484,25.680218765520024,0.3334225548376222,0.3174343272644014,517.0,5.5,10.518902425796394,0.4898555443592527,0.6647042334628626,4.520722709062872,0.6209023780390203,0.05141626098147837,145.0,1.5425531914893618,6.542876482972462,0.24430093952787663,0.8780755221001926,1.4323844938164054,0.8553152897869294,0.02127659574468085,0.22340425531914893,0.5319148936170213,0.723404255319149,1.0,0.1595744680851064,0.46808510638297873,0.7340425531914894,0.9893617021276596,,,,94/71
flowr_raw_core,FlowR (core),core,generation,flowr_raw,chembl_count,,flowr_raw_chembl_count,FlowR,flowr_raw_chembl_count,94,6831.0,72.67021276595744,94.0,94.0,94.0,7629.0,6831.0,798.0,81.15957446808511,0.07072725692986048,0.9292727430701395,93663.0,0.0,0.0,0.0,0.0,0.0,7629.0,0.0,0.0,1.54838004976707,2.11532294709013,90.00061490984132,25.835720850701755,125.06509771686582,35.701691841924585,15.011887183436485,0.6371202812804084,1.4533602629331197,0.6707077978666829,1.4804631841070999,5084.0,54.08510638297872,72.72581572058958,0.8494959930831794,0.28968418201731566,50.84568239740523,0.2522412803664122,0.703334275464066,2739.0,29.138297872340427,47.07981016950406,0.6872287833443799,0.4242189805093426,25.38928385174936,0.37738920186980385,0.4180973952656765,468.0,4.9787234042553195,21.902176148803466,0.47663764410549386,0.6772643970806561,4.110820620412621,0.63095053663785,0.12590393399999156,147.0,1.5638297872340425,17.890048318898998,0.2679074956795538,0.872859943477141,1.444016839104075,0.8454235484639167,0.09210992907801419,0.18085106382978725,0.4787234042553192,0.7021276595744681,1.0,0.1276595744680851,0.44680851063829785,0.6595744680851063,0.9893617021276596,,,,94/73
loqi_core,LOQI (core),core,generation,loqi_raw,fixed,,loqi_raw_fixed,LOQI,loqi_raw_fixed,94,93938.0,999.3404255319149,94.0,94.0,94.0,94000.0,93938.0,62.0,1000.0,0.0006595744680851064,0.9993404255319149,94000.0,0.0,0.0,0.0,0.0,0.0,94000.0,0.0,0.0,1.0897880242381948,1.6792731108822023,105.9771394734271,30.516036641568725,49.6191389650306,36.25147795169195,2.8835736175244,0.3392801451715199,1.3045040629423368,0.38614838953792274,1.324688059998687,7939.0,84.45744680851064,8.452215343228573,0.6987869798420913,0.32526480516437156,51.03551318996266,0.26574405031853676,0.1935575781800585,1895.0,20.159574468085108,2.017186680043429,0.6337785924440066,0.4832300219392099,10.101269254889251,0.42217848206878406,0.061736783973328026,261.0,2.776595744680851,0.27780879092560484,0.37075528335180324,0.7690871092569979,2.015698749252259,0.7323431991760342,0.010392493058325347,121.0,1.2872340425531914,0.1288010266058456,0.15485998345360732,0.9333566235432481,1.181386422416588,0.9166775912627394,0.0,0.5531914893617021,0.8297872340425532,0.8617021276595744,1.0,0.5106382978723404,0.7872340425531915,0.8723404255319149,0.9893617021276596,,,,94/999
loqi_core,LOQI (core),core,generation,loqi_raw,dynamic,,loqi_raw_dynamic,LOQI,loqi_raw_dynamic,94,9420.0,100.2127659574468,94.0,94.0,94.0,9428.0,9420.0,8.0,100.29787234042553,0.0007393946820091983,0.9992606053179908,94000.0,0.0,0.0,0.0,0.0,0.0,9428.0,0.0,0.0,1.0912902240567124,1.6783284135923358,101.27399896320229,31.311502337549424,45.219779041665724,36.22034329666445,2.8307444430551962,0.4640990634021336,1.2725677233129253,0.5075069305019105,1.294402209978566,2883.0,30.670212765957448,24.101859672079115,0.7532714472340388,0.35745585922373413,23.389335999275573,0.2919601056213738,0.292430831709944,1051.0,11.180851063829786,10.780300142420042,0.657585083087605,0.5123869813326235,7.481912152041823,0.4487779021873734,0.12144711941355897,221.0,2.351063829787234,4.4941876029137635,0.32884484891797067,0.8038928639366195,1.809171877047111,0.7701402579456488,0.022704246108501427,116.0,1.2340425531914894,3.7075541988315583,0.13560704555876477,0.942939153668968,1.155326671242,0.9278404728912155,0.0070921985815602835,0.46808510638297873,0.723404255319149,0.8191489361702128,0.9893617021276596,0.425531914893617,0.6808510638297872,0.8085106382978723,0.9787234042553191,,,,94/100
loqi_core,LOQI (core),core,generation,loqi_raw,chembl_count,,loqi_raw_chembl_count,LOQI,loqi_raw_chembl_count,94,7629.0,81.15957446808511,94.0,94.0,94.0,7629.0,7629.0,0.0,81.15957446808511,0.0,1.0,94000.0,0.0,0.0,0.0,0.0,0.0,7629.0,0.0,0.0,1.198220259700651,1.7777720973806541,89.93815142014185,31.728958017175493,44.30894028435598,36.39967828807932,2.890323406320007,0.536234344926686,1.289520480297555,0.578102622222096,1.3089916800743848,2349.0,24.98936170212766,42.76178988877749,0.7358892039877113,0.3912607412328597,19.022582863682803,0.3346736293180925,0.4233773379093145,865.0,9.202127659574469,27.680235625610578,0.6349621031002778,0.5365444518590655,6.378094929206434,0.4727511467534712,0.24061114323309568,205.0,2.1808510638297873,18.33189619653348,0.3708356145989808,0.8022076925129827,1.787840842675071,0.7630557810097955,0.10289598108747045,113.0,1.202127659574468,16.88474539986331,0.12103562449313307,0.9538107212619411,1.134105151386932,0.9378884331214962,0.0851063829787234,0.3723404255319149,0.6702127659574468,0.7446808510638298,0.9680851063829787,0.3404255319148936,0.648936170212766,0.7553191489361702,0.9574468085106383,,,,94/81
mcf_drugs_l_core,MCF drugs-L (core),core,generation,mcf_drugs_l_raw,fixed,,mcf_drugs_l_raw_fixed,MCF drugs-L,mcf_drugs_l_raw_fixed,94,81483.0,866.8404255319149,94.0,94.0,93.0,94000.0,81483.0,12517.0,1000.0,0.1331595744680851,0.8668404255319149,94000.0,0.0,0.0,0.0,0.0,0.0,94000.0,0.0,0.0,1.3328135200430509,1.9583445323382593,108.32159526496163,34.67798944136405,45931.537774295095,45.23601887345956,1747.0189775276788,0.36591912532100945,1.4616067391467062,0.4178719245317909,1.488159866916265,10259.0,110.31182795698925,15.30881209853138,0.7955275995586136,0.23622934959483144,78.67082962297569,0.18510740054411523,0.253275612258295,3163.0,34.01075268817204,4.826047138153174,0.7223796807273062,0.3916165467284502,22.430490725068047,0.3374118932145978,0.09148846526136502,383.0,4.118279569892473,0.5763000170854357,0.487124310202636,0.6829720611661414,3.193233176773785,0.6403347554074841,0.010964338769743466,140.0,1.5053763440860215,0.21034197092553047,0.25869695076481536,0.8799293745833835,1.3771824836829902,0.853353764147242,0.0,0.46236559139784944,0.7634408602150538,0.8709677419354839,1.0,0.43010752688172044,0.7311827956989247,0.8602150537634409,0.989247311827957,,,,94/867
mcf_drugs_l_core,MCF drugs-L (core),core,generation,mcf_drugs_l_raw,dynamic,,mcf_drugs_l_raw_dynamic,MCF drugs-L,mcf_drugs_l_raw_dynamic,94,6285.0,66.86170212765957,94.0,94.0,93.0,7514.0,6285.0,1229.0,79.93617021276596,0.13835148522459845,0.8616485147754016,94000.0,0.0,0.0,0.0,0.0,0.0,7514.0,0.0,0.0,1.3297430643839918,1.9228246543038814,102.16349713817304,36.46777352562627,466.0797084090055,45.2319763739758,65.86676423147689,0.5510591103751318,1.4669830760084832,0.596326801920095,1.4889940047626635,3006.0,32.32258064516129,43.1371932075397,0.8379783389307416,0.2792734725255318,28.176392875875944,0.22370073424820486,0.4171119329762376,1436.0,15.440860215053764,23.05003411092869,0.726272322926744,0.43858652809673904,12.547858577225465,0.383430094697807,0.17901247432625222,297.0,3.193548387096774,8.577365752490225,0.45454996570107015,0.7136205738253648,2.6751310864888143,0.6722048121831029,0.03023980201399556,130.0,1.3978494623655915,6.285239299694933,0.22534613498135245,0.9021966106930029,1.296727028573637,0.8792445784961963,0.013440860215053764,0.3333333333333333,0.5806451612903226,0.7419354838709677,0.978494623655914,0.34408602150537637,0.5698924731182796,0.7311827956989247,0.967741935483871,,,,94/67
mcf_drugs_l_core,MCF drugs-L (core),core,generation,mcf_drugs_l_raw,chembl_count,,mcf_drugs_l_raw_chembl_count,MCF drugs-L,mcf_drugs_l_raw_chembl_count,94,6213.0,66.09574468085107,94.0,94.0,93.0,7629.0,6213.0,1416.0,81.15957446808511,0.12711732879139345,0.8728826712086065,94000.0,0.0,0.0,0.0,0.0,0.0,7629.0,0.0,0.0,1.4339599312399258,2.051553379744004,90.68704655209119,37.37933440096895,720.4763313202218,45.26005384217224,64.15573156673292,0.559308190727478,1.4396085008135528,0.6006862803617222,1.4670657292691491,2905.0,31.236559139784948,56.368841969589255,0.8088893509044344,0.3285659687328953,26.857802747462078,0.28273342723606304,0.5345463734568102,1316.0,14.150537634408602,36.00422222445289,0.6911458362806067,0.4725427023195924,11.29517321264571,0.41617864498744683,0.2909989060101933,278.0,2.989247311827957,20.21384275778574,0.4319038760977533,0.7347053974080957,2.526000352616472,0.6909005082987728,0.11478790027177124,120.0,1.2903225806451613,17.511622833415686,0.1870468011937997,0.9175603862115197,1.2433442581608642,0.8994772367951498,0.08960573476702509,0.21505376344086022,0.5483870967741935,0.7204301075268817,0.989247311827957,0.24731182795698925,0.5376344086021505,0.7204301075268817,0.978494623655914,,,,94/66
nextmol_dmt_l_core,NextMol DMT-L (core),core,generation,nextmol_dmt_l_raw,fixed,,nextmol_dmt_l_raw_fixed,NextMol DMT-L,nextmol_dmt_l_raw_fixed,94,81963.0,871.9468085106383,94.0,94.0,93.0,94000.0,81963.0,12037.0,1000.0,0.1280531914893617,0.8719468085106383,94000.0,0.0,0.0,0.0,0.0,0.0,94000.0,0.0,0.0,1.3090138167154397,1.9548547255765265,109.17790527069674,32.91510296595372,185.36992455656502,40.39183208723284,8.137895278130454,0.3856563688758471,1.453777701006857,0.44055655036404506,1.4772047809871562,9904.0,106.49462365591398,13.996913488276247,0.775359398422551,0.2527446002829045,75.93044871038589,0.20492199077876097,0.22378521181202407,2927.0,31.473118279569892,4.201135945711049,0.7138793742186547,0.40267108873678775,20.56638572572817,0.34799903080876127,0.08489967666151478,364.0,3.913978494623656,0.5228586341389354,0.4750386711754789,0.6888573663520198,2.8982267803195376,0.6463527057230184,0.007837113339959638,136.0,1.4623655913978495,0.18951076166494818,0.2418062939747241,0.8905245743709257,1.3248299573112936,0.8636404237187172,0.0,0.46236559139784944,0.7634408602150538,0.8709677419354839,0.989247311827957,0.3978494623655914,0.7634408602150538,0.8602150537634409,0.978494623655914,,,,94/872
nextmol_dmt_l_core,NextMol DMT-L (core),core,generation,nextmol_dmt_l_raw,dynamic,,nextmol_dmt_l_raw_dynamic,NextMol DMT-L,nextmol_dmt_l_raw_dynamic,94,6410.0,68.19148936170212,94.0,94.0,93.0,7514.0,6410.0,1104.0,79.93617021276596,0.12459115118089997,0.8754088488191001,94000.0,0.0,0.0,0.0,0.0,0.0,7514.0,0.0,0.0,1.3019947798968863,1.9089706050531299,105.09833523762292,34.3909806948445,59.99579520511517,40.458030343284676,4.908965968250797,0.5331375947235314,1.4469386300487423,0.5818981346259199,1.464532336061108,2964.0,31.870967741935484,40.643480926085616,0.8235100630600757,0.2897160018177198,27.59556571071506,0.24151617968005584,0.39298451062649964,1376.0,14.795698924731182,21.228033285473458,0.7077266232927317,0.4458723981103203,11.874980656799586,0.3924938494087896,0.1508172801155749,284.0,3.053763440860215,8.258459897663984,0.4639447238726176,0.7275752322171629,2.5071265763641235,0.6757734274419289,0.015584245974738333,128.0,1.3763440860215055,6.1818416127356794,0.23786257532580615,0.8980218100879671,1.2914604075411467,0.8737700434388354,0.002688172043010753,0.3333333333333333,0.6451612903225806,0.7741935483870968,0.989247311827957,0.3118279569892473,0.6236559139784946,0.7634408602150538,0.978494623655914,,,,94/68
nextmol_dmt_l_core,NextMol DMT-L (core),core,generation,nextmol_dmt_l_raw,chembl_count,,nextmol_dmt_l_raw_chembl_count,NextMol DMT-L,nextmol_dmt_l_raw_chembl_count,94,6237.0,66.35106382978724,94.0,94.0,92.0,7629.0,6237.0,1392.0,81.15957446808511,0.13317539521219648,0.8668246047878035,94000.0,0.0,0.0,0.0,0.0,0.0,7629.0,0.0,0.0,1.4437787998473035,2.0900381609390104,91.83140511644484,34.28387477502388,60.125726612718445,39.87858960762547,4.489037106276503,0.5430954450070196,1.4564200050125664,0.5943744425462838,1.480897311013329,2907.0,31.597826086956523,56.53392337313287,0.8005478260253438,0.32625799609546674,27.212221966026966,0.2737436164085677,0.5369467986744938,1302.0,14.152173913043478,35.59996730993839,0.6862976818868048,0.4635724563305337,11.336787856538695,0.40546387218945956,0.3003064537630311,278.0,3.0217391304347827,19.674372414575643,0.46793986511158986,0.7255794158673488,2.433506376755168,0.6752667436051482,0.11013301181070557,124.0,1.3478260869565217,16.92096366005408,0.20862277062409096,0.9127448864193893,1.2572607816157308,0.8901337440731971,0.08695652173913043,0.32608695652173914,0.5434782608695652,0.782608695652174,0.9891304347826086,0.2608695652173913,0.5760869565217391,0.782608695652174,0.9782608695652174,,,,94/66
qwen_1p7b_fsq_bigdata_step47023_core,Qwen 1.7B FSQ bigdata step 47023 (core),core,generation,qwen_1p7b_fsq_bigdata_step47023,fixed,1p7b_fsq_bigdata_step47023,qwen_1p7b_fsq_bigdata_step47023_fixed,Qwen 1.7B FSQ bigdata (step 47023),qwen_1p7b_fsq_bigdata_step47023_fixed,94,91421.0,972.563829787234,94.0,94.0,94.0,93983.0,91421.0,2562.0,1000.0,0.027269104212445085,0.972563829787234,93983.0,0.0,0.0,0.0,0.0,0.0,93983.0,0.0,0.0,1.320404016047013,1.8893137415992705,105.12039914119359,37.326254166628495,18523.53224567499,48.82098258275718,660.5470724272253,0.3069240369775868,1.3179221377594759,0.35840656043222213,1.3505662025032548,26740.0,284.468085106383,30.00256201381497,0.8461730866966645,0.1982171801835147,243.00190588042517,0.146092853161005,0.3632341718743052,6842.0,72.7872340425532,7.786290494234202,0.7227796177404596,0.36024040689257225,54.03311644145231,0.30643603618649207,0.09992191066432983,436.0,4.638297872340425,0.49288165775078513,0.48475956818471416,0.6785287037416531,3.5163737785283042,0.6352404430118739,0.006091569434911917,138.0,1.4680851063829787,0.1530515258897791,0.22186230611466107,0.8971433730977122,1.3282856676034418,0.8726871950519658,0.0,0.5319148936170213,0.7872340425531915,0.9148936170212766,1.0,0.4787234042553192,0.8085106382978723,0.9042553191489362,0.9893617021276596,,,,94/973
qwen_1p7b_fsq_bigdata_step47023_core,Qwen 1.7B FSQ bigdata step 47023 (core),core,generation,qwen_1p7b_fsq_bigdata_step47023,dynamic,1p7b_fsq_bigdata_step47023,qwen_1p7b_fsq_bigdata_step47023_dynamic,Qwen 1.7B FSQ bigdata (step 47023),qwen_1p7b_fsq_bigdata_step47023_dynamic,94,7224.0,76.85106382978724,94.0,94.0,94.0,7514.0,7224.0,290.0,79.93617021276596,0.026790502291505588,0.9732094977084944,93983.0,0.0,0.0,0.0,0.0,0.0,7514.0,0.0,0.0,1.3191822898409447,1.8630285357412393,99.11434952778546,39.56450638029348,82.79909806282072,48.87256237544006,7.152548826821776,0.4540026665116145,1.325080524396452,0.5012775631296179,1.362372532269502,4959.0,52.755319148936174,55.989374092153895,0.8430048381088202,0.24848960256571484,49.179387943937336,0.1996069466056871,0.5528822287895943,2363.0,25.138297872340427,26.59295993346635,0.7269056901832656,0.4227743292167525,21.45519744333364,0.35795065053735386,0.22908996117492314,315.0,3.351063829787234,7.392673022862652,0.45925640078555685,0.7207139104755866,2.797907402594566,0.6724005593733038,0.011411224709097046,128.0,1.3617021276595744,5.682755037845065,0.21784556859865487,0.9109708436347849,1.2612404513177051,0.8863645472439325,0.0035460992907801418,0.3404255319148936,0.6382978723404256,0.7978723404255319,1.0,0.2872340425531915,0.648936170212766,0.8085106382978723,0.9893617021276596,,,,94/77
qwen_1p7b_fsq_bigdata_step47023_core,Qwen 1.7B FSQ bigdata step 47023 (core),core,generation,qwen_1p7b_fsq_bigdata_step47023,chembl_count,1p7b_fsq_bigdata_step47023,qwen_1p7b_fsq_bigdata_step47023_chembl_count,Qwen 1.7B FSQ bigdata (step 47023),qwen_1p7b_fsq_bigdata_step47023_chembl_count,94,7356.0,78.25531914893617,94.0,94.0,94.0,7629.0,7356.0,273.0,81.15957446808511,0.028197493740536067,0.971802506259464,93983.0,0.0,0.0,0.0,0.0,0.0,7629.0,0.0,0.0,1.4273593357646264,1.981125948535184,92.78722925601716,40.20333061716504,80.96199539675237,49.11485211200172,7.028951557725995,0.5056330030580359,1.2918400002937505,0.54008823714926,1.3216673965777097,5196.0,55.276595744680854,71.71457798546064,0.8208858443290487,0.2964307254018396,51.13885352124938,0.25194753272034437,0.6965779886411889,2130.0,22.659574468085108,39.95454735977519,0.6924180811157151,0.44091472627515743,19.096304694161685,0.3856369766466426,0.334981957029022,305.0,3.24468085106383,19.551488907456033,0.46760667725125477,0.7152746339158893,2.736297342396328,0.6711722097619586,0.10179990859582125,127.0,1.351063829787234,17.197988558603065,0.2085974471130279,0.90514492099492,1.2797188072011911,0.8845864225781628,0.08776595744680851,0.24468085106382978,0.5638297872340425,0.8085106382978723,1.0,0.26595744680851063,0.5851063829787234,0.7978723404255319,0.9893617021276596,,,,94/78
rdkit_torsion_core,RDKit random & Torsion perturb (core),core,generation,rdkit_random_raw,fixed,,rdkit_random_raw_fixed,RDKit random (raw),rdkit_random_raw_fixed,94,93995.0,999.9468085106383,94.0,94.0,94.0,94000.0,93995.0,5.0,1000.0,5.319148936170213e-05,0.9999468085106383,94000.0,0.0,0.0,0.0,0.0,0.0,94000.0,0.0,0.0,1.2425478766158893,1.7607748701843502,107.10154105086421,58.19537409508551,140.7539470812615,80.31279516039349,10.20536712093246,0.43700384419146104,1.3295346920336741,0.4946945816055674,1.3588694307511966,10775.0,114.62765957446808,11.464241056389183,0.8161985347318254,0.2432898006094612,88.16910569705887,0.20843151654487005,0.15264726521941135,3377.0,35.92553191489362,3.592845220182874,0.7396366183170934,0.39234042642821904,26.941031153783463,0.3502795527154352,0.03934513665784643,326.0,3.4680851063829787,0.3468340873171812,0.4744508192189165,0.7162057735260524,2.9753896389936374,0.67486334550753,0.00036683785766691065,118.0,1.2553191489361701,0.1255415053479267,0.14189421729675897,0.9294680211486803,1.21136966308227,0.9169742546396678,0.0,0.3191489361702128,0.648936170212766,0.8085106382978723,1.0,0.32978723404255317,0.6276595744680851,0.8297872340425532,0.9893617021276596,,,,94/1000
rdkit_torsion_core,RDKit random & Torsion perturb (core),core,generation,rdkit_random_raw,dynamic,,rdkit_random_raw_dynamic,RDKit random (raw),rdkit_random_raw_dynamic,94,7513.0,79.92553191489361,94.0,94.0,94.0,7514.0,7513.0,1.0,79.93617021276596,6.819421713038734e-05,0.9999318057828697,94000.0,0.0,0.0,0.0,0.0,0.0,7514.0,0.0,0.0,1.2346966989678638,1.7355065287446343,99.0311664987299,62.47454320053598,115.57258085736358,80.37859020910163,9.922807062571144,0.546753057740174,1.3338159175880417,0.6019733669724788,1.3546871694900406,3498.0,37.212765957446805,37.70609911165034,0.8045768801418194,0.2954231085333303,32.983393767616285,0.24848900563986392,0.3054489398138386,1628.0,17.319148936170212,18.850763017820732,0.7474435129463437,0.42372747769203456,14.571858981849644,0.37523824733272004,0.11517556697749944,271.0,2.882978723404255,6.896112758131312,0.4446458546694477,0.7433149579416335,2.511505935976655,0.7010470093096179,0.004366574075420658,117.0,1.2446808510638299,5.50271217755892,0.12121673444618056,0.9416969274225162,1.1907794857169673,0.9299173180999675,0.005319148936170213,0.23404255319148937,0.5106382978723404,0.6914893617021277,1.0,0.20212765957446807,0.5212765957446809,0.7127659574468085,0.9893617021276596,,,,94/80
rdkit_torsion_core,RDKit random & Torsion perturb (core),core,generation,rdkit_random_raw,chembl_count,,rdkit_random_raw_chembl_count,RDKit random (raw),rdkit_random_raw_chembl_count,94,7629.0,81.15957446808511,94.0,94.0,94.0,7629.0,7629.0,0.0,81.15957446808511,0.0,1.0,94000.0,0.0,0.0,0.0,0.0,0.0,7629.0,0.0,0.0,1.3221292101028639,1.8318802787779618,89.83293045840364,64.31879118792806,112.09205133012718,80.41687587231854,9.2835141467882,0.6008553763626936,1.332615938970447,0.661716978804147,1.3597425193956378,3221.0,34.265957446808514,52.46828477669194,0.76835115882904,0.33658118405976933,29.492041177235045,0.29199592444160455,0.46848361861673804,1382.0,14.702127659574469,32.557903147666,0.6909477629392863,0.46128076513370564,12.32193998717305,0.40947359412476086,0.238125178297497,261.0,2.776595744680851,18.90962527583525,0.43543582840479034,0.7462218497872758,2.425435979146266,0.7061747000948607,0.09729635890461923,114.0,1.2127659574468086,16.938783217786355,0.12652518162588478,0.9379072988862696,1.1894533366906002,0.9277381049293076,0.0851063829787234,0.19148936170212766,0.43617021276595747,0.6595744680851063,1.0,0.14893617021276595,0.44680851063829785,0.6702127659574468,0.9893617021276596,,,,94/81
rdkit_torsion_core,RDKit random & Torsion perturb (core),core,generation,torsion_raw,fixed,,torsion_raw_fixed,Torsion perturb (raw),torsion_raw_fixed,94,84269.0,896.4787234042553,94.0,94.0,94.0,94000.0,84269.0,9731.0,1000.0,0.10352127659574469,0.8964787234042553,167000.0,0.0,37963.0,0.0,0.0,0.0,94000.0,0.0,0.0,1.2745066628482973,1.8107510449419257,95.6961621165087,37.31217668166632,124273.00400428602,73.47027318337689,4781.647953802452,0.47731011309251736,1.3365640517170505,0.5284979968674406,1.3787669985791458,27902.0,296.82978723404256,34.605750143045064,0.9493299636368399,0.14615064561014823,277.41484709496405,0.11861305479574,0.3264762584974019,6973.0,74.18085106382979,8.823415832550658,0.761637337539882,0.35884506068765376,61.60890163829558,0.32054807911003724,0.0787441595736959,408.0,4.340425531914893,0.5085223373083322,0.4681996674097839,0.7023211432381343,3.5148867573609976,0.6549214003613615,0.0037854083206826754,134.0,1.425531914893617,0.1645283394323839,0.1986398902651351,0.9109709786259339,1.3210847634985623,0.8857037790932791,0.002127659574468085,0.3191489361702128,0.5957446808510638,0.7872340425531915,0.9893617021276596,0.2872340425531915,0.5851063829787234,0.7872340425531915,0.9787234042553191,,,,94/896
rdkit_torsion_core,RDKit random & Torsion perturb (core),core,generation,torsion_raw,dynamic,,torsion_raw_dynamic,Torsion perturb (raw),torsion_raw_dynamic,94,6557.0,69.75531914893617,94.0,94.0,94.0,7514.0,6557.0,957.0,79.93617021276596,0.09498926347130644,0.9050107365286936,167000.0,0.0,37963.0,0.0,0.0,0.0,7514.0,0.0,0.0,1.2829829004098514,1.7920649532102015,92.98418235615443,41.56484282866074,16943.28535236292,73.6136944422078,2169.891852912217,0.6215400725541355,1.337304280194907,0.669305343655428,1.3837396698584183,4832.0,51.40425531914894,61.38154480805491,0.9408133946585051,0.1903520761800241,49.753640031399534,0.15486193417968164,0.5554529490315022,2253.0,23.96808510638298,27.492854534596237,0.7446412678841418,0.4110378491993579,21.223838167319617,0.35718625822995564,0.19960340422954154,303.0,3.223404255319149,7.579476743834754,0.38431775102365195,0.7542352827922262,2.6989722435919505,0.7126897214712398,0.014192395883325331,121.0,1.2872340425531914,5.7476245235679535,0.15652033190308848,0.9325975526263026,1.213734679068611,0.9137447124275625,0.0,0.18085106382978725,0.4148936170212766,0.6595744680851063,0.9893617021276596,0.1595744680851064,0.425531914893617,0.6382978723404256,0.9787234042553191,,,,94/70
rdkit_torsion_core,RDKit random & Torsion perturb (core),core,generation,torsion_raw,chembl_count,,torsion_raw_chembl_count,Torsion perturb (raw),torsion_raw_chembl_count,94,6688.0,71.14893617021276,94.0,94.0,94.0,7629.0,6688.0,941.0,81.15957446808511,0.1024262918653259,0.8975737081346741,167000.0,0.0,37963.0,0.0,0.0,0.0,7629.0,0.0,0.0,1.3956793410457402,1.921091414742865,81.82535892824133,46.127015968898974,10627.858402977701,74.99350254933077,910.3324265655767,0.6785579645953087,1.334110495617325,0.7370939885010406,1.3770460591769178,5091.0,54.159574468085104,76.67636850636808,0.8507004627764067,0.27503638974157146,52.01313014340775,0.24045741867282772,0.7405927249829862,2052.0,21.829787234042552,41.28368805208354,0.6751514878005006,0.4437568817793253,18.92520519766656,0.4001412546089092,0.32134065347090013,291.0,3.095744680851064,21.21285360980532,0.391008575453834,0.7508555537211358,2.606278824492127,0.7095787530380997,0.12664491328446273,121.0,1.2872340425531914,18.447874976581783,0.17294277248710938,0.9282680158140533,1.226580629400571,0.90596002001812,0.10638297872340426,0.10638297872340426,0.35106382978723405,0.6595744680851063,0.9893617021276596,0.09574468085106383,0.32978723404255317,0.6382978723404256,0.9787234042553191,,,,94/71
torsional_diffusion_core,Torsional Diffusion (core),core,generation,torsional_diffusion_raw,fixed,,torsional_diffusion_raw_fixed,Torsional Diffusion,torsional_diffusion_raw_fixed,94,82854.0,881.4255319148937,94.0,94.0,94.0,94000.0,82854.0,11146.0,1000.0,0.11857446808510638,0.8814255319148936,94000.0,0.0,0.0,0.0,0.0,0.0,94000.0,0.0,0.0,1.398094194627891,1.992207200548306,107.38416812833725,56.24173421796302,114922.19710911017,85.18302512097148,5374.511008959979,0.370667059298077,1.449472901254014,0.4211007591536054,1.4643260287735025,17644.0,187.70212765957447,25.738064156713243,0.8187855787348963,0.2020194956117491,150.78784923426258,0.15926176906640668,0.3330943973025136,5160.0,54.8936170212766,8.286908287147403,0.729104428395695,0.3568757405270417,39.86331361407826,0.3071217962446421,0.11595552987547622,491.0,5.223404255319149,0.7619380394925968,0.5077883680275374,0.6607710489777675,4.0060652241798,0.618261850076627,0.005416890160319445,140.0,1.4893617021276595,0.1952155747483542,0.19633193739966545,0.8995055835885178,1.3731156352375236,0.8781263879624787,0.0,0.425531914893617,0.7872340425531915,0.8936170212765957,1.0,0.40425531914893614,0.776595744680851,0.8936170212765957,0.9893617021276596,,,,94/881
torsional_diffusion_core,Torsional Diffusion (core),core,generation,torsional_diffusion_raw,dynamic,,torsional_diffusion_raw_dynamic,Torsional Diffusion,torsional_diffusion_raw_dynamic,94,6205.0,66.01063829787235,94.0,94.0,94.0,7514.0,6205.0,1309.0,79.93617021276596,0.11622396867485447,0.8837760313251455,94000.0,0.0,0.0,0.0,0.0,0.0,7514.0,0.0,0.0,1.391961666342605,1.9617154128356915,103.28460652647973,62.7851934853298,54522.06338082384,87.00857520470005,5276.231272216231,0.5349703445656853,1.439869646441485,0.5766675076968583,1.4574897512421625,3619.0,38.5,51.73262817191136,0.8576426922321941,0.23928191012171515,34.76490737277866,0.19148524628860983,0.51034326768131,1720.0,18.29787234042553,25.89685898811467,0.7390155607060914,0.4051632921167843,15.592600883093452,0.34656839110859067,0.19445831324622198,331.0,3.521276595744681,8.690461717076836,0.44161173537436105,0.7151340643915345,2.946546142413382,0.6723347779578475,0.022015388317910344,136.0,1.446808510638298,6.086719476738923,0.23022852918488868,0.88735381646662,1.360287387114634,0.8654614843828697,0.0035460992907801418,0.2765957446808511,0.6063829787234043,0.7659574468085106,0.9893617021276596,0.23404255319148937,0.6063829787234043,0.776595744680851,0.9787234042553191,,,,94/66
torsional_diffusion_core,Torsional Diffusion (core),core,generation,torsional_diffusion_raw,chembl_count,,torsional_diffusion_raw_chembl_count,Torsional Diffusion,torsional_diffusion_raw_chembl_count,94,6516.0,69.31914893617021,94.0,94.0,94.0,7629.0,6516.0,1113.0,81.15957446808511,0.12693837313295991,0.8730616268670401,94000.0,0.0,0.0,0.0,0.0,0.0,7629.0,0.0,0.0,1.5090171957358283,2.0849470108610793,90.30770544440142,63.3532725535009,17913.208991213538,85.46445633836811,2018.5193661752062,0.582070319346061,1.4473005190215469,0.6184345997107287,1.4638050873819042,3849.0,40.9468085106383,67.46107874598229,0.8046316729225522,0.30392153177258446,36.413145367767136,0.265017691143504,0.6639579011609503,1646.0,17.51063829787234,41.89881698974458,0.6880297080754127,0.44728815962421553,14.262630335373581,0.3920965770880435,0.35907018247921035,329.0,3.5,22.43513119609667,0.468399276520521,0.7065768554458246,2.9270878166033927,0.6596796622765817,0.13546553802613479,130.0,1.3829787234042554,18.73539651840407,0.19467448928942283,0.9071696432157061,1.2989186886709447,0.8875896303064083,0.10195035460992907,0.19148936170212766,0.5638297872340425,0.7340425531914894,0.9787234042553191,0.19148936170212766,0.5212765957446809,0.7446808510638298,0.9680851063829787,,,,94/69
reference_core,Reference datasets (core),core,reference,chembl3d_gt_pb,reference,,chembl3d_gt_pb,ChEMBL3D ground truth PB,chembl3d_gt_pb,94,7629.0,81.15957446808511,,,,7629.0,,0.0,,,,,,,,,,,,,1.3337952399673372,1.903530987684773,81.07604710161806,32.4429203883167,41.992559327685186,36.81368865810291,2.5900425064942474,0.5253817379090603,1.3261205584541649,0.5728213900171986,1.3528475236317279,2041.0,21.71276595744681,45.29527408086125,0.8205794660098911,0.3175219662736054,17.888474951196855,0.2764454817803766,0.37027876354748124,723.0,7.691489361702128,28.488082389887563,0.7228635462791325,0.47200255574909783,6.294381513652006,0.41829223152719974,0.19694049328114935,199.0,2.117021276595745,18.336994107244454,0.42071056178761856,0.7797228992461458,1.896924715791525,0.7375742443623227,0.08865248226950355,113.0,1.202127659574468,16.974455892756254,0.1548233200951255,0.9319699164865716,1.1769608820298672,0.9193129392503355,0.0851063829787234,0.2553191489361702,0.6382978723404256,0.7872340425531915,0.9787234042553191,0.20212765957446807,0.6170212765957447,0.7659574468085106,0.9787234042553191,0.0,0.0,0.0,94/81
flowr_raw_ref,FlowR (ref),ref,generation,flowr_raw,fixed,,flowr_raw_fixed,FlowR,flowr_raw_fixed,1236,1113055.0,900.5299352750809,1236.0,1236.0,1236.0,1227684.0,1113055.0,114629.0,1000.0,0.09342556978128626,0.9005299352750809,1227684.0,0.0,0.0,0.0,0.0,0.0,1227684.0,0.0,0.0,1.3574283755256322,1.8848046682021258,108.13821035745416,18.04129673046855,231.98316815915865,28.918268617752762,19.690960761107345,0.42343758941022397,1.4344789548641093,,,337488.0,273.0485436893204,32.98970319031437,0.7639374854921408,0.23214753055190193,233.9097324030895,0.1988299724987742,0.47663431343133766,130248.0,105.37864077669903,13.671269946776771,0.6870175902622936,0.35949091978686004,83.6925323686196,0.31890692509496316,0.21767324742745647,11617.0,9.398867313915858,1.668491115774279,0.47005042772345507,0.6510831198305831,7.178524969982819,0.6086955956005763,0.021822175106285025,2440.0,1.9741100323624596,0.38789679205701755,0.2551074898560279,0.8687570282360705,1.7435461972426856,0.8421920546780616,0.002089108389847112,0.38754045307443363,0.6941747572815534,0.8551779935275081,0.9927184466019418,,,,,,,,1236/901
flowr_raw_ref,FlowR (ref),ref,generation,flowr_raw,dynamic,,flowr_raw_dynamic,FlowR,flowr_raw_dynamic,1236,87778.0,71.01779935275081,1236.0,1236.0,1235.0,99905.0,87778.0,12127.0,80.93284789644012,0.09392371490310476,0.9057818766107392,1227684.0,0.0,0.0,0.0,0.0,0.0,99905.0,0.0,0.0,1.3698872153084067,1.890072885823066,102.87897293357888,18.707848458011373,128.7709310858505,28.860019203401567,17.78257739295468,0.593546304757483,1.4319409572826258,,,57483.0,46.54493927125506,54.771458722115604,0.8284010526689226,0.2700159141814554,44.01150853682862,0.229611839243997,0.5386762417069136,33606.0,27.211336032388665,32.760907028462036,0.7174937472534286,0.40557545487994123,24.269776715317022,0.35879778205667623,0.29779980827147495,6587.0,5.333603238866397,10.376373106783506,0.46156545604465404,0.6919957978680822,4.5053703711992785,0.6488117973134835,0.05219091965073522,2004.0,1.6226720647773278,6.588817044618649,0.19722290993017816,0.8995376022175107,1.500160293516304,0.8799670212813956,0.015567500704134733,0.22834008097165992,0.5044534412955466,0.71417004048583,0.988663967611336,,,,,,,,1236/71
flowr_raw_ref,FlowR (ref),ref,generation,flowr_raw,chembl_count,,flowr_raw_chembl_count,FlowR,flowr_raw_chembl_count,1236,72075.0,58.31310679611651,1236.0,1236.0,1232.0,81962.0,72075.0,9887.0,66.31229773462783,0.09088873278532408,0.9091112672146759,1227684.0,0.0,0.0,0.0,0.0,0.0,81962.0,0.0,0.0,1.4588583623164646,1.981025721201022,91.91531139138631,19.019919211603828,124.32467482913607,28.892902635274712,17.663697181765233,0.6506780661957755,1.4251466073668775,,,51369.0,41.695616883116884,69.50848626453286,0.8114402971860369,0.31056905531679174,39.34514691548759,0.2723209183699379,0.6582179149133794,29761.0,24.156655844155843,46.34182298590654,0.7001425895020037,0.4355448812797695,21.603923526627327,0.3888854395454643,0.3990275210415631,5747.0,4.6647727272727275,21.698181476679633,0.4444279092176862,0.7035934225593352,3.9330625104099384,0.6635587294730854,0.13678154177684948,1918.0,1.5568181818181819,17.196368295301163,0.19791252156715744,0.9006025994656423,1.445178759709347,0.8803573516120784,0.08657137122832612,0.19074675324675325,0.4375,0.6631493506493507,0.9788961038961039,,,,,,,,1236/58
loqi_ref,LOQI (ref),ref,generation,loqi_raw,fixed,,loqi_raw_fixed,LOQI,loqi_raw_fixed,1236,1231021.0,995.9716828478964,1236.0,1236.0,1236.0,1236000.0,1231021.0,4979.0,1000.0,0.00402831715210356,0.9959716828478964,1236000.0,0.0,0.0,0.0,0.0,0.0,1236000.0,0.0,0.0,1.0456813521153212,1.5924771473186365,101.87481199819618,24.461215811414792,5991873963670.766,30.47054586248362,195823268111.12314,0.3816590837663093,1.300345426343367,,,106525.0,86.18527508090615,8.691469175466507,0.6945033671483567,0.33135432468097364,56.01822598882493,0.2685230806014503,0.19883279100827697,30171.0,24.410194174757283,2.4825334334333276,0.6076937798110547,0.5047386250787852,15.588186329479164,0.4423551806947469,0.07130353213362839,4564.0,3.692556634304207,0.37779712193792825,0.3338409534672438,0.8019537991429935,2.551468362265454,0.7659446804642983,0.012828271632335608,1732.0,1.401294498381877,0.14195075567953602,0.10513999660834777,0.9509320717969678,1.2235662143786348,0.9386499065847562,0.0035987355899786888,0.5097087378640777,0.761326860841424,0.8681229773462783,0.988673139158576,,,,,,,,1236/996
loqi_ref,LOQI (ref),ref,generation,loqi_raw,dynamic,,loqi_raw_dynamic,LOQI,loqi_raw_dynamic,1236,126130.0,102.04692556634305,1236.0,1236.0,1236.0,126705.0,126130.0,575.0,102.5121359223301,0.003921727280856702,0.9960782727191433,1236000.0,0.0,0.0,0.0,0.0,0.0,126705.0,0.0,0.0,1.0459377887801962,1.587210434322905,98.86720229410342,25.356216660803224,58315625947.326485,30.47289441303561,3424390966.7700553,0.5109179567592511,1.291537594313709,,,37663.0,30.47168284789644,23.678655454345687,0.7430571973323818,0.3690966263575042,23.9591072189766,0.2990459509310905,0.2821213865335793,15065.0,12.18851132686084,10.821220339136142,0.6294531644618429,0.5382853385405176,9.100008833048465,0.47261494500226453,0.1103933475106719,3423.0,2.7694174757281553,4.740676240752085,0.3317291310099933,0.8191837719143266,2.1859686468677175,0.7854907194420881,0.016587010183388255,1581.0,1.279126213592233,3.8796911643154295,0.08635653295117425,0.960365981340003,1.1764286248814695,0.9507267214900755,0.0024436159549428155,0.3705501618122977,0.6529126213592233,0.7847896440129449,0.9773462783171522,,,,,,,,1236/102
loqi_ref,LOQI (ref),ref,generation,loqi_raw,chembl_count,,loqi_raw_chembl_count,LOQI,loqi_raw_chembl_count,1236,81598.0,66.01779935275081,1236.0,1236.0,1236.0,81962.0,81598.0,364.0,66.31229773462783,0.003330281145660096,0.9966697188543399,1236000.0,0.0,0.0,0.0,0.0,0.0,81962.0,0.0,0.0,1.1171018132064545,1.660163174131193,87.33888233197206,25.984494834462836,111079728042.9507,30.51509987339175,8396699501.547632,0.5848287027147206,1.2916037332894679,,,27476.0,22.22977346278317,42.80434001670931,0.724624610436046,0.412694225403739,17.473995974605764,0.3453180862587316,0.42034548179234005,11306.0,9.147249190938512,26.530647601432936,0.6042939415783477,0.5675338383547769,6.855795039836197,0.5028496547756643,0.2208989760120995,2968.0,2.401294498381877,17.448616862563195,0.3122818914072739,0.8328442826750191,1.980739651980219,0.7991018951575185,0.0984534010078973,1523.0,1.2322006472491909,15.910576215258693,0.0874514667274556,0.9597209913175493,1.1547256457414214,0.950905638855092,0.0786269702907564,0.29692556634304207,0.5760517799352751,0.7427184466019418,0.9676375404530745,,,,,,,,1236/66
mcf_drugs_l_ref,MCF drugs-L (ref),ref,generation,mcf_drugs_l_raw,fixed,,mcf_drugs_l_raw_fixed,MCF drugs-L,mcf_drugs_l_raw_fixed,1236,1079976.0,873.7669902912621,1236.0,1236.0,1236.0,1236000.0,1079976.0,156024.0,1000.0,0.12623300970873785,0.8737669902912621,1236000.0,0.0,0.0,0.0,0.0,0.0,1236000.0,0.0,0.0,1.2743766048446403,1.8530895163837535,105.76430051631512,27.864347018539362,85130.14554497415,39.19077325478051,3960.83565688568,0.4494819534466644,1.4334982539446857,,,125414.0,101.46763754045307,14.367650224286253,0.7943215964412037,0.2362816268521044,69.68767366165625,0.18416245633091255,0.23021068897837363,33931.0,27.452265372168284,4.674792935727014,0.7052399549077105,0.4007583610526575,17.646773817657856,0.34497952638831614,0.08427938215211271,4740.0,3.8349514563106797,0.9169579751372456,0.42984671602801106,0.7279834882035952,2.914751014287327,0.6837592234360753,0.014457687003588725,1779.0,1.4393203883495145,0.3545187403967887,0.18404202780838497,0.9164235375859294,1.3130856856811568,0.8959369271620639,0.00085910583483399,0.4401294498381877,0.7127831715210357,0.8462783171521036,0.970873786407767,,,,,,,,1236/874
mcf_drugs_l_ref,MCF drugs-L (ref),ref,generation,mcf_drugs_l_raw,dynamic,,mcf_drugs_l_raw_dynamic,MCF drugs-L,mcf_drugs_l_raw_dynamic,1236,84768.0,68.58252427184466,1236.0,1236.0,1228.0,100033.0,84768.0,15265.0,80.93284789644012,0.12665670550804953,0.8733432944919505,1236000.0,0.0,0.0,0.0,0.0,0.0,100033.0,0.0,0.0,1.2837525834464936,1.8464730882952014,100.72228902774589,29.762963847342192,13594.523929452887,39.52559505022567,1574.2208721626764,0.5914599955843801,1.4240211538440306,,,39220.0,31.938110749185668,42.01154850609932,0.8246304826080135,0.2901969684317828,27.293708304355032,0.23264701395140486,0.40281372853649733,16206.0,13.197068403908794,21.483248404463477,0.7128698408852646,0.4513992525261133,10.361032777438275,0.38991299752388525,0.17583254869078893,3582.0,2.916938110749186,9.218279076849216,0.40222261720057734,0.7599672601054728,2.401825321239272,0.7183766874381214,0.03792819447039043,1642.0,1.3371335504885993,7.161427093340368,0.15866277092056846,0.930546392966529,1.2446460605697856,0.9122872215697814,0.016230094100615274,0.2996742671009772,0.5602605863192183,0.7361563517915309,0.9617263843648208,,,,,,,,1236/69
mcf_drugs_l_ref,MCF drugs-L (ref),ref,generation,mcf_drugs_l_raw,chembl_count,,mcf_drugs_l_raw_chembl_count,MCF drugs-L,mcf_drugs_l_raw_chembl_count,1236,68498.0,55.419093851132686,1236.0,1236.0,1221.0,81962.0,68498.0,13464.0,66.31229773462783,0.1264276515853607,0.8735723484146393,1236000.0,0.0,0.0,0.0,0.0,0.0,81962.0,0.0,0.0,1.3615469858550746,1.915544924621401,88.27183599350369,31.016430398835613,10260.15783383103,53.336035473190435,1173.9080906384859,0.6665569160517352,1.429928774274745,,,33850.0,27.723177723177724,58.1838891871623,0.7849155600063348,0.3443716676992964,23.74380644949005,0.29388086904814825,0.5463044131726364,14290.0,11.703521703521703,35.75009822474931,0.6709425565103035,0.48498621123217694,9.28722604412116,0.42750449440674876,0.2855913203220248,3325.0,2.723177723177723,21.14924286270135,0.3946047584328806,0.7692110489045109,2.297320049674047,0.7281038548313576,0.11975504436055719,1603.0,1.312858312858313,18.52158481342915,0.15341013893726813,0.9334441601904396,1.2299152029375358,0.9160352302509387,0.09428509428509428,0.2072072072072072,0.48976248976248976,0.7067977067977068,0.9565929565929566,,,,,,,,1236/55
nextmol_dmt_l_ref,NextMol DMT-L (ref),ref,generation,nextmol_dmt_l_raw,fixed,,nextmol_dmt_l_raw_fixed,NextMol DMT-L,nextmol_dmt_l_raw_fixed,1236,1089456.0,881.4368932038835,1236.0,1236.0,1233.0,1236000.0,1089456.0,146544.0,1000.0,0.11856310679611651,0.8814368932038835,1236000.0,0.0,0.0,0.0,0.0,0.0,1236000.0,0.0,0.0,1.2311149410759146,1.7981672710229517,105.2503203232323,25.87596759764158,334.26357676181414,32.866447796016644,13.192345996215526,0.4483991346303847,1.3988139925816028,,,121290.0,98.3698296836983,13.103952331764193,0.7655449097503693,0.26300869864784265,68.79661193930438,0.2136708418251187,0.2136766328049303,34387.0,27.88888888888889,4.287103354909454,0.6927119265676921,0.4177185857725487,18.799598573359045,0.36611285215865125,0.07276505239532692,5091.0,4.128953771289538,0.9634925332807092,0.4111823400481684,0.7405716692454885,3.0991535552397367,0.7006368469422756,0.01245256421162538,1844.0,1.4955393349553934,0.5046521967104043,0.18011005951774536,0.9183722573450896,1.3436633505789577,0.898038931308642,0.00325408005008466,0.41362530413625304,0.7104622871046229,0.8499594484995945,0.9724249797242498,,,,,,,,1236/881
nextmol_dmt_l_ref,NextMol DMT-L (ref),ref,generation,nextmol_dmt_l_raw,dynamic,,nextmol_dmt_l_raw_dynamic,NextMol DMT-L,nextmol_dmt_l_raw_dynamic,1236,85837.0,69.44741100323624,1236.0,1236.0,1225.0,100033.0,85837.0,14196.0,80.93284789644012,0.11962966284980998,0.88037033715019,1236000.0,0.0,0.0,0.0,0.0,0.0,100033.0,0.0,0.0,1.2401143090374722,1.7993164842642981,99.52022919964791,27.237511835274788,78.16840065037646,32.96756965328349,6.674940118462666,0.5822424149310456,1.3914026505007628,,,38522.0,31.4465306122449,39.431720919985935,0.8054813460260282,0.30995216577671697,26.989408575258985,0.2535244571441453,0.3745082891945043,16568.0,13.524897959183674,20.242436006006034,0.7044612900696781,0.4626735318958004,10.807803997242457,0.4038208297224974,0.1576128521186629,3760.0,3.0693877551020408,8.797592979591615,0.39815230669865725,0.7648751123989682,2.5251342431803367,0.7239392579249851,0.03268951674598243,1673.0,1.3657142857142857,6.870856216566942,0.1481959478805294,0.934160952645186,1.2652059479682713,0.9176102553196941,0.014254008638948821,0.28408163265306124,0.5706122448979591,0.7526530612244898,0.9608163265306122,,,,,,,,1236/69
nextmol_dmt_l_ref,NextMol DMT-L (ref),ref,generation,nextmol_dmt_l_raw,chembl_count,,nextmol_dmt_l_raw_chembl_count,NextMol DMT-L,nextmol_dmt_l_raw_chembl_count,1236,69744.0,56.42718446601942,1236.0,1236.0,1220.0,81962.0,69744.0,12218.0,66.31229773462783,0.11811417791760792,0.8818858220823921,1236000.0,0.0,0.0,0.0,0.0,0.0,81962.0,0.0,0.0,1.323511196051308,1.8833962400903346,88.67852058756888,28.31544615046422,76.83256203601161,33.470124908430485,7.265646884138622,0.6420215968260921,1.3962657337451239,,,33746.0,27.660655737704918,55.9867443082961,0.7751401809327139,0.3527596895664795,23.76576549701625,0.30066076449926543,0.5218203310096474,14584.0,11.954098360655738,34.57764428985433,0.6720367932834379,0.4892180084078701,9.64413637308843,0.4328883431683364,0.27637017239656264,3477.0,2.85,20.32869244098565,0.3724298603920151,0.7808019981807608,2.3616412272151277,0.7420330127872817,0.12088057527397142,1634.0,1.339344262295082,17.988174489358297,0.13807965813312567,0.938607727204071,1.2431430752179284,0.9227427489579049,0.09456945528666841,0.21721311475409835,0.5147540983606558,0.7155737704918033,0.9573770491803278,,,,,,,,1236/56
qwen_1p7b_fsq_bigdata_step47023_ref,Qwen 1.7B FSQ bigdata step 47023 (ref),ref,generation,qwen_1p7b_fsq_bigdata_step47023,fixed,1p7b_fsq_bigdata_step47023,qwen_1p7b_fsq_bigdata_step47023_fixed,Qwen 1.7B FSQ bigdata (step 47023),qwen_1p7b_fsq_bigdata_step47023_fixed,1236,1196378.0,967.9433656957929,1236.0,1236.0,1236.0,1235747.0,1196378.0,39369.0,1000.0,0.03187205776460241,0.9679433656957929,1235747.0,0.0,0.0,0.0,0.0,0.0,1235747.0,0.0,0.0,1.2431567617392145,1.7913037639057798,101.56908393079581,36.69549880437392,3081.027619523025,48.515190696690006,116.84356953602034,0.31629907344706415,1.2968347638277486,,,318026.0,257.30258899676375,27.558422629979614,0.8140024015890337,0.22952595763378653,205.7886801998486,0.17025031888496664,0.35138666653263384,78695.0,63.669093851132686,7.079082186056803,0.6998786429040976,0.39547880824586656,46.46524063712389,0.33390173436733095,0.09653938130222095,6404.0,5.181229773462783,0.6014714172519546,0.42007104419157854,0.7292531722918467,3.873490358504524,0.6853285831775547,0.009102202196191804,1890.0,1.529126213592233,0.16722852598507879,0.18272964786268794,0.9106693020994056,1.3826144784927283,0.8922721388069068,0.0010021767606719063,0.5186084142394822,0.7912621359223301,0.9247572815533981,0.9991909385113269,,,,,,,,1236/968
qwen_1p7b_fsq_bigdata_step47023_ref,Qwen 1.7B FSQ bigdata step 47023 (ref),ref,generation,qwen_1p7b_fsq_bigdata_step47023,dynamic,1p7b_fsq_bigdata_step47023,qwen_1p7b_fsq_bigdata_step47023_dynamic,Qwen 1.7B FSQ bigdata (step 47023),qwen_1p7b_fsq_bigdata_step47023_dynamic,1236,95156.0,76.98705501618123,1236.0,1236.0,1236.0,100033.0,95156.0,4877.0,80.93284789644012,0.0325567758549374,0.9674432241450626,1235747.0,0.0,0.0,0.0,0.0,0.0,100033.0,0.0,0.0,1.249177856080151,1.7841704396449023,98.25532784672718,38.789917676035905,967.2489307186962,48.55542148710749,75.77460927293238,0.4775723455285618,1.2957846072910406,,,61263.0,49.56553398058252,53.499246136922,0.826155780031425,0.27451577090716106,44.75042841936084,0.2144992539552551,0.5402979191724997,27664.0,22.381877022653722,24.169439994999298,0.7045265291877894,0.4442424288702252,18.603074787966545,0.37891958093307054,0.20849611533338994,4443.0,3.5946601941747574,7.688893711175099,0.3954034828283346,0.7620533321952412,2.956582493669679,0.7214010130527002,0.028114445435877433,1726.0,1.396440129449838,5.911554091714108,0.1562487923790815,0.9281433311641241,1.289354494809336,0.911238960906003,0.01059085197434712,0.32524271844660196,0.6076051779935275,0.8025889967637541,0.9975728155339806,,,,,,,,1236/77
qwen_1p7b_fsq_bigdata_step47023_ref,Qwen 1.7B FSQ bigdata step 47023 (ref),ref,generation,qwen_1p7b_fsq_bigdata_step47023,chembl_count,1p7b_fsq_bigdata_step47023,qwen_1p7b_fsq_bigdata_step47023_chembl_count,Qwen 1.7B FSQ bigdata (step 47023),qwen_1p7b_fsq_bigdata_step47023_chembl_count,1236,78271.0,63.32605177993528,1236.0,1236.0,1236.0,81962.0,78271.0,3691.0,66.31229773462783,0.030969564990433615,0.9690304350095664,1235747.0,0.0,0.0,0.0,0.0,0.0,81962.0,0.0,0.0,1.3182389759640925,1.8543776006942259,89.9022625279158,39.91367050946781,621.0397586691311,48.595601090021106,66.0369036070099,0.5577965038888855,1.2970818997264804,,,53024.0,42.89967637540453,68.46682176648889,0.7967886314541719,0.3233895378875044,38.73733488023638,0.27285313966933417,0.6762449730128279,22958.0,18.57443365695793,37.48927027124527,0.6576895234675785,0.4825987534123615,15.27020648016644,0.42092802287723924,0.3170761177704957,3936.0,3.1844660194174756,18.830583340446843,0.384390792100549,0.7722808975260389,2.6514855873949807,0.7306572762764798,0.10428846696330928,1660.0,1.343042071197411,16.260520779090076,0.1408726855074087,0.9349101310292036,1.2509950289638452,0.9197364118284459,0.07976672060409924,0.21440129449838188,0.5372168284789643,0.7629449838187702,0.9927184466019418,,,,,,,,1236/63
rdkit_torsion_ref,RDKit random & Torsion perturb (ref),ref,generation,rdkit_random_raw,fixed,,rdkit_random_raw_fixed,RDKit random (raw),rdkit_random_raw_fixed,1236,1235806.0,999.8430420711974,1236.0,1236.0,1236.0,1236000.0,1235806.0,194.0,1000.0,0.000156957928802589,0.9998430420711975,1236000.0,0.0,0.0,0.0,0.0,0.0,1236000.0,0.0,0.0,1.1996645221240123,1.7100335815202925,106.1514201129447,53.61129813876973,137.5538564549041,76.8176564710403,10.730245060294699,0.4691746083666561,1.3378699518434969,,,154779.0,125.22572815533981,12.524303217164523,0.8117172632035177,0.254795491210948,101.83445276181816,0.219052776161419,0.1711180776495231,47200.0,38.18770226537217,3.819510123286869,0.7173807698100669,0.409698705344033,29.579525395331462,0.3704121787102496,0.05208750530227515,5516.0,4.4627831715210355,0.44640076572050946,0.41932772661001705,0.7424501691781906,3.6830290578295473,0.7114603051735596,0.0031572661123148646,1764.0,1.4271844660194175,0.14274830391550392,0.1391994946728805,0.9309437615170976,1.3372565691453087,0.9176722583767195,0.0003590796066524222,0.28398058252427183,0.6116504854368932,0.8147249190938511,0.9975728155339806,,,,,,,,1236/1000
rdkit_torsion_ref,RDKit random & Torsion perturb (ref),ref,generation,rdkit_random_raw,dynamic,,rdkit_random_raw_dynamic,RDKit random (raw),rdkit_random_raw_dynamic,1236,100018.0,80.92071197411003,1236.0,1236.0,1236.0,100033.0,100018.0,15.0,80.93284789644012,0.00012168076300602075,0.999878319236994,1236000.0,0.0,0.0,0.0,0.0,0.0,100033.0,0.0,0.0,1.2055036884426675,1.70816579022376,101.3531691685583,58.224511479170914,111.87203417847074,76.67914095866043,10.257191663915922,0.5673075261926595,1.3294559912182504,,,45328.0,36.67313915857605,36.080651393496424,0.8160867406143967,0.2990635751172234,33.02770420895437,0.25202418504813534,0.3105522924843717,21390.0,17.305825242718445,18.134602495544137,0.7182514394898856,0.4484255955380921,14.778308972179504,0.3967098747752766,0.12596900373770623,4103.0,3.31957928802589,7.0995130854345545,0.39778128831051196,0.7680924382682419,2.8967088118326467,0.7350913439076755,0.01692962719127136,1650.0,1.3349514563106797,5.761277769047029,0.12305059520086052,0.9409684644943552,1.2652917227028073,0.9297263753333883,0.008261712517375947,0.2168284789644013,0.5032362459546925,0.7241100323624595,0.9951456310679612,,,,,,,,1236/81
rdkit_torsion_ref,RDKit random & Torsion perturb (ref),ref,generation,rdkit_random_raw,chembl_count,,rdkit_random_raw_chembl_count,RDKit random (raw),rdkit_random_raw_chembl_count,1236,81949.0,66.30177993527508,1236.0,1236.0,1236.0,81962.0,81949.0,13.0,66.31229773462783,0.000255710487271715,0.9997442895127283,1236000.0,0.0,0.0,0.0,0.0,0.0,81962.0,0.0,0.0,1.2828531993023935,1.790546985578431,91.34177724838803,60.73894763262587,107.60903272784685,76.90044763928375,9.675542421736802,0.6235691297922404,1.3296224559681902,,,39261.0,31.764563106796118,53.053678684975644,0.7972226381062566,0.3358329669118137,28.403593541752745,0.28891136704187154,0.4718221392760341,17780.0,14.385113268608414,31.83955966061658,0.6931703428690309,0.4738744799205899,12.231838211447332,0.42335166870731766,0.2305307235072319,3648.0,2.9514563106796117,17.98989822078339,0.38431682273997453,0.7780668691202784,2.6075433154656724,0.745144817563624,0.09032003678711502,1599.0,1.2936893203883495,15.971770234330224,0.11901750590225851,0.9436734977237498,1.236271569131373,0.9323380160320854,0.07616781516457892,0.16909385113268607,0.4377022653721683,0.6844660194174758,0.9878640776699029,,,,,,,,1236/66
rdkit_torsion_ref,RDKit random & Torsion perturb (ref),ref,generation,torsion_raw,fixed,,torsion_raw_fixed,Torsion perturb (raw),torsion_raw_fixed,1236,1109868.0,897.9514563106796,1236.0,1236.0,1236.0,1236000.0,1109868.0,126132.0,1000.0,0.10204854368932038,0.8979514563106796,2284000.0,0.0,567661.0,0.0,0.0,0.0,1236000.0,0.0,0.0,1.233673394291191,1.7465342911010644,96.08551468124884,31.179212853639005,46382.83094945484,66.94078532629955,2087.530585095355,0.4846452322544139,1.3277427015253578,,,316039.0,255.69498381877023,30.691532994265152,0.9161583901266079,0.15785575351501174,236.2902315072715,0.13246190277086,0.28491686473680566,76070.0,61.545307443365694,7.8080708201432865,0.7582415208031437,0.36752059110019486,51.64588362481504,0.32293979570203885,0.066897243663595,5960.0,4.82200647249191,0.6427995242054123,0.4205446220606013,0.7366823364314826,3.903703848668293,0.6921787594670433,0.003243940561808485,1796.0,1.4530744336569579,0.1780663927764983,0.16932126364116937,0.9203824393420673,1.34563236181141,0.9019683038304255,0.00017020256502457145,0.33171521035598706,0.5881877022653722,0.7766990291262136,0.9927184466019418,,,,,,,,1236/898
rdkit_torsion_ref,RDKit random & Torsion perturb (ref),ref,generation,torsion_raw,dynamic,,torsion_raw_dynamic,Torsion perturb (raw),torsion_raw_dynamic,1236,85998.0,69.57766990291262,1236.0,1236.0,1235.0,100033.0,85998.0,14035.0,80.93284789644012,0.10263938574384654,0.8973606142561534,2284000.0,0.0,567661.0,0.0,0.0,0.0,100033.0,0.0,0.0,1.2443366015468569,1.7473877467913383,91.60278664760077,35.617127481951194,14608.973507171546,67.23628787404644,1688.8082251623775,0.628059910531312,1.3267994394919111,,,60072.0,48.6412955465587,58.72131780189885,0.8854191522481379,0.21114687545563945,46.6074490964599,0.1743187038777663,0.5242204344179288,26735.0,21.647773279352226,25.684305443172352,0.7320433977822033,0.4225828588524051,19.1276775060121,0.36847881582975345,0.18664997074835626,4275.0,3.4615384615384617,7.996780566266032,0.3804009598452525,0.776065650292144,2.9304060826865044,0.7330313082004369,0.025945064973518017,1641.0,1.3287449392712551,6.115446366041184,0.13594080298939215,0.9379071378318753,1.2511387128039808,0.9237062472497968,0.011877605583813828,0.2194331983805668,0.4421052631578947,0.654251012145749,0.9910931174089069,,,,,,,,1236/70
rdkit_torsion_ref,RDKit random & Torsion perturb (ref),ref,generation,torsion_raw,chembl_count,,torsion_raw_chembl_count,Torsion perturb (raw),torsion_raw_chembl_count,1236,70449.0,56.99757281553398,1236.0,1236.0,1230.0,81962.0,70449.0,11513.0,66.31229773462783,0.10601091331708064,0.8939890866829193,2284000.0,0.0,567661.0,0.0,0.0,0.0,81962.0,0.0,0.0,1.3126424162510724,1.8090664466448165,83.56312195374778,40.139456504743784,12940.99786705868,81.25634665368763,1786.3726994287404,0.7088438877857233,1.3298724034928533,,,51092.0,41.53821138211382,73.25527308631037,0.838325361201732,0.27733449093085977,39.738558350649846,0.2445873497947016,0.6744761184364411,22337.0,18.160162601626016,39.508559542437595,0.6984153340204579,0.4519737377766787,16.032683228000156,0.40279637984798833,0.2950680241984886,3733.0,3.034959349593496,19.035767460084944,0.37500545807439406,0.7811148602970743,2.61161427094581,0.7396784870880335,0.09941244531815747,1596.0,1.2975609756097561,16.463643205853185,0.12591549539824057,0.9436932105067711,1.2225127215752998,0.9295487239049349,0.07602426706085243,0.12845528455284552,0.35284552845528455,0.6056910569105691,0.983739837398374,,,,,,,,1236/57
torsional_diffusion_ref,Torsional Diffusion (ref),ref,generation,torsional_diffusion_raw,fixed,,torsional_diffusion_raw_fixed,Torsional Diffusion,torsional_diffusion_raw_fixed,1236,1072447.0,867.6755663430421,1236.0,1236.0,1236.0,1235978.0,1072447.0,163531.0,1000.0,0.13232113950271673,0.8676755663430421,1235978.0,0.0,0.0,0.0,0.0,0.0,1235978.0,0.0,0.0,1.316591809653621,1.8743691686059345,105.56989814838312,50.791801393785285,135218.42070137974,79.75383006345618,5583.142722846453,0.3912664799110915,1.4156050602915295,,,220508.0,178.40453074433657,25.087939037735396,0.8171086320337011,0.20414889971077269,141.91817646767717,0.16206985712960847,0.3283019696837752,58635.0,47.439320388349515,8.028781006510943,0.7172845830837403,0.3698751325189645,34.14293322371869,0.3189550981645447,0.10992362461598344,6458.0,5.224919093851133,1.1461325286797956,0.44929598444190444,0.7085242877945535,4.142331634804767,0.6645008164431371,0.010743779880547996,2009.0,1.6254045307443366,0.29568970672628697,0.20416070136187975,0.9048694562206023,1.4744183631691974,0.8815680473280725,0.0007503318557946002,0.4522653721682848,0.7289644012944984,0.8624595469255664,0.9951456310679612,,,,,,,,1236/868
torsional_diffusion_ref,Torsional Diffusion (ref),ref,generation,torsional_diffusion_raw,dynamic,,torsional_diffusion_raw_dynamic,Torsional Diffusion,torsional_diffusion_raw_dynamic,1236,80653.0,65.2532362459547,1236.0,1236.0,1236.0,100033.0,80653.0,19380.0,80.93284789644012,0.13288459584699458,0.8671154041530055,1235978.0,0.0,0.0,0.0,0.0,0.0,100033.0,0.0,0.0,1.326956607179414,1.8756702841092674,100.21881170849271,55.88757699159392,17212.737757122915,80.02810653456152,1799.9711364014065,0.546615594621819,1.4212466195811573,,,46342.0,37.493527508090615,51.38228178086254,0.8465342389144794,0.25593395849664397,33.99052940782399,0.20545931857546287,0.49589731524037994,20605.0,16.67071197411003,25.47659818039813,0.7315169114316282,0.4223217828181115,13.911824328565304,0.3623309183657192,0.21177728571109034,4286.0,3.4676375404530746,9.311421708224792,0.417493766186905,0.7456476602065611,2.9188338403919185,0.7015800333969856,0.03727860407892415,1767.0,1.4296116504854368,6.601665979451317,0.17255098757697232,0.9225229753209148,1.3330367137306214,0.9027563192818625,0.011806059737676454,0.2872168284789644,0.5825242718446602,0.7524271844660194,0.9902912621359223,,,,,,,,1236/65
torsional_diffusion_ref,Torsional Diffusion (ref),ref,generation,torsional_diffusion_raw,chembl_count,,torsional_diffusion_raw_chembl_count,Torsional Diffusion,torsional_diffusion_raw_chembl_count,1236,67779.0,54.8373786407767,1236.0,1236.0,1229.0,81962.0,67779.0,14183.0,66.31229773462783,0.13469303206448704,0.865306967935513,1235978.0,0.0,0.0,0.0,0.0,0.0,81962.0,0.0,0.0,1.3994196896747182,1.9386510117764448,88.65497897401534,58.34871233007359,9617.365827715847,80.2476435918059,1097.842156462303,0.6279525988804738,1.4144103155626182,,,41578.0,33.830756712774615,66.49001211898069,0.8121285228892344,0.31263652893717603,30.5809186447617,0.26714583824503874,0.6310467841969968,18114.0,14.738812042310823,39.386143123819956,0.6872080175332725,0.45991480049714795,12.204467937335927,0.40491663457367205,0.32719900442934624,3857.0,3.1383238405207488,21.318835979953253,0.4092403365379861,0.754510469893175,2.65304920972878,0.7110838934273407,0.12728066109996178,1700.0,1.3832384052074858,17.877152332541083,0.15589622744809142,0.9299674851886146,1.2928951197000564,0.9111400338668514,0.08994543217967331,0.21562245728234336,0.5126118795768918,0.7013832384052074,0.9755899104963385,,,,,,,,1236/55
reference_ref,Reference datasets (ref),ref,reference,chembl3d_gt_pb,reference,,chembl3d_gt_pb,ChEMBL3D ground truth PB,chembl3d_gt_pb,1236,81807.0,66.1868932038835,,,,81807.0,,0.0,,,,,,,,,,,,,1.2209565668831872,1.7316731622676684,82.83323467226101,25.94593819853935,36.319373331522,30.652070062752376,2.8616726913675454,0.5517999668585163,1.2809029243892014,,,27042.0,21.87864077669903,47.921840439182844,0.8096068851478548,0.3175901350252193,18.45477352313891,0.27521692812736104,0.39335382917596984,9019.0,7.296925566343042,26.0615416827282,0.6857489100854776,0.49846636259618476,6.00856802685308,0.4464529541971626,0.14982151403281632,2392.0,1.935275080906149,17.110895647133287,0.34914276435421693,0.8128814748312337,1.7472654896663147,0.7817501117911392,0.08190991070238643,1443.0,1.1674757281553398,15.845703238237089,0.11040615563555815,0.9541459284370396,1.129246039673668,0.94324323947342,0.07702265372168285,0.2807443365695793,0.5946601941747572,0.7872168284789643,0.9749190938511327,,,,,88.0,0.0010757025682398816,0.0,1236/66
