key,metric,mean,ci_low,ci_high,bootstrap_n,seed
qwen_1p7b_fsq_bigdata_step47023,cov_p_075,46.805217391304346,31.34905434782609,62.43240217391302,10000,20260924
qwen_1p7b_fsq_bigdata_step47023,cov_r_075,90.96782608695653,80.2866195652174,98.89260869565216,10000,20260924
loqi_raw,cov_p_075,59.013043478260876,43.33891304347826,74.12173913043479,10000,20260924
loqi_raw,cov_r_075,91.21294595397134,81.60085367700125,97.65708278389845,10000,20260924
flowr_raw,cov_p_075,36.580076159522804,22.348846803145225,51.58282252878102,10000,20260924
flowr_raw,cov_r_075,81.32578876425691,64.612128915959,95.06691424236847,10000,20260924
torsional_diffusion_raw,cov_p_075,42.608695652173914,26.63902173913043,58.74347826086956,10000,20260924
torsional_diffusion_raw,cov_r_075,78.63497303999556,62.84774028817601,92.67055720322121,10000,20260924
mcf_drugs_l_raw,cov_p_075,39.1,25.260543478260868,53.69576086956522,10000,20260924
mcf_drugs_l_raw,cov_r_075,82.705143294684,66.88521829941332,95.11042247174692,10000,20260924
nextmol_dmt_l_raw,cov_p_075,36.94782608695652,23.582173913043476,51.16130434782607,10000,20260924
nextmol_dmt_l_raw,cov_r_075,82.67442340419855,66.93723062101968,95.14057959817632,10000,20260924
