label,smiles,name,num_true_confs,num_gen_confs,cov_r_075,cov_p_075,mat_r,mat_p,pb_pass_rate
qwen_1p7b_fsq_bigdata_step47023,O=CN(O)CCCP(=O)(O)O,Fosmidomycin,28,1000,1.0,0.515,0.2622,0.7162,0.991
qwen_1p7b_fsq_bigdata_step47023,CN1CCC[C@H]1c1cccnc1,Nicotine,76,1000,1.0,0.971,0.1402,0.3084,0.959
qwen_1p7b_fsq_bigdata_step47023,CC(=O)Nc1nnc(S(N)(=O)=O)s1,Acetazolamide,92,1000,1.0,0.853,0.162,0.4023,0.964
qwen_1p7b_fsq_bigdata_step47023,Oc1cc(Cl)ccc1Oc1ccc(Cl)cc1Cl,Triclosan,151,1000,1.0,0.835,0.0819,0.4494,0.996
qwen_1p7b_fsq_bigdata_step47023,O=C(O)Cc1ccccc1Nc1c(Cl)cccc1Cl,Diclofenac,55,1000,1.0,0.665,0.3046,0.6636,0.962
qwen_1p7b_fsq_bigdata_step47023,COc1cc(Cc2cnc(N)nc2N)cc(OC)c1OC,Trimethoprim,60,1000,1.0,0.901,0.2265,0.4845,1.0
qwen_1p7b_fsq_bigdata_step47023,CC(C)Cn1c(=O)n(C)c(=O)c2nc[nH]c21,IBMX,57,1000,1.0,1.0,0.0978,0.2085,0.997
qwen_1p7b_fsq_bigdata_step47023,OC(Cn1cncn1)(Cn1cncn1)c1ccc(F)cc1F,Fluconazole,32,994,1.0,0.0603,0.4151,1.2117,0.9245472837022132
qwen_1p7b_fsq_bigdata_step47023,O=C1CC[C@H](N2C(=O)c3ccccc3C2=O)C(=O)N1,S-thalidomide,73,1000,1.0,0.784,0.0925,0.4629,0.989
qwen_1p7b_fsq_bigdata_step47023,COc1ccc2c(c1)c(CC(=O)O)c(C)n2C(=O)c1ccc(Cl)cc1,Indomethacin,54,1000,1.0,0.728,0.3796,0.6462,1.0
qwen_1p7b_fsq_bigdata_step47023,Cc1cc(CCCOc2c(C)cc(-c3noc(C(F)(F)F)n3)cc2C)on1,Pleconaril,716,992,1.0,0.0332,0.5924,1.7038,0.9838709677419356
qwen_1p7b_fsq_bigdata_step47023,CC/C(=C(\c1ccc(O)cc1)c1ccc(OCCN(C)C)cc1)c1ccccc1,4-Hydroxytamoxifen,81,1000,1.0,0.208,0.5265,0.9452,0.992
qwen_1p7b_fsq_bigdata_step47023,CC(/C=C/C(=O)NO)=C\[C@@H](C)C(=O)c1ccc(N(C)C)cc1,Trichostatin A,35,1000,1.0,0.076,0.3448,1.654,0.969
qwen_1p7b_fsq_bigdata_step47023,O=C(N[C@H](CO)[C@H](O)c1ccc([N+](=O)[O-])cc1)C(Cl)Cl,Chloramphenicol,157,998,0.9872,0.4228,0.3488,0.7818,0.9719438877755512
qwen_1p7b_fsq_bigdata_step47023,CCOC(=O)Nc1cc(-c2ccc(C)c(NS(C)(=O)=O)c2)nn2c(C)nnc12,Bromosporine,23,1000,1.0,0.075,0.4924,1.2475,0.749
qwen_1p7b_fsq_bigdata_step47023,CC(C)C[C@H](NC(=O)[C@H](Cc1ccccc1)NC(=O)c1cnccn1)B(O)O,Bortezomib,189,1000,0.3703,0.055,0.7468,1.8937,0.045
qwen_1p7b_fsq_bigdata_step47023,COc1cc2c(c(OC)c1OC)-c1ccc(OC)c(=O)cc1[C@@H](NC(C)=O)CC2,Colchicine,30,1000,1.0,0.0709,0.3534,1.662,0.173
qwen_1p7b_fsq_bigdata_step47023,CCCCC[C@H](CC(=O)NO)C(=O)N[C@H](C(=O)N1CCC[C@H]1CO)C(C)C,Actinonin,99,999,0.0404,0.004,0.9904,1.7935,0.7717717717717718
qwen_1p7b_fsq_bigdata_step47023,Cc1ccc(NC(=O)c2ccc(CN3CCN(C)CC3)cc2)cc1Nc1nccc(-c2cccnc2)n1,Imatinib,57,999,0.7894,0.006,0.7248,1.7064,0.992992992992993
qwen_1p7b_fsq_bigdata_step47023,NS(=O)(=O)c1cc2c(cc1Cl)N[C@H]([C@H]1C[C@H]3C=C[C@@H]1C3)NS2(=O)=O,Cyclothiazide,146,1000,1.0,0.619,0.2245,0.6425,0.158
qwen_1p7b_fsq_bigdata_step47023,CC(C)CN(C[C@@H](O)[C@H](Cc1ccccc1)NC(=O)O[C@H]1CCOC1)S(=O)(=O)c1ccc(N)cc1,Amprenavir,30,1000,0.7666,0.001,0.7417,2.5664,0.731
qwen_1p7b_fsq_bigdata_step47023,CN[C@@H]1C[C@H]2O[C@@](C)([C@@H]1OC)n1c3ccccc3c3c4c(c5c6ccccc6n2c5c31)C(=O)NC4,Staurosporine,177,1000,1.0,0.893,0.1712,0.4673,0.948
qwen_1p7b_fsq_bigdata_step47023,C[C@@H]1C[C@H]2[C@@H]3CCC4=CC(=O)C=C[C@]4(C)[C@@]3(F)[C@@H](O)C[C@]2(C)[C@@]1(O)C(=O)CO,Dexamethasone,32,1000,0.9687,0.989,0.2074,0.3827,0.99
loqi_druglike,O=CN(O)CCCP(=O)(O)O,Fosmidomycin,28,1000,0.9642857142857144,0.409,0.3387738168239593,0.8235936164855957,1.0
loqi_druglike,CN1CCC[C@H]1c1cccnc1,Nicotine,76,1000,1.0,0.998,0.2246321588754654,0.1332641094923019,1.0
loqi_druglike,CC(=O)Nc1nnc(S(N)(=O)=O)s1,Acetazolamide,92,1000,0.9782608695652174,0.995,0.1773534715175628,0.1295361369848251,0.998
loqi_druglike,Oc1cc(Cl)ccc1Oc1ccc(Cl)cc1Cl,Triclosan,151,1000,1.0,0.953,0.1028079390525817,0.3070598244667053,1.0
loqi_druglike,CC(C)Cn1c(=O)n(C)c(=O)c2nc[nH]c21,IBMX,57,1000,1.0,1.0,0.2156610041856765,0.1431353688240051,1.0
loqi_druglike,O=C1CC[C@H](N2C(=O)c3ccccc3C2=O)C(=O)N1,S-thalidomide,73,1000,1.0,1.0,0.1146416366100311,0.1017287075519561,1.0
loqi_druglike,OC(Cn1cncn1)(Cn1cncn1)c1ccc(F)cc1F,Fluconazole,32,1000,0.96875,0.033,0.3991580307483673,1.3194371461868286,1.0
loqi_druglike,O=C(O)Cc1ccccc1Nc1c(Cl)cccc1Cl,Diclofenac,55,1000,0.8909090909090909,0.992,0.3159460127353668,0.2794921398162842,1.0
loqi_druglike,O=C(N[C@H](CO)[C@H](O)c1ccc([N+](=O)[O-])cc1)C(Cl)Cl,Chloramphenicol,157,1000,0.961783439490446,0.904,0.3199623227119446,0.4566201269626617,1.0
loqi_druglike,COc1cc(Cc2cnc(N)nc2N)cc(OC)c1OC,Trimethoprim,60,1000,1.0,0.884,0.2985514104366302,0.571377694606781,1.0
loqi_druglike,CC(/C=C/C(=O)NO)=C\[C@@H](C)C(=O)c1ccc(N(C)C)cc1,Trichostatin A,35,1000,1.0,0.497,0.3459041118621826,0.8093799948692322,0.987
loqi_druglike,COc1ccc2c(c1)c(CC(=O)O)c(C)n2C(=O)c1ccc(Cl)cc1,Indomethacin,54,1000,0.9444444444444444,1.0,0.4726926386356354,0.416962206363678,1.0
loqi_druglike,CC/C(=C(\c1ccc(O)cc1)c1ccc(OCCN(C)C)cc1)c1ccccc1,4-Hydroxytamoxifen,81,1000,1.0,0.459,0.4064144492149353,0.7422149777412415,0.998
loqi_druglike,CC(C)C[C@H](NC(=O)[C@H](Cc1ccccc1)NC(=O)c1cnccn1)B(O)O,Bortezomib,189,1000,0.6825396825396826,0.264,0.6436749696731567,1.2490206956863403,0.958
loqi_druglike,Cc1cc(CCCOc2c(C)cc(-c3noc(C(F)(F)F)n3)cc2C)on1,Pleconaril,716,1000,1.0,0.036,0.4934664964675903,1.6316062211990356,1.0
loqi_druglike,CCOC(=O)Nc1cc(-c2ccc(C)c(NS(C)(=O)=O)c2)nn2c(C)nnc12,Bromosporine,23,1000,0.9565217391304348,0.389,0.4122540950775146,0.8095599412918091,1.0
loqi_druglike,COc1cc2c(c(OC)c1OC)-c1ccc(OC)c(=O)cc1[C@@H](NC(C)=O)CC2,Colchicine,30,1000,1.0,0.519,0.2001191675662994,1.2842881679534912,0.993
loqi_druglike,NS(=O)(=O)c1cc2c(cc1Cl)N[C@H]([C@H]1C[C@H]3C=C[C@@H]1C3)NS2(=O)=O,Cyclothiazide,146,1000,1.0,0.479,0.2334862351417541,0.7561883330345154,0.911
loqi_druglike,CCCCC[C@H](CC(=O)NO)C(=O)N[C@H](C(=O)N1CCC[C@H]1CO)C(C)C,Actinonin,99,1000,0.6767676767676768,0.055,0.786227822303772,1.5103310346603394,0.983
loqi_druglike,Cc1ccc(NC(=O)c2ccc(CN3CCN(C)CC3)cc2)cc1Nc1nccc(-c2cccnc2)n1,Imatinib,57,1000,0.0526315789473684,0.008,2.303926706314087,2.032461881637573,1.0
loqi_druglike,CN[C@@H]1C[C@H]2O[C@@](C)([C@@H]1OC)n1c3ccccc3c3c4c(c5c6ccccc6n2c5c31)C(=O)NC4,Staurosporine,177,1000,1.0,0.869,0.1470006257295608,0.4126550853252411,0.094
loqi_druglike,C[C@@H]1C[C@H]2[C@@H]3CCC4=CC(=O)C=C[C@]4(C)[C@@]3(F)[C@@H](O)C[C@]2(C)[C@@]1(O)C(=O)CO,Dexamethasone,32,1000,0.96875,0.826,0.1848856210708618,0.402770459651947,0.061
loqi_druglike,CC(C)CN(C[C@@H](O)[C@H](Cc1ccccc1)NC(=O)O[C@H]1CCOC1)S(=O)(=O)c1ccc(N)cc1,Amprenavir,30,1000,0.9333333333333332,0.004,0.5374486446380615,2.434713840484619,0.923
mcf_drugs_l_druglike,O=CN(O)CCCP(=O)(O)O,Fosmidomycin,28,1000,1.0,0.13,0.3315832018852234,1.0730646848678589,0.993
mcf_drugs_l_druglike,CN1CCC[C@H]1c1cccnc1,Nicotine,76,1000,1.0,0.804,0.1983413994312286,0.5020197629928589,0.461
mcf_drugs_l_druglike,CC(=O)Nc1nnc(S(N)(=O)=O)s1,Acetazolamide,92,1000,0.9565217391304348,0.503,0.2314432561397552,0.6524965167045593,0.253
mcf_drugs_l_druglike,CC(C)Cn1c(=O)n(C)c(=O)c2nc[nH]c21,IBMX,57,1000,1.0,1.0,0.1735318899154663,0.1770672053098678,1.0
mcf_drugs_l_druglike,Oc1cc(Cl)ccc1Oc1ccc(Cl)cc1Cl,Triclosan,151,1000,1.0,0.653,0.1208269521594047,0.5843425989151001,1.0
mcf_drugs_l_druglike,O=C(O)Cc1ccccc1Nc1c(Cl)cccc1Cl,Diclofenac,55,1000,0.9636363636363636,0.478,0.3495948314666748,0.7098771929740906,0.999
mcf_drugs_l_druglike,O=C1CC[C@H](N2C(=O)c3ccccc3C2=O)C(=O)N1,S-thalidomide,73,1000,1.0,0.653,0.1425550282001495,0.6353945136070251,0.424
mcf_drugs_l_druglike,COc1cc(Cc2cnc(N)nc2N)cc(OC)c1OC,Trimethoprim,60,1000,1.0,0.872,0.3389497697353363,0.6000493168830872,1.0
mcf_drugs_l_druglike,O=C(N[C@H](CO)[C@H](O)c1ccc([N+](=O)[O-])cc1)C(Cl)Cl,Chloramphenicol,157,1000,0.9872611464968152,0.317,0.470368891954422,0.84912109375,0.24
mcf_drugs_l_druglike,OC(Cn1cncn1)(Cn1cncn1)c1ccc(F)cc1F,Fluconazole,32,1000,0.9375,0.127,0.405362606048584,1.1632119417190552,1.0
mcf_drugs_l_druglike,CC(/C=C/C(=O)NO)=C\[C@@H](C)C(=O)c1ccc(N(C)C)cc1,Trichostatin A,35,1000,1.0,0.085,0.4100194871425628,1.6142265796661377,0.483
mcf_drugs_l_druglike,CCOC(=O)Nc1cc(-c2ccc(C)c(NS(C)(=O)=O)c2)nn2c(C)nnc12,Bromosporine,23,1000,1.0,0.34,0.3883579075336456,0.8983514904975891,0.872
mcf_drugs_l_druglike,COc1ccc2c(c1)c(CC(=O)O)c(C)n2C(=O)c1ccc(Cl)cc1,Indomethacin,54,1000,0.9444444444444444,0.99,0.4776990413665771,0.5086092352867126,1.0
mcf_drugs_l_druglike,Cc1cc(CCCOc2c(C)cc(-c3noc(C(F)(F)F)n3)cc2C)on1,Pleconaril,716,1000,1.0,0.043,0.490478903055191,2.1450157165527344,0.999
mcf_drugs_l_druglike,CC/C(=C(\c1ccc(O)cc1)c1ccc(OCCN(C)C)cc1)c1ccccc1,4-Hydroxytamoxifen,81,1000,1.0,0.174,0.4215236604213714,0.9995086789131165,0.996
mcf_drugs_l_druglike,COc1cc2c(c(OC)c1OC)-c1ccc(OC)c(=O)cc1[C@@H](NC(C)=O)CC2,Colchicine,30,1000,1.0,0.058,0.3378815948963165,1.9184294939041135,0.595
mcf_drugs_l_druglike,CC(C)C[C@H](NC(=O)[C@H](Cc1ccccc1)NC(=O)c1cnccn1)B(O)O,Bortezomib,189,1000,0.2539682539682539,0.015,0.9502965807914734,1.7399245500564575,0.266
mcf_drugs_l_druglike,NS(=O)(=O)c1cc2c(cc1Cl)N[C@H]([C@H]1C[C@H]3C=C[C@@H]1C3)NS2(=O)=O,Cyclothiazide,146,1000,1.0,0.143,0.2974757850170135,1.0063365697860718,0.084
mcf_drugs_l_druglike,CCCCC[C@H](CC(=O)NO)C(=O)N[C@H](C(=O)N1CCC[C@H]1CO)C(C)C,Actinonin,99,1000,0.0101010101010101,0.001,1.2959095239639282,2.3711278438568115,0.248
mcf_drugs_l_druglike,C[C@@H]1C[C@H]2[C@@H]3CCC4=CC(=O)C=C[C@]4(C)[C@@]3(F)[C@@H](O)C[C@]2(C)[C@@]1(O)C(=O)CO,Dexamethasone,32,1000,0.96875,0.851,0.2306672185659408,0.6400903463363647,0.795
mcf_drugs_l_druglike,CC(C)CN(C[C@@H](O)[C@H](Cc1ccccc1)NC(=O)O[C@H]1CCOC1)S(=O)(=O)c1ccc(N)cc1,Amprenavir,30,1000,0.0,0.0,1.0349177122116089,2.9366159439086914,0.086
mcf_drugs_l_druglike,CN[C@@H]1C[C@H]2O[C@@](C)([C@@H]1OC)n1c3ccccc3c3c4c(c5c6ccccc6n2c5c31)C(=O)NC4,Staurosporine,177,1000,1.0,0.756,0.2231549620628357,0.7318755984306335,0.197
mcf_drugs_l_druglike,Cc1ccc(NC(=O)c2ccc(CN3CCN(C)CC3)cc2)cc1Nc1nccc(-c2cccnc2)n1,Imatinib,57,1000,0.0,0.0,1.7318720817565918,3.4942843914031982,0.656
nextmol_dmt_l_druglike,O=CN(O)CCCP(=O)(O)O,Fosmidomycin,28,1000,0.9642857142857144,0.051,0.6033248901367188,1.201736330986023,1.0
nextmol_dmt_l_druglike,CN1CCC[C@H]1c1cccnc1,Nicotine,76,1000,1.0,0.856,0.1815766841173172,0.4832088947296142,0.485
nextmol_dmt_l_druglike,CC(=O)Nc1nnc(S(N)(=O)=O)s1,Acetazolamide,92,1000,0.9565217391304348,0.507,0.2288073003292083,0.6681761741638184,0.21
nextmol_dmt_l_druglike,CC(C)Cn1c(=O)n(C)c(=O)c2nc[nH]c21,IBMX,57,1000,1.0,1.0,0.1678650379180908,0.1725216060876846,1.0
nextmol_dmt_l_druglike,Oc1cc(Cl)ccc1Oc1ccc(Cl)cc1Cl,Triclosan,151,1000,1.0,0.618,0.1275719851255417,0.6149628162384033,1.0
nextmol_dmt_l_druglike,O=C(O)Cc1ccccc1Nc1c(Cl)cccc1Cl,Diclofenac,55,1000,0.9636363636363636,0.583,0.3568711280822754,0.6328049302101135,1.0
nextmol_dmt_l_druglike,O=C1CC[C@H](N2C(=O)c3ccccc3C2=O)C(=O)N1,S-thalidomide,73,1000,1.0,0.816,0.1601589173078537,0.5062291622161865,0.537
nextmol_dmt_l_druglike,O=C(N[C@H](CO)[C@H](O)c1ccc([N+](=O)[O-])cc1)C(Cl)Cl,Chloramphenicol,157,1000,0.9808917197452228,0.247,0.5361626148223877,0.8892526030540466,0.248
nextmol_dmt_l_druglike,CC(/C=C/C(=O)NO)=C\[C@@H](C)C(=O)c1ccc(N(C)C)cc1,Trichostatin A,35,1000,0.9714285714285714,0.149,0.3947762846946716,1.3756264448165894,0.513
nextmol_dmt_l_druglike,COc1cc(Cc2cnc(N)nc2N)cc(OC)c1OC,Trimethoprim,60,1000,1.0,0.86,0.3354624509811401,0.6019919514656067,1.0
nextmol_dmt_l_druglike,OC(Cn1cncn1)(Cn1cncn1)c1ccc(F)cc1F,Fluconazole,32,1000,0.96875,0.093,0.396484911441803,1.168583631515503,1.0
nextmol_dmt_l_druglike,COc1ccc2c(c1)c(CC(=O)O)c(C)n2C(=O)c1ccc(Cl)cc1,Indomethacin,54,1000,0.9444444444444444,0.981,0.4502691030502319,0.5044782757759094,1.0
nextmol_dmt_l_druglike,Cc1cc(CCCOc2c(C)cc(-c3noc(C(F)(F)F)n3)cc2C)on1,Pleconaril,716,1000,1.0,0.079,0.4761247336864471,1.9121222496032717,1.0
nextmol_dmt_l_druglike,CCOC(=O)Nc1cc(-c2ccc(C)c(NS(C)(=O)=O)c2)nn2c(C)nnc12,Bromosporine,23,1000,1.0,0.374,0.3874969184398651,0.8636263608932495,0.935
nextmol_dmt_l_druglike,CC/C(=C(\c1ccc(O)cc1)c1ccc(OCCN(C)C)cc1)c1ccccc1,4-Hydroxytamoxifen,81,1000,1.0,0.213,0.3940683901309967,1.0193520784378052,0.942
nextmol_dmt_l_druglike,CC(C)C[C@H](NC(=O)[C@H](Cc1ccccc1)NC(=O)c1cnccn1)B(O)O,Bortezomib,189,1000,0.2857142857142857,0.016,0.8729444146156311,1.752504825592041,0.253
nextmol_dmt_l_druglike,COc1cc2c(c(OC)c1OC)-c1ccc(OC)c(=O)cc1[C@@H](NC(C)=O)CC2,Colchicine,30,1000,1.0,0.165,0.3164305090904236,1.6391077041625977,0.502
nextmol_dmt_l_druglike,NS(=O)(=O)c1cc2c(cc1Cl)N[C@H]([C@H]1C[C@H]3C=C[C@@H]1C3)NS2(=O)=O,Cyclothiazide,146,1000,0.9931506849315068,0.068,0.3302461802959442,1.0275490283966064,0.055
nextmol_dmt_l_druglike,CCCCC[C@H](CC(=O)NO)C(=O)N[C@H](C(=O)N1CCC[C@H]1CO)C(C)C,Actinonin,99,1000,0.0,0.0,0.9964933395385742,2.3636727333068848,0.18
nextmol_dmt_l_druglike,CC(C)CN(C[C@@H](O)[C@H](Cc1ccccc1)NC(=O)O[C@H]1CCOC1)S(=O)(=O)c1ccc(N)cc1,Amprenavir,30,1000,0.0,0.0,1.3648720979690552,2.794142961502075,0.135
nextmol_dmt_l_druglike,C[C@@H]1C[C@H]2[C@@H]3CCC4=CC(=O)C=C[C@]4(C)[C@@]3(F)[C@@H](O)C[C@]2(C)[C@@]1(O)C(=O)CO,Dexamethasone,32,1000,0.96875,0.358,0.2453489005565643,1.1014419794082642,0.24
nextmol_dmt_l_druglike,Cc1ccc(NC(=O)c2ccc(CN3CCN(C)CC3)cc2)cc1Nc1nccc(-c2cccnc2)n1,Imatinib,57,1000,0.0175438596491228,0.013,1.1930910348892212,2.563832521438598,0.873
nextmol_dmt_l_druglike,CN[C@@H]1C[C@H]2O[C@@](C)([C@@H]1OC)n1c3ccccc3c3c4c(c5c6ccccc6n2c5c31)C(=O)NC4,Staurosporine,177,1000,1.0,0.451,0.1602214276790619,1.093463897705078,0.2
torsional_diffusion_druglike,CN1CCC[C@H]1c1cccnc1,Nicotine,76,1000,1.0,0.995,0.1280340254306793,0.2897640466690063,1.0
torsional_diffusion_druglike,O=CN(O)CCCP(=O)(O)O,Fosmidomycin,28,1000,1.0,0.087,0.3680358231067657,1.0810383558273315,0.857
torsional_diffusion_druglike,CC(=O)Nc1nnc(S(N)(=O)=O)s1,Acetazolamide,92,1000,1.0,0.487,0.2077104300260543,0.6731142401695251,0.491
torsional_diffusion_druglike,CC(C)Cn1c(=O)n(C)c(=O)c2nc[nH]c21,IBMX,57,1000,1.0,1.0,0.1228063330054283,0.178661972284317,0.997
torsional_diffusion_druglike,Oc1cc(Cl)ccc1Oc1ccc(Cl)cc1Cl,Triclosan,151,1000,1.0,0.594,0.1598703265190124,0.6805272102355957,0.998
torsional_diffusion_druglike,O=C1CC[C@H](N2C(=O)c3ccccc3C2=O)C(=O)N1,S-thalidomide,73,1000,1.0,0.979,0.1344305127859115,0.3389945924282074,0.973
torsional_diffusion_druglike,O=C(N[C@H](CO)[C@H](O)c1ccc([N+](=O)[O-])cc1)C(Cl)Cl,Chloramphenicol,157,1000,0.9808917197452228,0.498,0.4384091198444366,0.7612281441688538,0.948
torsional_diffusion_druglike,O=C(O)Cc1ccccc1Nc1c(Cl)cccc1Cl,Diclofenac,55,1000,1.0,0.524,0.2958085834980011,0.6955595016479492,0.952
torsional_diffusion_druglike,COc1cc(Cc2cnc(N)nc2N)cc(OC)c1OC,Trimethoprim,60,1000,1.0,0.817,0.3209341168403625,0.6198066473007202,0.999
torsional_diffusion_druglike,COc1ccc2c(c1)c(CC(=O)O)c(C)n2C(=O)c1ccc(Cl)cc1,Indomethacin,54,1000,0.9814814814814816,0.968,0.3694896996021271,0.5135946273803711,1.0
torsional_diffusion_druglike,OC(Cn1cncn1)(Cn1cncn1)c1ccc(F)cc1F,Fluconazole,32,1000,1.0,0.07,0.3569386601448059,1.2465002536773682,0.978
torsional_diffusion_druglike,CC(/C=C/C(=O)NO)=C\[C@@H](C)C(=O)c1ccc(N(C)C)cc1,Trichostatin A,35,1000,0.9714285714285714,0.1,0.4073442816734314,1.627843141555786,0.788
torsional_diffusion_druglike,Cc1cc(CCCOc2c(C)cc(-c3noc(C(F)(F)F)n3)cc2C)on1,Pleconaril,716,1000,0.4273743016759777,0.002,0.7933026552200317,2.913076639175415,0.934
torsional_diffusion_druglike,CCOC(=O)Nc1cc(-c2ccc(C)c(NS(C)(=O)=O)c2)nn2c(C)nnc12,Bromosporine,23,1000,1.0,0.191,0.4406628906726837,1.008545160293579,0.77
torsional_diffusion_druglike,CC/C(=C(\c1ccc(O)cc1)c1ccc(OCCN(C)C)cc1)c1ccccc1,4-Hydroxytamoxifen,81,1000,1.0,0.076,0.4581801891326904,1.582342267036438,0.53
torsional_diffusion_druglike,CC(C)C[C@H](NC(=O)[C@H](Cc1ccccc1)NC(=O)c1cnccn1)B(O)O,Bortezomib,189,1000,0.5026455026455027,0.025,0.766950249671936,1.848048448562622,0.809
torsional_diffusion_druglike,NS(=O)(=O)c1cc2c(cc1Cl)N[C@H]([C@H]1C[C@H]3C=C[C@@H]1C3)NS2(=O)=O,Cyclothiazide,146,1000,1.0,0.525,0.2284700870513916,0.73130202293396,0.969
torsional_diffusion_druglike,COc1cc2c(c(OC)c1OC)-c1ccc(OC)c(=O)cc1[C@@H](NC(C)=O)CC2,Colchicine,30,1000,0.0,0.0,0.9410892724990844,1.7988879680633545,0.514
torsional_diffusion_druglike,C[C@@H]1C[C@H]2[C@@H]3CCC4=CC(=O)C=C[C@]4(C)[C@@]3(F)[C@@H](O)C[C@]2(C)[C@@]1(O)C(=O)CO,Dexamethasone,32,1000,1.0,0.857,0.2689719796180725,0.5731859803199768,0.998
torsional_diffusion_druglike,CCCCC[C@H](CC(=O)NO)C(=O)N[C@H](C(=O)N1CCC[C@H]1CO)C(C)C,Actinonin,99,1000,0.2222222222222222,0.005,0.8973427414894104,1.961452603340149,0.682
torsional_diffusion_druglike,CN[C@@H]1C[C@H]2O[C@@](C)([C@@H]1OC)n1c3ccccc3c3c4c(c5c6ccccc6n2c5c31)C(=O)NC4,Staurosporine,177,1000,1.0,1.0,0.1846083998680114,0.2742617726325989,0.946
torsional_diffusion_druglike,Cc1ccc(NC(=O)c2ccc(CN3CCN(C)CC3)cc2)cc1Nc1nccc(-c2cccnc2)n1,Imatinib,57,1000,0.0,0.0,1.054589867591858,3.1699438095092773,0.56
torsional_diffusion_druglike,CC(C)CN(C[C@@H](O)[C@H](Cc1ccccc1)NC(=O)O[C@H]1CCOC1)S(=O)(=O)c1ccc(N)cc1,Amprenavir,30,1000,0.0,0.0,1.1217148303985596,2.7719056606292725,0.481
flowr_druglike,CC(=O)Nc1nnc(S(N)(=O)=O)s1,Acetazolamide,92,1000,1.0,0.647,0.3436810970306396,0.5719667077064514,0.444
flowr_druglike,O=CN(O)CCCP(=O)(O)O,Fosmidomycin,28,1000,1.0,0.268,0.3993122279644012,0.8565502762794495,1.0
flowr_druglike,CN1CCC[C@H]1c1cccnc1,Nicotine,76,1000,1.0,0.938,0.2666049003601074,0.3157957792282104,0.979
flowr_druglike,Oc1cc(Cl)ccc1Oc1ccc(Cl)cc1Cl,Triclosan,151,1000,1.0,0.802,0.1991654336452484,0.4914197325706482,0.982
flowr_druglike,CC(C)Cn1c(=O)n(C)c(=O)c2nc[nH]c21,IBMX,57,1000,1.0,0.981,0.1535219848155975,0.1970474272966385,0.981
flowr_druglike,C[C@@H]1C[C@H]2[C@@H]3CCC4=CC(=O)C=C[C@]4(C)[C@@]3(F)[C@@H](O)C[C@]2(C)[C@@]1(O)C(=O)CO,Dexamethasone,32,121,1.0,0.5041322314049587,0.2182061672210693,1.1136635541915894,0.71900826446281
flowr_druglike,O=C1CC[C@H](N2C(=O)c3ccccc3C2=O)C(=O)N1,S-thalidomide,73,1000,1.0,0.889,0.1458185911178589,0.4731985032558441,0.952
flowr_druglike,O=C(O)Cc1ccccc1Nc1c(Cl)cccc1Cl,Diclofenac,55,1000,1.0,0.622,0.2547172605991363,0.6248193383216858,0.961
flowr_druglike,COc1cc(Cc2cnc(N)nc2N)cc(OC)c1OC,Trimethoprim,60,1000,1.0,0.759,0.325468361377716,0.7084574699401855,0.944
flowr_druglike,O=C(N[C@H](CO)[C@H](O)c1ccc([N+](=O)[O-])cc1)C(Cl)Cl,Chloramphenicol,157,1000,0.9808917197452228,0.24,0.4360511004924774,0.9074891209602356,0.971
flowr_druglike,OC(Cn1cncn1)(Cn1cncn1)c1ccc(F)cc1F,Fluconazole,32,1000,1.0,0.085,0.3810010850429535,1.1763408184051514,0.963
flowr_druglike,CC(/C=C/C(=O)NO)=C\[C@@H](C)C(=O)c1ccc(N(C)C)cc1,Trichostatin A,35,1000,0.9714285714285714,0.041,0.5678076148033142,1.4990476369857788,0.952
flowr_druglike,COc1ccc2c(c1)c(CC(=O)O)c(C)n2C(=O)c1ccc(Cl)cc1,Indomethacin,54,1000,1.0,0.782,0.3533460795879364,0.6776008009910583,0.928
flowr_druglike,NS(=O)(=O)c1cc2c(cc1Cl)N[C@H]([C@H]1C[C@H]3C=C[C@@H]1C3)NS2(=O)=O,Cyclothiazide,146,1000,1.0,0.397,0.2402886152267456,0.9210496544837952,0.939
flowr_druglike,Cc1cc(CCCOc2c(C)cc(-c3noc(C(F)(F)F)n3)cc2C)on1,Pleconaril,716,1000,0.7960893854748603,0.014,0.6446855664253235,2.2349977493286133,0.954
flowr_druglike,CCOC(=O)Nc1cc(-c2ccc(C)c(NS(C)(=O)=O)c2)nn2c(C)nnc12,Bromosporine,23,1000,0.9565217391304348,0.04,0.515104353427887,1.4464457035064695,0.624
flowr_druglike,COc1cc2c(c(OC)c1OC)-c1ccc(OC)c(=O)cc1[C@@H](NC(C)=O)CC2,Colchicine,30,1000,1.0,0.045,0.4397922158241272,2.0192041397094727,0.701
flowr_druglike,CCCCC[C@H](CC(=O)NO)C(=O)N[C@H](C(=O)N1CCC[C@H]1CO)C(C)C,Actinonin,99,1000,0.0,0.0,1.0667799711227417,2.059497117996216,0.961
flowr_druglike,CC/C(=C(\c1ccc(O)cc1)c1ccc(OCCN(C)C)cc1)c1ccccc1,4-Hydroxytamoxifen,81,1000,1.0,0.074,0.5711283087730408,1.417988419532776,0.0
flowr_druglike,CC(C)C[C@H](NC(=O)[C@H](Cc1ccccc1)NC(=O)c1cnccn1)B(O)O,Bortezomib,189,1000,0.0,0.0,1.736448884010315,3.1655306816101074,0.004
flowr_druglike,CC(C)CN(C[C@@H](O)[C@H](Cc1ccccc1)NC(=O)O[C@H]1CCOC1)S(=O)(=O)c1ccc(N)cc1,Amprenavir,30,1000,0.0,0.0,1.3321515321731567,2.7272634506225586,0.822
flowr_druglike,Cc1ccc(NC(=O)c2ccc(CN3CCN(C)CC3)cc2)cc1Nc1nccc(-c2cccnc2)n1,Imatinib,57,1000,0.0,0.0,1.2323626279830933,3.008127450942993,0.756
flowr_druglike,CN[C@@H]1C[C@H]2O[C@@](C)([C@@H]1OC)n1c3ccccc3c3c4c(c5c6ccccc6n2c5c31)C(=O)NC4,Staurosporine,177,999,1.0,0.2852852852852853,0.1865168809890747,1.4234129190444946,0.4554554554554554
