ligand_set,run_id,run_label,source,family,tier,method,energy_window,n_ligands,n_ligands_with_window_confs,mean_fraction_window_confs,mean_n_window_confs,mean_best_rmsd_window,mean_clusters_1p0_window,mean_clusters_per_100_1p0_window,mean_entropy_1p0_window,mean_largest_cluster_fraction_1p0_window,mean_useful_low_energy_clusters,hit_0p25_window,hit_0p5_window,hit_0p75_window,hit_2p0_window,hit_retention_deltaE_10,cluster_retention_deltaE_10
core,loqi_core,LOQI (core),loqi_raw_fixed,loqi_raw,fixed,loqi_raw_fixed,all,94,90,0.9574468085106383,957.063829787234,0.341474565734102,20.7,2.0711917223976597,0.6315675937778971,0.4829544097284505,,0.5319148936170213,0.7872340425531915,0.8191489361702128,0.9574468085106383,0.961038961038961,0.5426731078904992
core,loqi_core,LOQI (core),loqi_raw_fixed,loqi_raw,fixed,loqi_raw_fixed,deltaE_10,94,90,0.7704170361350697,770.2659574468086,0.40859156436956806,11.233333333333333,3.0491348469334123,0.6263740292768735,0.5155733164461013,1.3617021276595744,0.5106382978723404,0.7659574468085106,0.7872340425531915,0.9574468085106383,0.961038961038961,0.5426731078904992
core,loqi_core,LOQI (core),loqi_raw_fixed,loqi_raw,fixed,loqi_raw_fixed,deltaE_20,94,90,0.9094666503081249,909.2127659574468,0.34747910782086605,17.466666666666665,2.3474818846715744,0.630493006081088,0.49280747798289215,,0.5212765957446809,0.776595744680851,0.8191489361702128,0.9574468085106383,0.961038961038961,0.5426731078904992
core,loqi_core,LOQI (core),loqi_raw_fixed,loqi_raw,fixed,loqi_raw_fixed,deltaE_5,94,90,0.5759063308702237,575.8297872340426,0.526815084442804,6.011111111111111,5.378896990499186,0.6303007007214796,0.5588161333433596,,0.48936170212765956,0.6702127659574468,0.7340425531914894,0.9148936170212766,0.961038961038961,0.5426731078904992
core,loqi_core,LOQI (core),loqi_raw_fixed,loqi_raw,fixed,loqi_raw_fixed,deltaE_50,94,90,0.9563066783073574,955.936170212766,0.341474565734102,20.655555555555555,2.0697552807824593,0.6319914413493237,0.4831829091655257,,0.5319148936170213,0.7872340425531915,0.8191489361702128,0.9574468085106383,0.961038961038961,0.5426731078904992
core,mcf_drugs_l_core,MCF drugs-L (core),mcf_drugs_l_raw_fixed,mcf_drugs_l_raw,fixed,mcf_drugs_l_raw_fixed,all,94,93,0.9893617021276596,860.4574468085107,0.38723553550990425,33.666666666666664,6.406671748376655,0.7129216578147208,0.40618528383528546,,0.4574468085106383,0.7446808510638298,0.8404255319148937,0.9893617021276596,0.8987341772151899,0.3436601724688598
core,mcf_drugs_l_core,MCF drugs-L (core),mcf_drugs_l_raw_fixed,mcf_drugs_l_raw,fixed,mcf_drugs_l_raw_fixed,deltaE_10,94,93,0.6312266906713017,570.6702127659574,0.47631211707793203,11.56989247311828,10.028693880166587,0.6986786032721896,0.4673078861337298,1.3829787234042554,0.43617021276595747,0.6702127659574468,0.7553191489361702,0.9680851063829787,0.8987341772151899,0.3436601724688598
core,mcf_drugs_l_core,MCF drugs-L (core),mcf_drugs_l_raw_fixed,mcf_drugs_l_raw,fixed,mcf_drugs_l_raw_fixed,deltaE_20,94,93,0.839894112471303,739.8510638297872,0.415906303835565,21.268817204301076,7.109771847401388,0.7173756531698295,0.4218365254961352,,0.44680851063829785,0.7340425531914894,0.8191489361702128,0.9787234042553191,0.8987341772151899,0.3436601724688598
core,mcf_drugs_l_core,MCF drugs-L (core),mcf_drugs_l_raw_fixed,mcf_drugs_l_raw,fixed,mcf_drugs_l_raw_fixed,deltaE_5,94,93,0.37220657367124377,337.01063829787233,0.6204375613401059,5.763440860215054,15.139425594911298,0.6696026126708092,0.5494669438525799,,0.39361702127659576,0.5851063829787234,0.648936170212766,0.9361702127659575,0.8987341772151899,0.3436601724688598
core,mcf_drugs_l_core,MCF drugs-L (core),mcf_drugs_l_raw_fixed,mcf_drugs_l_raw,fixed,mcf_drugs_l_raw_fixed,deltaE_50,94,93,0.9673771202153275,842.4893617021277,0.38909992383650727,31.021505376344088,6.473105149258864,0.7157856722381017,0.40575630016913633,,0.4574468085106383,0.7446808510638298,0.8404255319148937,0.9893617021276596,0.8987341772151899,0.3436601724688598
core,nextmol_dmt_l_core,NextMol DMT-L (core),nextmol_dmt_l_raw_fixed,nextmol_dmt_l_raw,fixed,nextmol_dmt_l_raw_fixed,all,94,93,0.9893617021276596,860.9148936170212,0.3953983473399152,31.032258064516128,5.706327329061926,0.7175414524612681,0.4085772976874742,,0.4574468085106383,0.7446808510638298,0.8404255319148937,0.9787234042553191,0.9746835443037974,0.46881496881496887
core,nextmol_dmt_l_core,NextMol DMT-L (core),nextmol_dmt_l_raw_fixed,nextmol_dmt_l_raw,fixed,nextmol_dmt_l_raw_fixed,deltaE_10,94,93,0.7301798644785842,652.2127659574468,0.4479525808057244,14.548387096774194,7.788072180247163,0.7146804740901403,0.4453686257294887,1.3617021276595744,0.44680851063829785,0.7340425531914894,0.8191489361702128,0.9680851063829787,0.9746835443037974,0.46881496881496887
core,nextmol_dmt_l_core,NextMol DMT-L (core),nextmol_dmt_l_raw_fixed,nextmol_dmt_l_raw,fixed,nextmol_dmt_l_raw_fixed,deltaE_20,94,93,0.9105958368329838,797.2127659574468,0.40089472213403077,23.06451612903226,5.6961392632539605,0.7169851689254816,0.4162834039702665,,0.4574468085106383,0.7446808510638298,0.8404255319148937,0.9787234042553191,0.9746835443037974,0.46881496881496887
core,nextmol_dmt_l_core,NextMol DMT-L (core),nextmol_dmt_l_raw_fixed,nextmol_dmt_l_raw,fixed,nextmol_dmt_l_raw_fixed,deltaE_5,94,93,0.47528450998444255,431.4148936170213,0.5839013956426842,6.741935483870968,12.04214155645785,0.6862956168366066,0.5245557185434705,,0.39361702127659576,0.6382978723404256,0.723404255319149,0.9468085106382979,0.9746835443037974,0.46881496881496887
core,nextmol_dmt_l_core,NextMol DMT-L (core),nextmol_dmt_l_raw_fixed,nextmol_dmt_l_raw,fixed,nextmol_dmt_l_raw_fixed,deltaE_50,94,93,0.9854503327467959,857.8617021276596,0.3953983473399152,30.666666666666668,5.701708120045013,0.7177005414984895,0.4083590248522589,,0.4574468085106383,0.7446808510638298,0.8404255319148937,0.9787234042553191,0.9746835443037974,0.46881496881496887
core,qwen_core,Qwen (core),qwen_0p6b_bigdata_fixed,qwen_0p6b_bigdata,fixed,qwen_0p6b_bigdata_fixed,all,94,93,0.9893617021276596,851.1595744680851,0.35688708692769305,74.58064516129032,11.093834392795996,0.6826841241518464,0.36871214737124214,,0.4787234042553192,0.7127659574468085,0.851063829787234,0.9893617021276596,0.825,0.12658592848904268
core,qwen_core,Qwen (core),qwen_0p6b_bigdata_fixed,qwen_0p6b_bigdata,fixed,qwen_0p6b_bigdata_fixed,deltaE_10,94,93,0.1974200274721492,169.5531914893617,0.52596769655905,9.440860215053764,22.658344189413636,0.7093729098051985,0.4795647470649838,1.202127659574468,0.4148936170212766,0.6170212765957447,0.7021276595744681,0.9893617021276596,0.825,0.12658592848904268
core,qwen_core,Qwen (core),qwen_0p6b_bigdata_fixed,qwen_0p6b_bigdata,fixed,qwen_0p6b_bigdata_fixed,deltaE_20,94,93,0.5188719945492966,458.3191489361702,0.38765709818329336,25.774193548387096,13.80429403500955,0.6943062104136739,0.4189903539528268,,0.4574468085106383,0.6914893617021277,0.8191489361702128,0.9893617021276596,0.825,0.12658592848904268
core,qwen_core,Qwen (core),qwen_0p6b_bigdata_fixed,qwen_0p6b_bigdata,fixed,qwen_0p6b_bigdata_fixed,deltaE_5,94,93,0.05788785031841967,39.159574468085104,0.685834140975376,3.924731182795699,36.608078954329,0.6510486862027858,0.5942978233918423,,0.26595744680851063,0.48936170212765956,0.6276595744680851,0.9574468085106383,0.825,0.12658592848904268
core,qwen_core,Qwen (core),qwen_0p6b_bigdata_fixed,qwen_0p6b_bigdata,fixed,qwen_0p6b_bigdata_fixed,deltaE_50,94,93,0.8838601089917969,769.0851063829788,0.3592409112613087,57.1505376344086,10.623467043256735,0.7075891132434435,0.37632229215078405,,0.4787234042553192,0.7127659574468085,0.851063829787234,0.9893617021276596,0.825,0.12658592848904268
core,qwen_core,Qwen (core),qwen_0p6b_bigdata_to_revisited_fixed,qwen_0p6b_bigdata_to_revisited,fixed,qwen_0p6b_bigdata_to_revisited_fixed,all,94,91,0.9680851063829787,832.8723404255319,0.44820072513561293,51.032967032967036,8.153743267738363,0.7098254685207748,0.3608271144838456,,0.5,0.6702127659574468,0.7659574468085106,0.9574468085106383,0.875,0.1367355727820844
core,qwen_core,Qwen (core),qwen_0p6b_bigdata_to_revisited_fixed,qwen_0p6b_bigdata_to_revisited,fixed,qwen_0p6b_bigdata_to_revisited_fixed,deltaE_10,94,91,0.23123746127414072,220.67021276595744,0.6033406691730981,6.978021978021978,20.127616641598188,0.6868402090138731,0.5033159579683524,1.127659574468085,0.4148936170212766,0.5851063829787234,0.6702127659574468,0.9361702127659575,0.875,0.1367355727820844
core,qwen_core,Qwen (core),qwen_0p6b_bigdata_to_revisited_fixed,qwen_0p6b_bigdata_to_revisited,fixed,qwen_0p6b_bigdata_to_revisited_fixed,deltaE_20,94,91,0.5621672574748335,523.9468085106383,0.48787091959329715,15.824175824175825,11.703577903920717,0.7173654823957377,0.41319060931126056,,0.5,0.6595744680851063,0.723404255319149,0.9574468085106383,0.875,0.1367355727820844
core,qwen_core,Qwen (core),qwen_0p6b_bigdata_to_revisited_fixed,qwen_0p6b_bigdata_to_revisited,fixed,qwen_0p6b_bigdata_to_revisited_fixed,deltaE_5,94,91,0.05525329643596048,52.776595744680854,0.7775351226892246,3.142857142857143,33.54112087902792,0.5946327647077038,0.6383172439329566,,0.32978723404255317,0.46808510638297873,0.574468085106383,0.9148936170212766,0.875,0.1367355727820844
core,qwen_core,Qwen (core),qwen_0p6b_bigdata_to_revisited_fixed,qwen_0p6b_bigdata_to_revisited,fixed,qwen_0p6b_bigdata_to_revisited_fixed,deltaE_50,94,91,0.8667826444339735,765.7021276595744,0.4537731283311417,37.0,8.077067511152004,0.7308416191403765,0.37022544446737726,,0.5,0.6702127659574468,0.7553191489361702,0.9574468085106383,0.875,0.1367355727820844
core,qwen_core,Qwen (core),qwen_0p6b_fsq_bigdata_pretrain_fixed,qwen_0p6b_fsq_bigdata_pretrain,fixed,qwen_0p6b_fsq_bigdata_pretrain_fixed,all,94,91,0.9680851063829787,926.3510638297872,0.3340744104878752,76.53846153846153,9.385233412681405,0.7181140272169015,0.3648340590008538,,0.46808510638297873,0.7659574468085106,0.8617021276595744,0.9574468085106383,0.9506172839506173,0.23776022972002872
core,qwen_core,Qwen (core),qwen_0p6b_fsq_bigdata_pretrain_fixed,qwen_0p6b_fsq_bigdata_pretrain,fixed,qwen_0p6b_fsq_bigdata_pretrain_fixed,deltaE_10,94,91,0.49748452365414325,481.28723404255317,0.4120767716340438,18.197802197802197,15.046746184877367,0.7234068508473237,0.4269898981506983,1.7659574468085106,0.43617021276595747,0.7021276595744681,0.8191489361702128,0.9468085106382979,0.9506172839506173,0.23776022972002872
core,qwen_core,Qwen (core),qwen_0p6b_fsq_bigdata_pretrain_fixed,qwen_0p6b_fsq_bigdata_pretrain,fixed,qwen_0p6b_fsq_bigdata_pretrain_fixed,deltaE_20,94,91,0.770035357563959,744.1489361702128,0.35039714289379204,40.714285714285715,10.349487769653228,0.7308527818257085,0.3817108106031952,,0.4574468085106383,0.7446808510638298,0.8404255319148937,0.9574468085106383,0.9506172839506173,0.23776022972002872
core,qwen_core,Qwen (core),qwen_0p6b_fsq_bigdata_pretrain_fixed,qwen_0p6b_fsq_bigdata_pretrain,fixed,qwen_0p6b_fsq_bigdata_pretrain_fixed,deltaE_5,94,91,0.27077652673610303,258.6276595744681,0.5463428011180042,7.34065934065934,23.138386930481904,0.699321407232431,0.510727076137631,,0.35106382978723405,0.5957446808510638,0.7340425531914894,0.9361702127659575,0.9506172839506173,0.23776022972002872
core,qwen_core,Qwen (core),qwen_0p6b_fsq_bigdata_pretrain_fixed,qwen_0p6b_fsq_bigdata_pretrain,fixed,qwen_0p6b_fsq_bigdata_pretrain_fixed,deltaE_50,94,91,0.943550836705349,904.3829787234042,0.3340744104878752,70.34065934065934,9.304928758817333,0.7209477395576623,0.3658245452404168,,0.46808510638297873,0.7659574468085106,0.8617021276595744,0.9574468085106383,0.9506172839506173,0.23776022972002872
core,qwen_core,Qwen (core),qwen_0p6b_fsq_fixed,qwen_0p6b_fsq,fixed,qwen_0p6b_fsq_fixed,all,94,92,0.9787234042553191,908.563829787234,0.4093553408058147,44.33695652173913,6.373217939912689,0.6829083620860633,0.4156497547832677,,0.4787234042553192,0.723404255319149,0.8297872340425532,0.9574468085106383,0.9358974358974359,0.22946800686442756
core,qwen_core,Qwen (core),qwen_0p6b_fsq_fixed,qwen_0p6b_fsq,fixed,qwen_0p6b_fsq_fixed,deltaE_10,94,92,0.5754588622238461,556.5425531914893,0.5025464568516164,10.173913043478262,11.51568006200721,0.6744628556886292,0.49222827795195917,1.4361702127659575,0.43617021276595747,0.6914893617021277,0.776595744680851,0.9468085106382979,0.9358974358974359,0.22946800686442756
core,qwen_core,Qwen (core),qwen_0p6b_fsq_fixed,qwen_0p6b_fsq,fixed,qwen_0p6b_fsq_fixed,deltaE_20,94,92,0.7759469408205195,737.2446808510638,0.4300091289716297,20.380434782608695,8.345396119071149,0.6877678846220804,0.43753923453724636,,0.46808510638297873,0.7127659574468085,0.8297872340425532,0.9574468085106383,0.9358974358974359,0.22946800686442756
core,qwen_core,Qwen (core),qwen_0p6b_fsq_fixed,qwen_0p6b_fsq,fixed,qwen_0p6b_fsq_fixed,deltaE_5,94,92,0.364062983050303,353.4148936170213,0.6088413338220675,4.858695652173913,16.84568933782137,0.6525321418402144,0.5706494436835726,,0.3723404255319149,0.6382978723404256,0.7446808510638298,0.9042553191489362,0.9358974358974359,0.22946800686442756
core,qwen_core,Qwen (core),qwen_0p6b_fsq_fixed,qwen_0p6b_fsq,fixed,qwen_0p6b_fsq_fixed,deltaE_50,94,92,0.9416352915206442,878.3723404255319,0.4093553408058147,37.71739130434783,6.446503426939388,0.684587544120846,0.4178583558280092,,0.4787234042553192,0.723404255319149,0.8297872340425532,0.9574468085106383,0.9358974358974359,0.22946800686442756
core,qwen_core,Qwen (core),qwen_1p7b_bigdata_fixed,qwen_1p7b_bigdata,fixed,qwen_1p7b_bigdata_fixed,all,94,93,0.9893617021276596,856.1702127659574,0.34301019611895156,74.51612903225806,11.636857139480284,0.7071437353482026,0.353962401509674,,0.5212765957446809,0.723404255319149,0.8829787234042553,0.9893617021276596,0.8313253012048193,0.13275613275613277
core,qwen_core,Qwen (core),qwen_1p7b_bigdata_fixed,qwen_1p7b_bigdata,fixed,qwen_1p7b_bigdata_fixed,deltaE_10,94,93,0.21239479248018547,185.67021276595744,0.4874882017183205,9.89247311827957,22.432128991311714,0.7153431838695927,0.46036783566379663,1.3297872340425532,0.425531914893617,0.5957446808510638,0.7340425531914894,0.9893617021276596,0.8313253012048193,0.13275613275613277
core,qwen_core,Qwen (core),qwen_1p7b_bigdata_fixed,qwen_1p7b_bigdata,fixed,qwen_1p7b_bigdata_fixed,deltaE_20,94,93,0.5484292438313423,489.6063829787234,0.38477870895389504,26.817204301075268,14.0026077321531,0.7248140377121123,0.40193047934846343,,0.5106382978723404,0.6914893617021277,0.8297872340425532,0.9893617021276596,0.8313253012048193,0.13275613275613277
core,qwen_core,Qwen (core),qwen_1p7b_bigdata_fixed,qwen_1p7b_bigdata,fixed,qwen_1p7b_bigdata_fixed,deltaE_5,94,93,0.06269156580808755,46.265957446808514,0.6691826154534445,4.075268817204301,37.18312894976283,0.7145400315760655,0.5520696623041973,,0.3404255319148936,0.5,0.6170212765957447,0.9680851063829787,0.8313253012048193,0.13275613275613277
core,qwen_core,Qwen (core),qwen_1p7b_bigdata_fixed,qwen_1p7b_bigdata,fixed,qwen_1p7b_bigdata_fixed,deltaE_50,94,93,0.8927656601208688,783.531914893617,0.3528532574984106,58.55913978494624,11.120355956625179,0.7276261116680554,0.3659252650571871,,0.5212765957446809,0.723404255319149,0.8723404255319149,0.9893617021276596,0.8313253012048193,0.13275613275613277
core,qwen_core,Qwen (core),qwen_1p7b_bigdata_to_revisited_fixed,qwen_1p7b_bigdata_to_revisited,fixed,qwen_1p7b_bigdata_to_revisited_fixed,all,94,92,0.9787234042553191,842.0957446808511,0.4766516273207265,42.91304347826087,7.873893455420809,0.6940071630379568,0.3758722269225892,,0.5,0.6702127659574468,0.7978723404255319,0.9468085106382979,0.8533333333333333,0.16767983789260388
core,qwen_core,Qwen (core),qwen_1p7b_bigdata_to_revisited_fixed,qwen_1p7b_bigdata_to_revisited,fixed,qwen_1p7b_bigdata_to_revisited_fixed,deltaE_10,94,92,0.24971271854249533,228.68085106382978,0.6338655529730702,7.195652173913044,18.087248650723655,0.7067795311940882,0.4918744999844416,1.053191489361702,0.3829787234042553,0.6063829787234043,0.6808510638297872,0.9042553191489362,0.8533333333333333,0.16767983789260388
core,qwen_core,Qwen (core),qwen_1p7b_bigdata_to_revisited_fixed,qwen_1p7b_bigdata_to_revisited,fixed,qwen_1p7b_bigdata_to_revisited_fixed,deltaE_20,94,92,0.602499066309765,550.4255319148937,0.5071037410157032,16.195652173913043,11.21809563045199,0.7235244731802885,0.40629801302946983,,0.46808510638297873,0.6702127659574468,0.7553191489361702,0.9468085106382979,0.8533333333333333,0.16767983789260388
core,qwen_core,Qwen (core),qwen_1p7b_bigdata_to_revisited_fixed,qwen_1p7b_bigdata_to_revisited,fixed,qwen_1p7b_bigdata_to_revisited_fixed,deltaE_5,94,92,0.06644024368380394,53.680851063829785,0.8086691869104471,3.467391304347826,30.061093622103364,0.6420529106419167,0.6019058407223278,,0.3191489361702128,0.425531914893617,0.574468085106383,0.8829787234042553,0.8533333333333333,0.16767983789260388
core,qwen_core,Qwen (core),qwen_1p7b_bigdata_to_revisited_fixed,qwen_1p7b_bigdata_to_revisited,fixed,qwen_1p7b_bigdata_to_revisited_fixed,deltaE_50,94,92,0.900434995378019,788.5531914893617,0.4792669173716007,32.59782608695652,7.831763820558008,0.709864964990404,0.382782747102868,,0.5,0.6702127659574468,0.7978723404255319,0.9468085106382979,0.8533333333333333,0.16767983789260388
core,qwen_core,Qwen (core),qwen_1p7b_fsq_bigdata_pretrain_fixed,qwen_1p7b_fsq_bigdata_pretrain,fixed,qwen_1p7b_fsq_bigdata_pretrain_fixed,all,94,91,0.9680851063829787,933.8085106382979,0.30067160981,75.67032967032966,9.164364404665914,0.7293979456887394,0.36372827231815774,,0.48936170212765956,0.7978723404255319,0.9148936170212766,0.9680851063829787,0.872093023255814,0.24252105721754283
core,qwen_core,Qwen (core),qwen_1p7b_fsq_bigdata_pretrain_fixed,qwen_1p7b_fsq_bigdata_pretrain,fixed,qwen_1p7b_fsq_bigdata_pretrain_fixed,deltaE_10,94,91,0.5140207551297283,499.3723404255319,0.39243718753497775,18.35164835164835,15.102002537069419,0.7244415984166165,0.41909632301003485,1.7234042553191489,0.46808510638297873,0.7021276595744681,0.7978723404255319,0.9680851063829787,0.872093023255814,0.24252105721754283
core,qwen_core,Qwen (core),qwen_1p7b_fsq_bigdata_pretrain_fixed,qwen_1p7b_fsq_bigdata_pretrain,fixed,qwen_1p7b_fsq_bigdata_pretrain_fixed,deltaE_20,94,91,0.7787220704690511,756.936170212766,0.3168141470804024,42.05494505494506,10.264045748301426,0.7431112979835165,0.3714736980513393,,0.48936170212765956,0.776595744680851,0.8936170212765957,0.9680851063829787,0.872093023255814,0.24252105721754283
core,qwen_core,Qwen (core),qwen_1p7b_fsq_bigdata_pretrain_fixed,qwen_1p7b_fsq_bigdata_pretrain,fixed,qwen_1p7b_fsq_bigdata_pretrain_fixed,deltaE_5,94,91,0.27680992418085554,265.13829787234044,0.5303546943688718,6.736263736263736,21.32823517568397,0.6971346506127133,0.508696982401175,,0.40425531914893614,0.6170212765957447,0.723404255319149,0.9680851063829787,0.872093023255814,0.24252105721754283
core,qwen_core,Qwen (core),qwen_1p7b_fsq_bigdata_pretrain_fixed,qwen_1p7b_fsq_bigdata_pretrain,fixed,qwen_1p7b_fsq_bigdata_pretrain_fixed,deltaE_50,94,91,0.9472285076481057,914.9893617021277,0.30067160981,70.20879120879121,9.113549930624298,0.7293324659353976,0.3640353518453248,,0.48936170212765956,0.7978723404255319,0.9148936170212766,0.9680851063829787,0.872093023255814,0.24252105721754283
core,qwen_core,Qwen (core),qwen_1p7b_fsq_fixed,qwen_1p7b_fsq,fixed,qwen_1p7b_fsq_fixed,all,94,93,0.9893617021276596,920.0425531914893,0.4412075536166219,42.053763440860216,7.492762288434242,0.6625302331647879,0.42514344750111155,,0.4574468085106383,0.6914893617021277,0.8297872340425532,0.9680851063829787,0.9230769230769231,0.23651240092048068
core,qwen_core,Qwen (core),qwen_1p7b_fsq_fixed,qwen_1p7b_fsq,fixed,qwen_1p7b_fsq_fixed,deltaE_10,94,93,0.5993766492540931,566.8723404255319,0.5282401771096554,9.946236559139784,11.829476671662599,0.6725347423021212,0.49478415989469066,1.425531914893617,0.4148936170212766,0.648936170212766,0.7659574468085106,0.9574468085106383,0.9230769230769231,0.23651240092048068
core,qwen_core,Qwen (core),qwen_1p7b_fsq_fixed,qwen_1p7b_fsq,fixed,qwen_1p7b_fsq_fixed,deltaE_20,94,93,0.8014847167052576,756.2127659574468,0.4615622900760219,20.333333333333332,8.779740846110997,0.6643374851142083,0.45006258717107817,,0.44680851063829785,0.6808510638297872,0.8085106382978723,0.9574468085106383,0.9230769230769231,0.23651240092048068
core,qwen_core,Qwen (core),qwen_1p7b_fsq_fixed,qwen_1p7b_fsq,fixed,qwen_1p7b_fsq_fixed,deltaE_5,94,93,0.39297824830137845,367.1276595744681,0.6647732169790929,4.774193548387097,17.26381955642781,0.6170607553285595,0.5840385112380215,,0.3723404255319149,0.5957446808510638,0.7127659574468085,0.9148936170212766,0.9230769230769231,0.23651240092048068
core,qwen_core,Qwen (core),qwen_1p7b_fsq_fixed,qwen_1p7b_fsq,fixed,qwen_1p7b_fsq_fixed,deltaE_50,94,93,0.9584839878900837,893.5106382978723,0.4412075536166219,36.8494623655914,7.507386450960426,0.6654963101329459,0.4278379381800428,,0.4574468085106383,0.6914893617021277,0.8297872340425532,0.9680851063829787,0.9230769230769231,0.23651240092048068
core,qwen_core,Qwen (core),qwen_1p7b_revisited_fixed,qwen_1p7b_revisited,fixed,qwen_1p7b_revisited_fixed,all,94,93,0.9893617021276596,794.9042553191489,0.45588697344801793,43.58064516129032,9.205603071493346,0.7179275023743693,0.3649638957944729,,0.46808510638297873,0.6808510638297872,0.7978723404255319,0.9787234042553191,0.8933333333333333,0.17246484085862326
core,qwen_core,Qwen (core),qwen_1p7b_revisited_fixed,qwen_1p7b_revisited,fixed,qwen_1p7b_revisited_fixed,deltaE_10,94,93,0.248465041053887,210.5,0.5909610311643062,7.516129032258065,20.18253980780314,0.7076480277831859,0.5015560356227995,1.0851063829787233,0.3723404255319149,0.5851063829787234,0.7127659574468085,0.9468085106382979,0.8933333333333333,0.17246484085862326
core,qwen_core,Qwen (core),qwen_1p7b_revisited_fixed,qwen_1p7b_revisited,fixed,qwen_1p7b_revisited_fixed,deltaE_20,94,93,0.5917135961734574,508.32978723404256,0.4980026818505975,16.118279569892472,12.634502378381825,0.7159425645428046,0.4217324878772707,,0.4574468085106383,0.6702127659574468,0.7659574468085106,0.9680851063829787,0.8933333333333333,0.17246484085862326
core,qwen_core,Qwen (core),qwen_1p7b_revisited_fixed,qwen_1p7b_revisited,fixed,qwen_1p7b_revisited_fixed,deltaE_5,94,93,0.06889675977479137,47.45744680851064,0.7799106984505265,3.6021505376344085,33.915775673696885,0.6568036917674713,0.6026449051809754,,0.30851063829787234,0.44680851063829785,0.5851063829787234,0.9148936170212766,0.8933333333333333,0.17246484085862326
core,qwen_core,Qwen (core),qwen_1p7b_revisited_fixed,qwen_1p7b_revisited,fixed,qwen_1p7b_revisited_fixed,deltaE_50,94,93,0.9014828630514335,739.7765957446809,0.459059941460233,33.096774193548384,9.217855009226469,0.7394463830257175,0.36831854289954374,,0.46808510638297873,0.6808510638297872,0.7978723404255319,0.9787234042553191,0.8933333333333333,0.17246484085862326
core,qwen_core,Qwen (core),qwen_4b_bigdata_fixed,qwen_4b_bigdata,fixed,qwen_4b_bigdata_fixed,all,94,91,0.9680851063829787,871.8191489361702,0.33233597151610483,75.96703296703296,9.756557650286895,0.7071951744681426,0.34578794061503004,,0.5212765957446809,0.723404255319149,0.8617021276595744,0.9680851063829787,0.8518518518518519,0.13250397801244032
core,qwen_core,Qwen (core),qwen_4b_bigdata_fixed,qwen_4b_bigdata,fixed,qwen_4b_bigdata_fixed,deltaE_10,94,91,0.18533801980058984,173.54255319148936,0.5040091276816545,10.065934065934066,20.345654317873226,0.7164756520833572,0.45018599406392307,1.2340425531914894,0.43617021276595747,0.6170212765957447,0.7340425531914894,0.9680851063829787,0.8518518518518519,0.13250397801244032
core,qwen_core,Qwen (core),qwen_4b_bigdata_fixed,qwen_4b_bigdata,fixed,qwen_4b_bigdata_fixed,deltaE_20,94,91,0.5076734300153628,472.1595744680851,0.3726136784443368,25.934065934065934,12.304296564015793,0.7285989936492128,0.3875571861949972,,0.48936170212765956,0.7127659574468085,0.8191489361702128,0.9680851063829787,0.8518518518518519,0.13250397801244032
core,qwen_core,Qwen (core),qwen_4b_bigdata_fixed,qwen_4b_bigdata,fixed,qwen_4b_bigdata_fixed,deltaE_5,94,91,0.04584911460927703,42.9468085106383,0.6445595184572924,4.461538461538462,34.96869207689287,0.6493453114441119,0.5683711785397351,,0.3617021276595745,0.5106382978723404,0.6595744680851063,0.925531914893617,0.8518518518518519,0.13250397801244032
core,qwen_core,Qwen (core),qwen_4b_bigdata_fixed,qwen_4b_bigdata,fixed,qwen_4b_bigdata_fixed,deltaE_50,94,91,0.8687897229768295,792.2127659574468,0.33559259061191843,58.53846153846154,9.504130641859057,0.7324270342971666,0.3520691282465461,,0.5212765957446809,0.723404255319149,0.851063829787234,0.9680851063829787,0.8518518518518519,0.13250397801244032
core,qwen_core,Qwen (core),qwen_4b_revisited_fixed,qwen_4b_revisited,fixed,qwen_4b_revisited_fixed,all,94,92,0.9787234042553191,794.6702127659574,0.45975533133986857,40.45652173913044,8.285041687805487,0.6702749998773442,0.38938349556799834,,0.5,0.6914893617021277,0.7872340425531915,0.9574468085106383,0.9324324324324325,0.16684578183772164
core,qwen_core,Qwen (core),qwen_4b_revisited_fixed,qwen_4b_revisited,fixed,qwen_4b_revisited_fixed,deltaE_10,94,92,0.24708137752925627,212.53191489361703,0.6040846394756604,6.75,19.837020439017063,0.6984546547736151,0.5005273454402741,1.1382978723404256,0.40425531914893614,0.574468085106383,0.7340425531914894,0.925531914893617,0.9324324324324325,0.16684578183772164
core,qwen_core,Qwen (core),qwen_4b_revisited_fixed,qwen_4b_revisited,fixed,qwen_4b_revisited_fixed,deltaE_20,94,92,0.588710700618854,509.32978723404256,0.5013183667063187,15.434782608695652,12.705294431478364,0.6828018988195251,0.4407176465898193,,0.46808510638297873,0.6808510638297872,0.7659574468085106,0.9574468085106383,0.9324324324324325,0.16684578183772164
core,qwen_core,Qwen (core),qwen_4b_revisited_fixed,qwen_4b_revisited,fixed,qwen_4b_revisited_fixed,deltaE_5,94,92,0.06771594708680631,50.07446808510638,0.8199580011237882,3.4347826086956523,34.721335471932875,0.6582159189071397,0.6075021498648256,,0.30851063829787234,0.425531914893617,0.5638297872340425,0.8617021276595744,0.9324324324324325,0.16684578183772164
core,qwen_core,Qwen (core),qwen_4b_revisited_fixed,qwen_4b_revisited,fixed,qwen_4b_revisited_fixed,deltaE_50,94,92,0.8852146250420273,734.1276595744681,0.46245095030012384,30.717391304347824,8.490499654188518,0.7005374100889317,0.3950482743651991,,0.5,0.6914893617021277,0.7872340425531915,0.9574468085106383,0.9324324324324325,0.16684578183772164
core,rdkit_torsion_core,RDKit random & Torsion perturb (core),rdkit_random_minimized_fixed,rdkit_random_minimized,fixed,rdkit_random_minimized_fixed,all,94,94,1.0,999.968085106383,0.5275513139164636,20.27659574468085,2.027681982116562,0.7086916789322397,0.44620262916408804,,0.23404255319148937,0.5425531914893617,0.7659574468085106,1.0,0.9305555555555556,0.6909758656873033
core,rdkit_torsion_core,RDKit random & Torsion perturb (core),rdkit_random_minimized_fixed,rdkit_random_minimized,fixed,rdkit_random_minimized_fixed,deltaE_10,94,94,0.9020744680851064,902.0425531914893,0.5754167210695852,14.01063829787234,1.8743920166516732,0.6995886713858135,0.46657360230923384,0.9042553191489362,0.23404255319148937,0.5319148936170213,0.7127659574468085,0.9893617021276596,0.9305555555555556,0.6909758656873033
core,rdkit_torsion_core,RDKit random & Torsion perturb (core),rdkit_random_minimized_fixed,rdkit_random_minimized,fixed,rdkit_random_minimized_fixed,deltaE_20,94,94,0.9755638297872342,975.531914893617,0.5337766427461916,17.56382978723404,1.9966670737601397,0.6979125145931416,0.4528401331755886,,0.23404255319148937,0.5425531914893617,0.7659574468085106,1.0,0.9305555555555556,0.6909758656873033
core,rdkit_torsion_core,RDKit random & Torsion perturb (core),rdkit_random_minimized_fixed,rdkit_random_minimized,fixed,rdkit_random_minimized_fixed,deltaE_5,94,94,0.739127659574468,739.0957446808511,0.6244003862689316,9.074468085106384,2.380007807572627,0.6724113025690378,0.507487336846038,,0.23404255319148937,0.5106382978723404,0.6914893617021277,0.9787234042553191,0.9305555555555556,0.6909758656873033
core,rdkit_torsion_core,RDKit random & Torsion perturb (core),rdkit_random_minimized_fixed,rdkit_random_minimized,fixed,rdkit_random_minimized_fixed,deltaE_50,94,94,0.999776595744681,999.7446808510638,0.5275513139164636,20.19148936170213,2.0208494932254766,0.7107022305895542,0.44620457220605364,,0.23404255319148937,0.5425531914893617,0.7659574468085106,1.0,0.9305555555555556,0.6909758656873033
core,rdkit_torsion_core,RDKit random & Torsion perturb (core),rdkit_random_raw_fixed,rdkit_random_raw,fixed,rdkit_random_raw_fixed,all,94,94,1.0,999.9468085106383,0.4467595528943805,35.88297872340426,3.588589901033938,0.7389301169061983,0.3942765966409851,,0.30851063829787234,0.6276595744680851,0.8085106382978723,1.0,0.855263157894737,0.15209012748295284
core,rdkit_torsion_core,RDKit random & Torsion perturb (core),rdkit_random_raw_fixed,rdkit_random_raw,fixed,rdkit_random_raw_fixed,deltaE_10,94,94,0.23824271156416302,238.2340425531915,0.5982429013730005,5.457446808510638,13.198871621810795,0.6801164567555683,0.5384904988322787,0.8085106382978723,0.2553191489361702,0.5319148936170213,0.6914893617021277,0.9787234042553191,0.855263157894737,0.15209012748295284
core,rdkit_torsion_core,RDKit random & Torsion perturb (core),rdkit_random_raw_fixed,rdkit_random_raw,fixed,rdkit_random_raw_fixed,deltaE_20,94,94,0.5273579908736605,527.3297872340426,0.48868508898213664,11.702127659574469,7.134401807327901,0.7088816198028656,0.46407233586649066,,0.2872340425531915,0.5957446808510638,0.7446808510638298,1.0,0.855263157894737,0.15209012748295284
core,rdkit_torsion_core,RDKit random & Torsion perturb (core),rdkit_random_raw_fixed,rdkit_random_raw,fixed,rdkit_random_raw_fixed,deltaE_5,94,94,0.07712892690584244,77.12765957446808,0.7454028118191439,3.0106382978723403,27.53228662851757,0.6651096930957876,0.6217419353994549,,0.20212765957446807,0.425531914893617,0.6170212765957447,0.925531914893617,0.855263157894737,0.15209012748295284
core,rdkit_torsion_core,RDKit random & Torsion perturb (core),rdkit_random_raw_fixed,rdkit_random_raw,fixed,rdkit_random_raw_fixed,deltaE_50,94,94,0.9324881580937097,932.436170212766,0.4491345470479268,29.074468085106382,3.8677973711299787,0.7479827868884446,0.39801047676360257,,0.30851063829787234,0.6276595744680851,0.8085106382978723,1.0,0.855263157894737,0.15209012748295284
core,rdkit_torsion_core,RDKit random & Torsion perturb (core),torsion_minimized_fixed,torsion_minimized,fixed,torsion_minimized_fixed,all,94,94,1.0,999.968085106383,0.55411909687635,25.01063829787234,2.501135177730922,0.5933950490860059,0.5387777138840969,,0.18085106382978725,0.5106382978723404,0.7553191489361702,0.9893617021276596,0.9859154929577464,0.6307954062101233
core,rdkit_torsion_core,RDKit random & Torsion perturb (core),torsion_minimized_fixed,torsion_minimized,fixed,torsion_minimized_fixed,deltaE_10,94,94,0.9130845206909037,913.0531914893617,0.5947270573618766,15.77659574468085,1.9772721801972317,0.5944639763085855,0.5649820820920314,0.9787234042553191,0.18085106382978725,0.5106382978723404,0.7446808510638298,0.9787234042553191,0.9859154929577464,0.6307954062101233
core,rdkit_torsion_core,RDKit random & Torsion perturb (core),torsion_minimized_fixed,torsion_minimized,fixed,torsion_minimized_fixed,deltaE_20,94,94,0.9830744680851063,983.0425531914893,0.5601103546131742,22.404255319148938,2.3848043468546454,0.5942600993480865,0.5399515156777432,,0.18085106382978725,0.5106382978723404,0.7553191489361702,0.9893617021276596,0.9859154929577464,0.6307954062101233
core,rdkit_torsion_core,RDKit random & Torsion perturb (core),torsion_minimized_fixed,torsion_minimized,fixed,torsion_minimized_fixed,deltaE_5,94,94,0.7845901113879836,784.563829787234,0.6559043449913549,9.648936170212766,1.803204002563077,0.576118275684767,0.608804767350429,,0.18085106382978725,0.4787234042553192,0.7021276595744681,0.9680851063829787,0.9859154929577464,0.6307954062101233
core,rdkit_torsion_core,RDKit random & Torsion perturb (core),torsion_minimized_fixed,torsion_minimized,fixed,torsion_minimized_fixed,deltaE_50,94,94,1.0,999.968085106383,0.55411909687635,25.01063829787234,2.501135177730922,0.5933950490860059,0.5387777138840969,,0.18085106382978725,0.5106382978723404,0.7553191489361702,0.9893617021276596,0.9859154929577464,0.6307954062101233
core,rdkit_torsion_core,RDKit random & Torsion perturb (core),torsion_raw_fixed,torsion_raw,fixed,torsion_raw_fixed,all,94,94,1.0,896.4468085106383,0.4966950521021859,74.14893617021276,8.820255064331285,0.7628420042009181,0.35865314192256686,,0.30851063829787234,0.5638297872340425,0.776595744680851,0.9893617021276596,0.7808219178082193,0.0714490674318508
core,rdkit_torsion_core,RDKit random & Torsion perturb (core),torsion_raw_fixed,torsion_raw,fixed,torsion_raw_fixed,deltaE_10,94,94,0.19037065425754376,182.2340425531915,0.7274851326183893,5.297872340425532,21.946533202959095,0.6216484894021296,0.5899330971198867,0.8617021276595744,0.2553191489361702,0.4574468085106383,0.6063829787234043,0.9574468085106383,0.7808219178082193,0.0714490674318508
core,rdkit_torsion_core,RDKit random & Torsion perturb (core),torsion_raw_fixed,torsion_raw,fixed,torsion_raw_fixed,deltaE_20,94,94,0.37702839987470615,357.02127659574467,0.5939204378651963,12.457446808510639,15.777569304767324,0.6840781796114045,0.4712895680534936,,0.2872340425531915,0.5212765957446809,0.723404255319149,0.9893617021276596,0.7808219178082193,0.0714490674318508
core,rdkit_torsion_core,RDKit random & Torsion perturb (core),torsion_raw_fixed,torsion_raw,fixed,torsion_raw_fixed,deltaE_5,94,94,0.08949664488419361,86.19148936170212,0.8700138982958273,2.723404255319149,31.852570691461896,0.5051554404379216,0.7021945216247925,,0.23404255319148937,0.3829787234042553,0.5106382978723404,0.9148936170212766,0.7808219178082193,0.0714490674318508
core,rdkit_torsion_core,RDKit random & Torsion perturb (core),torsion_raw_fixed,torsion_raw,fixed,torsion_raw_fixed,deltaE_50,94,94,0.6922824847655972,639.2765957446809,0.5169043161653463,35.42553191489362,10.46460059666985,0.7302592904351265,0.39405397756613536,,0.30851063829787234,0.5638297872340425,0.776595744680851,0.9893617021276596,0.7808219178082193,0.0714490674318508
core,reference_core,Reference datasets (core),chembl3d_gt_pb,chembl3d_gt_pb,reference,chembl3d_gt_pb,all,94,94,1.0,83.2872340425532,0.5239659877007916,7.797872340425532,28.50212145511254,0.722210546325499,0.4708777310372109,,0.2553191489361702,0.6382978723404256,0.7978723404255319,0.9787234042553191,0.96,0.8512960436562074
core,reference_core,Reference datasets (core),chembl3d_gt_pb,chembl3d_gt_pb,reference,chembl3d_gt_pb,deltaE_10,94,94,0.8690081916111747,68.20212765957447,0.5541351517080186,6.638297872340425,29.306598848973714,0.7153751455021294,0.49221907875168136,0.9680851063829787,0.2553191489361702,0.6276595744680851,0.7659574468085106,0.9787234042553191,0.96,0.8512960436562074
core,reference_core,Reference datasets (core),chembl3d_gt_pb,chembl3d_gt_pb,reference,chembl3d_gt_pb,deltaE_20,94,94,0.9772262514088469,81.59574468085107,0.5283462260160718,7.627659574468085,28.542747653612626,0.7141517081868721,0.476531487844277,,0.2553191489361702,0.6382978723404256,0.7872340425531915,0.9787234042553191,0.96,0.8512960436562074
core,reference_core,Reference datasets (core),chembl3d_gt_pb,chembl3d_gt_pb,reference,chembl3d_gt_pb,deltaE_5,94,94,0.6887644234682058,46.93617021276596,0.6611530747436789,5.074468085106383,31.814016110632487,0.6660460081399754,0.5467219027051691,,0.24468085106382978,0.5638297872340425,0.7021276595744681,0.9468085106382979,0.96,0.8512960436562074
core,reference_core,Reference datasets (core),chembl3d_gt_pb,chembl3d_gt_pb,reference,chembl3d_gt_pb,deltaE_50,94,94,1.0,83.2872340425532,0.5239659877007916,7.797872340425532,28.50212145511254,0.722210546325499,0.4708777310372109,,0.2553191489361702,0.6382978723404256,0.7978723404255319,0.9787234042553191,0.96,0.8512960436562074
core,torsional_diffusion_core,Torsional Diffusion (core),torsional_diffusion_raw_fixed,torsional_diffusion_raw,fixed,torsional_diffusion_raw_fixed,all,94,90,0.9574468085106383,839.7446808510638,0.37210712918118927,56.644444444444446,8.58412025313553,0.7235732020198865,0.3585368142175388,,0.4148936170212766,0.7553191489361702,0.851063829787234,0.9574468085106383,0.825,0.09984307571596705
core,torsional_diffusion_core,Torsional Diffusion (core),torsional_diffusion_raw_fixed,torsional_diffusion_raw,fixed,torsional_diffusion_raw_fixed,deltaE_10,94,90,0.21829537878589372,212.8404255319149,0.6047627645827502,5.655555555555556,23.662298129595015,0.6955742914256189,0.5117979230455668,0.9574468085106383,0.3404255319148936,0.6276595744680851,0.7021276595744681,0.9148936170212766,0.825,0.09984307571596705
core,torsional_diffusion_core,Torsional Diffusion (core),torsional_diffusion_raw_fixed,torsional_diffusion_raw,fixed,torsional_diffusion_raw_fixed,deltaE_20,94,90,0.4527658205198688,432.8936170212766,0.46913784708842055,11.144444444444444,15.790864670008224,0.7205126987036815,0.4356630744136252,,0.40425531914893614,0.6808510638297872,0.7872340425531915,0.9361702127659575,0.825,0.09984307571596705
core,torsional_diffusion_core,Torsional Diffusion (core),torsional_diffusion_raw_fixed,torsional_diffusion_raw,fixed,torsional_diffusion_raw_fixed,deltaE_5,94,90,0.07724064263590885,75.75531914893617,0.8239017710826089,3.1555555555555554,34.36037999839881,0.6109495802408337,0.6473211888411103,,0.26595744680851063,0.4787234042553192,0.5851063829787234,0.8404255319148937,0.825,0.09984307571596705
core,torsional_diffusion_core,Torsional Diffusion (core),torsional_diffusion_raw_fixed,torsional_diffusion_raw,fixed,torsional_diffusion_raw_fixed,deltaE_50,94,90,0.7492750265254778,685.9574468085107,0.3950986374666193,29.244444444444444,10.359678694982984,0.7323183959647953,0.37066085470430205,,0.4148936170212766,0.7553191489361702,0.8085106382978723,0.9574468085106383,0.825,0.09984307571596705
ref,loqi_ref,LOQI (ref),loqi_raw_fixed,loqi_raw,fixed,loqi_raw_fixed,all,1236,1206,0.9757281553398058,970.1593851132686,0.386030809947027,23.942786069651742,2.55810701052327,0.6044398341145896,0.5070169691479235,,0.49271844660194175,0.7419093851132686,0.8462783171521036,0.9644012944983819,0.9531548757170173,0.4494545454545454
ref,loqi_ref,LOQI (ref),loqi_raw_fixed,loqi_raw,fixed,loqi_raw_fixed,deltaE_10,1236,1206,0.8073626038492318,803.9231391585761,0.4619898074834542,10.761194029850746,3.4883708563187956,0.6072048283910686,0.5361368356731926,1.2912621359223302,0.47249190938511326,0.7046925566343042,0.8066343042071198,0.9433656957928802,0.9531548757170173,0.4494545454545454
ref,loqi_ref,LOQI (ref),loqi_raw_fixed,loqi_raw,fixed,loqi_raw_fixed,deltaE_20,1236,1206,0.9277058603783194,923.457928802589,0.4094021732988728,17.34825870646766,2.6076460691599994,0.6071262642978379,0.5152417976316853,,0.48705501618122976,0.7346278317152104,0.8381877022653722,0.9530744336569579,0.9531548757170173,0.4494545454545454
ref,loqi_ref,LOQI (ref),loqi_raw_fixed,loqi_raw,fixed,loqi_raw_fixed,deltaE_5,1236,1206,0.5663310276395059,564.0833333333334,0.5640472643517875,6.032338308457711,6.000920856227042,0.5944260566951587,0.5856382956147508,,0.42637540453074435,0.6351132686084142,0.7435275080906149,0.9255663430420712,0.9531548757170173,0.4494545454545454
ref,loqi_ref,LOQI (ref),loqi_raw_fixed,loqi_raw,fixed,loqi_raw_fixed,deltaE_50,1236,1206,0.9688851145408726,963.4749190938511,0.39626657974840085,22.41127694859038,2.522884363569936,0.6050065711023979,0.5078004946933633,,0.49271844660194175,0.7419093851132686,0.8454692556634305,0.9555016181229773,0.9531548757170173,0.4494545454545454
ref,mcf_drugs_l_ref,MCF drugs-L (ref),mcf_drugs_l_raw_fixed,mcf_drugs_l_raw,fixed,mcf_drugs_l_raw_fixed,all,1236,1227,0.9927184466019418,869.8155339805825,0.45442300806879005,27.53871230643847,4.897495329350474,0.7052071854947655,0.4016545356680263,,0.43284789644012944,0.7038834951456311,0.8349514563106796,0.9627831715210357,0.9457364341085271,0.43675643681562587
ref,mcf_drugs_l_ref,MCF drugs-L (ref),mcf_drugs_l_raw_fixed,mcf_drugs_l_raw,fixed,mcf_drugs_l_raw_fixed,deltaE_10,1236,1227,0.6310611889843828,578.7669902912621,0.5304258459175067,12.027709861450692,7.137965288470971,0.7013387971971076,0.4616666098302387,1.3470873786407767,0.40048543689320387,0.6521035598705501,0.7896440129449838,0.948220064724919,0.9457364341085271,0.43675643681562587
ref,mcf_drugs_l_ref,MCF drugs-L (ref),mcf_drugs_l_raw_fixed,mcf_drugs_l_raw,fixed,mcf_drugs_l_raw_fixed,deltaE_20,1236,1227,0.8790856935563461,784.2807443365696,0.47815308864696376,19.405867970660147,5.337569260589095,0.7097008255022528,0.4190881461074579,,0.43042071197411,0.6941747572815534,0.8244336569579288,0.9555016181229773,0.9457364341085271,0.43675643681562587
ref,mcf_drugs_l_ref,MCF drugs-L (ref),mcf_drugs_l_raw_fixed,mcf_drugs_l_raw,fixed,mcf_drugs_l_raw_fixed,deltaE_5,1236,1227,0.34132814492487923,317.6019417475728,0.6510985354291823,6.230643846780766,11.51645434257219,0.6432297984511895,0.5530387714312005,,0.35194174757281554,0.5744336569579288,0.6998381877022654,0.9352750809061489,0.9457364341085271,0.43675643681562587
ref,mcf_drugs_l_ref,MCF drugs-L (ref),mcf_drugs_l_raw_fixed,mcf_drugs_l_raw,fixed,mcf_drugs_l_raw_fixed,deltaE_50,1236,1227,0.971367585493968,856.3972491909385,0.45826826708985213,25.251018744906276,4.957792288735742,0.7080639658019043,0.4038252967404484,,0.4320388349514563,0.7030744336569579,0.8341423948220065,0.9587378640776699,0.9457364341085271,0.43675643681562587
ref,nextmol_dmt_l_ref,NextMol DMT-L (ref),nextmol_dmt_l_raw_fixed,nextmol_dmt_l_raw,fixed,nextmol_dmt_l_raw_fixed,all,1236,1226,0.9919093851132686,874.90857605178,0.4577511127445778,27.80505709624796,4.932635769129525,0.6906917461787084,0.42173294754286056,,0.3988673139158576,0.6933656957928802,0.8325242718446602,0.9652103559870551,0.9543245869776483,0.48798732729032823
ref,nextmol_dmt_l_ref,NextMol DMT-L (ref),nextmol_dmt_l_raw_fixed,nextmol_dmt_l_raw,fixed,nextmol_dmt_l_raw_fixed,deltaE_10,1236,1226,0.7471780099987544,674.6343042071197,0.5191954169845587,13.568515497553017,5.953832396442268,0.689902221081086,0.45869390842782687,1.3907766990291262,0.3883495145631068,0.6699029126213593,0.7944983818770227,0.9498381877022654,0.9543245869776483,0.48798732729032823
ref,nextmol_dmt_l_ref,NextMol DMT-L (ref),nextmol_dmt_l_raw_fixed,nextmol_dmt_l_raw,fixed,nextmol_dmt_l_raw_fixed,deltaE_20,1236,1226,0.9269388715870015,823.7516181229773,0.46840285547951555,21.76916802610114,4.993000605436152,0.6917541302382958,0.43043560871789516,,0.39805825242718446,0.691747572815534,0.8252427184466019,0.9627831715210357,0.9543245869776483,0.48798732729032823
ref,nextmol_dmt_l_ref,NextMol DMT-L (ref),nextmol_dmt_l_raw_fixed,nextmol_dmt_l_raw,fixed,nextmol_dmt_l_raw_fixed,deltaE_5,1236,1226,0.47048768249722905,433.41990291262135,0.622784179228177,7.283034257748777,9.177455135780525,0.6488199719130862,0.5300293733691233,,0.34385113268608414,0.5938511326860841,0.720873786407767,0.9368932038834952,0.9543245869776483,0.48798732729032823
ref,nextmol_dmt_l_ref,NextMol DMT-L (ref),nextmol_dmt_l_raw_fixed,nextmol_dmt_l_raw,fixed,nextmol_dmt_l_raw_fixed,deltaE_50,1236,1226,0.9854240173971945,870.492718446602,0.4591331401470007,27.50326264274062,4.950765578560231,0.6892803018830032,0.42269427440957275,,0.3988673139158576,0.6933656957928802,0.8317152103559871,0.9652103559870551,0.9543245869776483,0.48798732729032823
ref,rdkit_torsion_ref,RDKit random & Torsion perturb (ref),rdkit_random_minimized_fixed,rdkit_random_minimized,fixed,rdkit_random_minimized_fixed,all,1236,1235,0.9991909385113269,998.7985436893204,0.5367770828727835,23.506072874493928,2.3516380847547733,0.6580046439118259,0.4893850754724383,,0.21035598705501618,0.551779935275081,0.7694174757281553,0.9959546925566343,0.956887486855941,0.5664485015501205
ref,rdkit_torsion_ref,RDKit random & Torsion perturb (ref),rdkit_random_minimized_fixed,rdkit_random_minimized,fixed,rdkit_random_minimized_fixed,deltaE_10,1236,1235,0.8945875203044833,894.2257281553398,0.58913604765365,13.31497975708502,2.416055332047026,0.647163256869639,0.5109075946198318,0.9474110032362459,0.2087378640776699,0.5420711974110033,0.7362459546925566,0.9749190938511327,0.956887486855941,0.5664485015501205
ref,rdkit_torsion_ref,RDKit random & Torsion perturb (ref),rdkit_random_minimized_fixed,rdkit_random_minimized,fixed,rdkit_random_minimized_fixed,deltaE_20,1236,1235,0.9795405425749415,979.15857605178,0.5534839697429176,20.163562753036437,2.296286273456207,0.6566312423589825,0.49227740263902486,,0.20954692556634305,0.5501618122977346,0.7637540453074434,0.9846278317152104,0.956887486855941,0.5664485015501205
ref,rdkit_torsion_ref,RDKit random & Torsion perturb (ref),rdkit_random_minimized_fixed,rdkit_random_minimized,fixed,rdkit_random_minimized_fixed,deltaE_5,1236,1235,0.7242943468504445,723.9522653721683,0.6643723003040043,7.721457489878542,3.140466552943525,0.6297182110472455,0.5493183501352327,,0.20388349514563106,0.5169902912621359,0.6974110032362459,0.9530744336569579,0.956887486855941,0.5664485015501205
ref,rdkit_torsion_ref,RDKit random & Torsion perturb (ref),rdkit_random_minimized_fixed,rdkit_random_minimized,fixed,rdkit_random_minimized_fixed,deltaE_50,1236,1235,0.9982358865546793,997.8446601941747,0.5432651685910429,23.267206477732792,2.332595323485554,0.6592904020847629,0.4897190215337473,,0.21035598705501618,0.5509708737864077,0.7669902912621359,0.9927184466019418,0.956887486855941,0.5664485015501205
ref,rdkit_torsion_ref,RDKit random & Torsion perturb (ref),rdkit_random_raw_fixed,rdkit_random_raw,fixed,rdkit_random_raw_fixed,all,1236,1236,1.0,999.8430420711974,0.47748234551293,38.14563106796116,3.815302922558633,0.7174114217708433,0.4090312296158777,,0.26941747572815533,0.5946601941747572,0.8147249190938511,0.9975728155339806,0.8262164846077458,0.14927462458640878
ref,rdkit_torsion_ref,RDKit random & Torsion perturb (ref),rdkit_random_raw_fixed,rdkit_random_raw,fixed,rdkit_random_raw_fixed,deltaE_10,1236,1236,0.2215078925554115,221.48624595469255,0.6600478726596634,5.694174757281553,14.182566404862552,0.6309336101449946,0.5727227515612148,0.8042071197411004,0.23705501618122976,0.4894822006472492,0.6731391585760518,0.9668284789644013,0.8262164846077458,0.14927462458640878
ref,rdkit_torsion_ref,RDKit random & Torsion perturb (ref),rdkit_random_raw_fixed,rdkit_random_raw,fixed,rdkit_random_raw_fixed,deltaE_20,1236,1236,0.5186372215588934,518.5542071197411,0.5486112757448864,12.557443365695793,7.654568176304655,0.6799710028423921,0.4840114972287475,,0.2621359223300971,0.5558252427184466,0.7572815533980582,0.982200647249191,0.8262164846077458,0.14927462458640878
ref,rdkit_torsion_ref,RDKit random & Torsion perturb (ref),rdkit_random_raw_fixed,rdkit_random_raw,fixed,rdkit_random_raw_fixed,deltaE_5,1236,1236,0.06590977752731762,65.90533980582525,0.8074434454336678,2.9911003236245954,27.692787998797144,0.566322949634288,0.6706236054819218,,0.20550161812297735,0.41181229773462785,0.5687702265372169,0.941747572815534,0.8262164846077458,0.14927462458640878
ref,rdkit_torsion_ref,RDKit random & Torsion perturb (ref),rdkit_random_raw_fixed,rdkit_random_raw,fixed,rdkit_random_raw_fixed,deltaE_50,1236,1236,0.9238631168077022,923.7224919093851,0.48900471332257894,28.783980582524272,4.094364735115839,0.7249157666673411,0.4148617947778348,,0.2686084142394822,0.5922330097087378,0.8090614886731392,0.9967637540453075,0.8262164846077458,0.14927462458640878
ref,rdkit_torsion_ref,RDKit random & Torsion perturb (ref),torsion_minimized_fixed,torsion_minimized,fixed,torsion_minimized_fixed,all,1236,1235,0.9991909385113269,999.1699029126214,0.5492228886205164,23.97732793522267,2.3978724635417312,0.5899106477971082,0.5611287290579502,,0.20388349514563106,0.5323624595469255,0.761326860841424,0.9919093851132686,0.9681190223166843,0.5439348912602999
ref,rdkit_torsion_ref,RDKit random & Torsion perturb (ref),torsion_minimized_fixed,torsion_minimized,fixed,torsion_minimized_fixed,deltaE_10,1236,1235,0.903519904073876,903.504854368932,0.6023154254443379,13.042105263157895,2.2950724960370743,0.582407556935503,0.5845380152513452,0.9263754045307443,0.2022653721682848,0.5258899676375405,0.7370550161812298,0.9684466019417476,0.9681190223166843,0.5439348912602999
ref,rdkit_torsion_ref,RDKit random & Torsion perturb (ref),torsion_minimized_fixed,torsion_minimized,fixed,torsion_minimized_fixed,deltaE_20,1236,1235,0.9833945975418402,983.3754045307444,0.5641176077275446,20.50769230769231,2.2811905023528416,0.5917312087966531,0.5631417312296078,,0.20307443365695793,0.5307443365695793,0.7572815533980582,0.9805825242718447,0.9681190223166843,0.5439348912602999
ref,rdkit_torsion_ref,RDKit random & Torsion perturb (ref),torsion_minimized_fixed,torsion_minimized,fixed,torsion_minimized_fixed,deltaE_5,1236,1235,0.7653819014602871,765.3713592233009,0.6758124650542248,7.42914979757085,2.6395801049467953,0.5655002583433052,0.6254371479915443,,0.19902912621359223,0.5121359223300971,0.6966019417475728,0.9449838187702265,0.9681190223166843,0.5439348912602999
ref,rdkit_torsion_ref,RDKit random & Torsion perturb (ref),torsion_minimized_fixed,torsion_minimized,fixed,torsion_minimized_fixed,deltaE_50,1236,1235,0.9980719148677639,998.0509708737864,0.5553278767099769,23.79433198380567,2.3858272472577142,0.5899509195734596,0.5613400435353945,,0.20388349514563106,0.5323624595469255,0.761326860841424,0.988673139158576,0.9681190223166843,0.5439348912602999
ref,rdkit_torsion_ref,RDKit random & Torsion perturb (ref),torsion_raw_fixed,torsion_raw,fixed,torsion_raw_fixed,all,1236,1236,1.0,897.3948220064725,0.4912556060670929,61.57605177993528,7.818479121981597,0.75793092761826,0.3678751947050247,,0.3276699029126214,0.5800970873786407,0.7661812297734628,0.9927184466019418,0.7740232312565998,0.07867766857623378
ref,rdkit_torsion_ref,RDKit random & Torsion perturb (ref),torsion_raw_fixed,torsion_raw,fixed,torsion_raw_fixed,deltaE_10,1236,1236,0.20863159927976152,200.66181229773463,0.7353912704395607,4.844660194174757,19.990322027261655,0.6218720088991658,0.599757343045084,0.8948220064724919,0.2993527508090615,0.459546925566343,0.593042071197411,0.9385113268608414,0.7740232312565998,0.07867766857623378
ref,rdkit_torsion_ref,RDKit random & Torsion perturb (ref),torsion_raw_fixed,torsion_raw,fixed,torsion_raw_fixed,deltaE_20,1236,1236,0.39276681925838136,373.10355987055016,0.6161325049270664,10.37135922330097,13.758011998825042,0.6941553424711792,0.4822608132560515,,0.31715210355987056,0.5266990291262136,0.6763754045307443,0.9700647249190939,0.7740232312565998,0.07867766857623378
ref,rdkit_torsion_ref,RDKit random & Torsion perturb (ref),torsion_raw_fixed,torsion_raw,fixed,torsion_raw_fixed,deltaE_5,1236,1236,0.09993056342229158,96.96521035598705,0.8771934670916506,2.5679611650485437,29.104700123781416,0.49259973618135733,0.7268075252064303,,0.255663430420712,0.39805825242718446,0.5202265372168284,0.8996763754045307,0.7740232312565998,0.07867766857623378
ref,rdkit_torsion_ref,RDKit random & Torsion perturb (ref),torsion_raw_fixed,torsion_raw,fixed,torsion_raw_fixed,deltaE_50,1236,1236,0.7245382026560674,674.161003236246,0.5259804525245937,28.834142394822006,9.436154560528031,0.7411421626628798,0.39609780901614966,,0.32605177993527507,0.5703883495145631,0.7427184466019418,0.9862459546925566,0.7740232312565998,0.07867766857623378
ref,reference_ref,Reference datasets (ref),chembl3d_gt_pb,chembl3d_gt_pb,reference,chembl3d_gt_pb,all,1236,1236,1.0,67.12783171521036,0.5509387337143513,7.34789644012945,26.096931300244126,0.6846098736955958,0.49787167658699233,,0.2815533980582524,0.5946601941747572,0.790453074433657,0.9749190938511327,0.9621289662231319,0.8574102620568157
ref,reference_ref,Reference datasets (ref),chembl3d_gt_pb,chembl3d_gt_pb,reference,chembl3d_gt_pb,deltaE_10,1236,1236,0.8614897779198123,54.52750809061489,0.5874413689589265,6.300161812297735,27.922871544179397,0.6680859274405218,0.5260953681270006,0.970873786407767,0.2766990291262136,0.5720064724919094,0.7605177993527508,0.970873786407767,0.9621289662231319,0.8574102620568157
ref,reference_ref,Reference datasets (ref),chembl3d_gt_pb,chembl3d_gt_pb,reference,chembl3d_gt_pb,deltaE_20,1236,1236,0.9755950232970115,65.0542071197411,0.5589920793888535,7.11326860841424,26.25329158927724,0.6818791348050357,0.503987176172681,,0.27993527508090615,0.593042071197411,0.7880258899676376,0.9741100323624595,0.9621289662231319,0.8574102620568157
ref,reference_ref,Reference datasets (ref),chembl3d_gt_pb,chembl3d_gt_pb,reference,chembl3d_gt_pb,deltaE_5,1236,1236,0.6573043685639638,36.61165048543689,0.6527149211850062,4.902912621359223,33.196007044200584,0.6353853115802232,0.574249276903965,,0.2564724919093851,0.5250809061488673,0.6998381877022654,0.9603559870550162,0.9621289662231319,0.8574102620568157
ref,reference_ref,Reference datasets (ref),chembl3d_gt_pb,chembl3d_gt_pb,reference,chembl3d_gt_pb,deltaE_50,1236,1236,0.9964710082959123,67.07119741100324,0.5540743369224039,7.322815533980583,26.059030125659234,0.6849704787451322,0.49943797830707237,,0.2815533980582524,0.5946601941747572,0.790453074433657,0.9749190938511327,0.9621289662231319,0.8574102620568157
ref,torsional_diffusion_ref,Torsional Diffusion (ref),torsional_diffusion_raw_fixed,torsional_diffusion_raw,fixed,torsional_diffusion_raw_fixed,all,1236,1203,0.9733009708737864,842.5517799352751,0.3909469391463257,47.18786367414796,8.008688904374155,0.7143455636920598,0.371506185869756,,0.43851132686084143,0.709546925566343,0.8398058252427184,0.9684466019417476,0.8304431599229287,0.11977028907640001
ref,torsional_diffusion_ref,Torsional Diffusion (ref),torsional_diffusion_raw_fixed,torsional_diffusion_raw,fixed,torsional_diffusion_raw_fixed,deltaE_10,1236,1203,0.22175809332463814,214.79449838187702,0.624763934462195,5.651704073150457,21.820084197789722,0.683825390249545,0.5281376966178623,0.9765372168284789,0.35275080906148865,0.5720064724919094,0.6974110032362459,0.9199029126213593,0.8304431599229287,0.11977028907640001
ref,torsional_diffusion_ref,Torsional Diffusion (ref),torsional_diffusion_raw_fixed,torsional_diffusion_raw,fixed,torsional_diffusion_raw_fixed,deltaE_20,1236,1203,0.4650988851763569,441.918284789644,0.49077608143895596,11.331670822942643,13.538750605783791,0.7139968929987739,0.4392263990022218,,0.41181229773462785,0.6553398058252428,0.7896440129449838,0.9393203883495146,0.8304431599229287,0.11977028907640001
ref,torsional_diffusion_ref,Torsional Diffusion (ref),torsional_diffusion_raw_fixed,torsional_diffusion_raw,fixed,torsional_diffusion_raw_fixed,deltaE_5,1236,1203,0.0737692558106972,71.59870550161813,0.804947312786863,3.0108063175394846,35.93243300383704,0.5949948448162393,0.6485712636286959,,0.2766990291262136,0.48058252427184467,0.5825242718446602,0.883495145631068,0.8304431599229287,0.11977028907640001
ref,torsional_diffusion_ref,Torsional Diffusion (ref),torsional_diffusion_raw_fixed,torsional_diffusion_raw,fixed,torsional_diffusion_raw_fixed,deltaE_50,1236,1203,0.7772163783384626,705.9215210355987,0.4134265365080292,25.733167082294266,8.925014648038218,0.715893273548008,0.3876846984315631,,0.436084142394822,0.7038834951456311,0.837378640776699,0.9619741100323624,0.8304431599229287,0.11977028907640001
