method,window,hit_full_core,mean_retained_full_core
qwen_1p7b_fsq_bigdata_pretrain_fixed,deltaE_5,72.3404255319149,265.13829787234044
qwen_1p7b_fsq_bigdata_pretrain_fixed,deltaE_10,79.7872340425532,499.3723404255319
qwen_1p7b_fsq_bigdata_pretrain_fixed,deltaE_20,89.36170212765957,756.936170212766
qwen_1p7b_fsq_bigdata_pretrain_fixed,deltaE_50,91.48936170212765,914.9893617021276
qwen_1p7b_fsq_bigdata_pretrain_fixed,all,91.48936170212765,933.808510638298
loqi_raw_fixed,deltaE_5,73.40425531914893,575.8297872340426
loqi_raw_fixed,deltaE_10,78.72340425531915,770.2659574468086
loqi_raw_fixed,deltaE_20,81.91489361702128,909.2127659574468
loqi_raw_fixed,deltaE_50,81.91489361702128,955.936170212766
loqi_raw_fixed,all,81.91489361702128,957.063829787234
rdkit_random_raw_fixed,deltaE_5,61.702127659574465,77.12765957446808
rdkit_random_raw_fixed,deltaE_10,69.14893617021278,238.2340425531915
rdkit_random_raw_fixed,deltaE_20,74.46808510638297,527.3297872340426
rdkit_random_raw_fixed,deltaE_50,80.85106382978722,932.436170212766
rdkit_random_raw_fixed,all,80.85106382978722,999.9468085106384
chembl3d_gt_pb,deltaE_5,70.2127659574468,46.93617021276596
chembl3d_gt_pb,deltaE_10,76.59574468085107,68.20212765957447
chembl3d_gt_pb,deltaE_20,78.72340425531915,81.59574468085107
chembl3d_gt_pb,deltaE_50,79.7872340425532,83.2872340425532
chembl3d_gt_pb,all,79.7872340425532,83.2872340425532
