cohort,key,label,tier,n,evaluated,mean_retained,hit_0p75,mean_minimum_rmsd,mean_ensemble_median_rmsd
core,chembl3d_gt_pb,ChEMBL3D-PB,reference,94,94,81.15957446808511,78.72340425531915,0.5253817379090603,1.326120558454165
core,rdkit_random_raw,RDKit raw,chembl_count,94,94,81.15957446808511,65.95744680851064,0.6008553763626936,1.332615938970447
core,rdkit_random_raw,RDKit raw,fixed,94,94,999.9468085106383,80.85106382978722,0.4370038441914611,1.3295346920336741
core,rdkit_random_minimized,RDKit minimized,chembl_count,94,94,81.15957446808511,70.2127659574468,0.617848057912921,1.3370709398890177
core,rdkit_random_minimized,RDKit minimized,fixed,94,94,999.968085106383,78.72340425531915,0.512323350853213,1.335645130015122
core,torsion_raw,Torsion raw,chembl_count,94,94,71.14893617021276,65.95744680851064,0.6785579645953087,1.334110495617325
core,torsion_raw,Torsion raw,fixed,94,94,896.4787234042553,78.72340425531915,0.4773101130925174,1.3365640517170507
core,torsion_minimized,Torsion minimized,chembl_count,94,94,81.15957446808511,68.08510638297872,0.6438555574117769,1.2797301928184202
core,torsion_minimized,Torsion minimized,fixed,94,94,999.968085106383,79.7872340425532,0.5352257014187696,1.2855466651587009
core,loqi_raw,LoQI,chembl_count,94,94,81.15957446808511,74.46808510638297,0.5362343449266861,1.2895204802975553
core,loqi_raw,LoQI,fixed,94,94,999.3404255319149,86.17021276595744,0.3392801451715199,1.3045040629423366
core,torsional_diffusion_raw,Torsional Diffusion,chembl_count,94,94,69.31914893617021,73.40425531914893,0.5820703193460611,1.4473005190215467
core,torsional_diffusion_raw,Torsional Diffusion,fixed,94,94,881.4255319148937,89.36170212765957,0.3706670592980769,1.4494729012540137
core,mcf_drugs_l_raw,MCF drugs-L,chembl_count,94,93,66.09574468085107,71.27659574468085,0.559308190727478,1.4396085008135528
core,mcf_drugs_l_raw,MCF drugs-L,fixed,94,93,866.8404255319149,86.17021276595744,0.36591912532100945,1.4616067391467065
core,nextmol_dmt_l_raw,NExT-Mol DMT-L,chembl_count,94,92,66.35106382978724,76.59574468085107,0.5430954450070196,1.4564200050125662
core,nextmol_dmt_l_raw,NExT-Mol DMT-L,fixed,94,93,871.9468085106383,86.17021276595744,0.3856563688758471,1.4537777010068573
core,flowr_raw,FlowR,chembl_count,94,94,72.67021276595744,70.2127659574468,0.6371202812804084,1.4533602629331195
core,flowr_raw,FlowR,fixed,94,94,920.0212765957447,86.17021276595744,0.41420030940786134,1.470081928345101
core,qwen_1p7b_fsq_bigdata_step47023,Qwen 1.7B FSQ,chembl_count,94,94,78.25531914893617,80.85106382978722,0.5056330030580359,1.2918400002937505
core,qwen_1p7b_fsq_bigdata_step47023,Qwen 1.7B FSQ,fixed,94,94,972.563829787234,91.48936170212765,0.3069240369775868,1.3179221377594756
ref,chembl3d_gt_pb,ChEMBL3D-PB,reference,1236,1236,66.1868932038835,78.72168284789643,0.5517999668585163,1.2809029243892014
ref,rdkit_random_raw,RDKit raw,chembl_count,1236,1236,66.30177993527508,68.44660194174757,0.6235691297922403,1.3296224559681902
ref,rdkit_random_raw,RDKit raw,fixed,1236,1236,999.8430420711974,81.47249190938511,0.4691746083666561,1.3378699518434969
ref,rdkit_random_minimized,RDKit minimized,chembl_count,1236,1235,66.23867313915858,68.85113268608414,0.6200712338566083,1.3058712964693193
ref,rdkit_random_minimized,RDKit minimized,fixed,1236,1235,998.7985436893204,77.26537216828478,0.5275269896073296,1.3081641470598977
ref,torsion_raw,Torsion raw,chembl_count,1236,1230,56.99757281553398,60.27508090614887,0.7088438877857233,1.3298724034928533
ref,torsion_raw,Torsion raw,fixed,1236,1236,897.9514563106796,77.66990291262135,0.4846452322544139,1.3277427015253578
ref,torsion_minimized,Torsion minimized,chembl_count,1236,1235,66.28802588996764,65.77669902912622,0.6470273083548586,1.2680238929787782
ref,torsion_minimized,Torsion minimized,fixed,1236,1235,999.168284789644,77.10355987055017,0.5428962616961625,1.2714408902262235
ref,loqi_raw,LoQI,chembl_count,1236,1236,66.01779935275081,74.27184466019418,0.5848287027147206,1.2916037332894679
ref,loqi_raw,LoQI,fixed,1236,1236,995.9716828478964,86.81229773462783,0.38165908376630936,1.300345426343367
ref,torsional_diffusion_raw,Torsional Diffusion,chembl_count,1236,1229,54.8373786407767,69.7411003236246,0.6279525988804738,1.4144103155626182
ref,torsional_diffusion_raw,Torsional Diffusion,fixed,1236,1236,867.6755663430421,86.24595469255664,0.3912664799110915,1.4156050602915293
ref,mcf_drugs_l_raw,MCF drugs-L,chembl_count,1236,1221,55.419093851132686,69.8220064724919,0.6665569160517352,1.429928774274745
ref,mcf_drugs_l_raw,MCF drugs-L,fixed,1236,1236,873.7669902912621,84.62783171521036,0.4494819534466644,1.4334982539446857
ref,nextmol_dmt_l_raw,NExT-Mol DMT-L,chembl_count,1236,1220,56.42718446601942,70.63106796116504,0.6420215968260921,1.3962657337451239
ref,nextmol_dmt_l_raw,NExT-Mol DMT-L,fixed,1236,1233,881.4368932038835,84.78964401294499,0.4483991346303848,1.3988139925816028
ref,flowr_raw,FlowR,chembl_count,1236,1232,58.31310679611651,66.10032362459548,0.6506780661957755,1.4251466073668775
ref,flowr_raw,FlowR,fixed,1236,1236,900.5299352750809,85.51779935275081,0.42343758941022397,1.434478954864109
ref,qwen_1p7b_fsq_bigdata_step47023,Qwen 1.7B FSQ,chembl_count,1236,1236,63.32605177993528,76.29449838187702,0.5577965038888856,1.2970818997264804
ref,qwen_1p7b_fsq_bigdata_step47023,Qwen 1.7B FSQ,fixed,1236,1236,967.9433656957929,92.47572815533981,0.31629907344706415,1.2968347638277486
