rank,name,ccd,category,benchmark_non_covalent,n_pdbs,n_systems,n_instances,inchikey,smiles,mw,clogp,hbd,hba,rotb,tpsa,num_true_confs,heavy_atoms
1,Staurosporine,STO,experimental kinase inhibitor,yes,91,179,180,HKSZLNNOFSGOKW-FYTWVXJKSA-N,CN[C@@H]1C[C@H]2O[C@@](C)([C@@H]1OC)n1c3ccccc3c3c4c(c5c6ccccc6n2c5c31)C(=O)NC4,466.5410000000003,4.354000000000003,2,4,2,69.45,177,35
2,Actinonin,BB2,antibiotic/enzyme inhibitor,yes,38,96,99,XJLATMLVMSFZBN-VYDXJSESSA-N,CCCCC[C@H](CC(=O)NO)C(=O)N[C@H](C(=O)N1CCC[C@H]1CO)C(C)C,385.5050000000002,1.2025000000000012,4,5,11,118.97,99,27
3,Acetazolamide,AZM,approved drug,yes,37,92,92,BZKPWHYZMXOIDC-UHFFFAOYSA-N,CC(=O)Nc1nnc(S(N)(=O)=O)s1,222.251,-0.8561000000000003,2,6,2,115.04,92,13
4,Cyclothiazide,CYZ,experimental drug-like modulator,yes,36,146,146,BOCUKUHCLICSIY-KSCJFIISSA-N,NS(=O)(=O)c1cc2c(cc1Cl)N[C@H]([C@H]1C[C@H]3C=C[C@@H]1C3)NS2(=O)=O,389.8860000000001,1.2295000000000005,3,5,2,118.36,146,24
5,Triclosan,TCL,antimicrobial,yes,34,148,151,XEFQLINVKFYRCS-UHFFFAOYSA-N,Oc1cc(Cl)ccc1Oc1ccc(Cl)cc1Cl,289.545,5.144700000000002,1,2,2,29.46,151,17
6,Bortezomib,BO2,approved drug; reversible covalent,covalent-flag,31,189,189,GXJABQQUPOEUTA-RDJZCZTQSA-N,CC(C)C[C@H](NC(=O)[C@H](Cc1ccccc1)NC(=O)c1cnccn1)B(O)O,384.24500000000006,0.3605999999999996,4,6,9,124.44,189,28
7,Trimethoprim,TOP,approved drug,yes,29,59,62,IEDVJHCEMCRBQM-UHFFFAOYSA-N,COc1cc(Cc2cnc(N)nc2N)cc(OC)c1OC,290.32300000000004,1.2575999999999998,2,7,5,105.51,60,21
8,Chloramphenicol,CLM,approved drug,yes,28,160,163,WIIZWVCIJKGZOK-RKDXNWHRSA-N,O=C(N[C@H](CO)[C@H](O)c1ccc([N+](=O)[O-])cc1)C(Cl)Cl,323.13199999999995,0.9089999999999998,3,5,6,112.70000000000002,157,20
9,Imatinib,STI,approved drug,yes,28,57,57,KTUFNOKKBVMGRW-UHFFFAOYSA-N,Cc1ccc(NC(=O)c2ccc(CN3CCN(C)CC3)cc2)cc1Nc1nccc(-c2cccnc2)n1,493.6150000000002,4.590320000000004,2,7,7,86.28000000000002,57,37
10,Amprenavir,478,approved drug,yes,25,30,30,YMARZQAQMVYCKC-OEMFJLHTSA-N,CC(C)CN(C[C@@H](O)[C@H](Cc1ccccc1)NC(=O)O[C@H]1CCOC1)S(=O)(=O)c1ccc(N)cc1,505.63700000000034,2.4028,3,7,11,131.19,30,35
11,S-thalidomide,EF2,approved drug stereoisomer,yes,24,73,73,UEJJHQNACJXSKW-VIFPVBQESA-N,O=C1CC[C@H](N2C(=O)c3ccccc3C2=O)C(=O)N1,258.23299999999995,0.0877999999999999,1,4,1,83.55000000000001,73,19
12,Indomethacin,IMN,approved drug,yes,23,51,54,CGIGDMFJXJATDK-UHFFFAOYSA-N,COc1ccc2c(c1)c(CC(=O)O)c(C)n2C(=O)c1ccc(Cl)cc1,357.793,3.9273200000000026,1,3,4,68.53,54,25
13,Nicotine,NCT,bioactive drug-like alkaloid,yes,20,76,76,SNICXCGAKADSCV-JTQLQIEISA-N,CN1CCC[C@H]1c1cccnc1,162.236,1.8483,0,2,1,16.130000000000003,76,12
14,IBMX,IBM,experimental phosphodiesterase inhibitor,yes,20,57,57,APIXJSLKIYYUKG-UHFFFAOYSA-N,CC(C)Cn1c(=O)n(C)c(=O)c2nc[nH]c21,222.248,0.0792999999999997,1,3,2,72.68,57,16
15,Diclofenac,DIF,approved drug,yes,20,50,55,DCOPUUMXTXDBNB-UHFFFAOYSA-N,O=C(O)Cc1ccccc1Nc1c(Cl)cccc1Cl,296.153,4.364100000000001,2,2,4,49.33,55,19
16,Colchicine,LOC,approved drug/natural product,yes,20,30,30,IAKHMKGGTNLKSZ-INIZCTEOSA-N,COc1cc2c(c(OC)c1OC)-c1ccc(OC)c(=O)cc1[C@@H](NC(C)=O)CC2,399.4430000000002,2.871600000000001,1,6,5,83.09,30,29
17,Dexamethasone,DEX,approved drug,yes,19,32,32,UREBDLICKHMUKA-CXSFZGCWSA-N,C[C@@H]1C[C@H]2[C@@H]3CCC4=CC(=O)C=C[C@]4(C)[C@@]3(F)[C@@H](O)C[C@]2(C)[C@@]1(O)C(=O)CO,392.4670000000002,1.8957,3,5,2,94.83,32,28
18,Fluconazole,TPF,approved drug,yes,17,32,32,RFHAOTPXVQNOHP-UHFFFAOYSA-N,OC(Cn1cncn1)(Cn1cncn1)c1ccc(F)cc1F,306.276,0.7357999999999993,1,5,5,81.64999999999999,32,22
19,Fosmidomycin,FOM,antibiotic candidate,yes,16,30,30,GJXWDTUCERCKIX-UHFFFAOYSA-N,O=CN(O)CCCP(=O)(O)O,183.1,-0.5982000000000002,3,3,5,98.07,28,11
20,Bromosporine,BMF,experimental kinase inhibitor,yes,16,26,27,UYBRROMMFMPJAN-UHFFFAOYSA-N,CCOC(=O)Nc1cc(-c2ccc(C)c(NS(C)(=O)=O)c2)nn2c(C)nnc12,404.45200000000017,2.34804,2,7,5,127.58,23,28
21,4-Hydroxytamoxifen,OHT,active drug metabolite,yes,15,74,83,TXUZVZSFRXZGTL-QPLCGJKRSA-N,CC/C(=C(\c1ccc(O)cc1)c1ccc(OCCN(C)C)cc1)c1ccccc1,387.523,5.701700000000005,1,3,8,32.7,81,29
22,Trichostatin A,TSN,experimental HDAC inhibitor,yes,15,30,36,RTKIYFITIVXBLE-QEQCGCAPSA-N,CC(/C=C/C(=O)NO)=C\[C@@H](C)C(=O)c1ccc(N(C)C)cc1,302.374,2.579300000000001,2,4,6,69.64,35,22
23,Pleconaril,W11,antiviral drug candidate,yes,9,716,716,KQOXLKOJHVFTRN-UHFFFAOYSA-N,Cc1cc(CCCOc2c(C)cc(-c3noc(C(F)(F)F)n3)cc2C)on1,381.354,4.680260000000004,0,6,6,74.18,716,27
