key,delta,ci_low,ci_high
rdkit_random_raw,2.127659574468085,-6.382978723404255,10.638297872340425
rdkit_random_minimized,0.0,-8.51063829787234,8.51063829787234
torsion_raw,0.0,-8.51063829787234,8.51063829787234
torsion_minimized,1.0638297872340425,-8.51063829787234,10.638297872340425
loqi_raw,7.446808510638298,0.0,14.893617021276595
torsional_diffusion_raw,10.638297872340425,5.319148936170213,17.02127659574468
mcf_drugs_l_raw,7.446808510638298,-1.0638297872340425,17.02127659574468
nextmol_dmt_l_raw,7.446808510638298,-1.0638297872340425,15.957446808510639
flowr_raw,7.446808510638298,0.0,14.893617021276595
qwen_1p7b_fsq_bigdata_step47023,12.76595744680851,6.382978723404255,20.21276595744681
