key,metric,delta,ci_low,ci_high
torsional_diffusion_raw,cov_r_075,-12.577972913975785,-26.21478885068598,-1.5782229230611304
mcf_drugs_l_raw,cov_r_075,-8.507802659287334,-19.54225784961321,0.20445460141037747
nextmol_dmt_l_raw,cov_r_075,-8.538522549772793,-19.509139010606717,0.013248399994285759
flowr_raw,cov_r_075,-9.887157189714433,-21.770461107612583,-0.09711928098303832
qwen_1p7b_fsq_bigdata_step47023,cov_r_075,-0.24511986701482175,-9.038033896751616,9.074336389985014
torsional_diffusion_raw,cov_p_075,-16.40434782608696,-24.79565217391304,-8.313043478260873
mcf_drugs_l_raw,cov_p_075,-19.913043478260867,-28.178260869565214,-11.721630434782611
nextmol_dmt_l_raw,cov_p_075,-22.06521739130435,-30.469565217391303,-13.891304347826088
flowr_raw,cov_p_075,-22.432967318738076,-30.699480665537976,-14.628412684153794
qwen_1p7b_fsq_bigdata_step47023,cov_p_075,-12.207826086956521,-19.871989130434784,-4.685184782608696
