method,smiles,n_reference,n_generated,cached_recall_075,table_recall_075,cached_precision_075,table_precision_075
qwen_1p7b_fsq_bigdata_step47023,O=CN(O)CCCP(=O)(O)O,28,1000,1.0,1.0,0.515,0.515
qwen_1p7b_fsq_bigdata_step47023,CN1CCC[C@H]1c1cccnc1,76,1000,1.0,1.0,0.971,0.971
qwen_1p7b_fsq_bigdata_step47023,CC(=O)Nc1nnc(S(N)(=O)=O)s1,92,1000,1.0,1.0,0.853,0.853
qwen_1p7b_fsq_bigdata_step47023,Oc1cc(Cl)ccc1Oc1ccc(Cl)cc1Cl,151,1000,1.0,1.0,0.835,0.835
qwen_1p7b_fsq_bigdata_step47023,O=C(O)Cc1ccccc1Nc1c(Cl)cccc1Cl,55,1000,1.0,1.0,0.665,0.665
qwen_1p7b_fsq_bigdata_step47023,COc1cc(Cc2cnc(N)nc2N)cc(OC)c1OC,60,1000,1.0,1.0,0.901,0.901
qwen_1p7b_fsq_bigdata_step47023,CC(C)Cn1c(=O)n(C)c(=O)c2nc[nH]c21,57,1000,1.0,1.0,1.0,1.0
qwen_1p7b_fsq_bigdata_step47023,OC(Cn1cncn1)(Cn1cncn1)c1ccc(F)cc1F,32,994,1.0,1.0,0.060362173038229376,0.0603
qwen_1p7b_fsq_bigdata_step47023,O=C1CC[C@H](N2C(=O)c3ccccc3C2=O)C(=O)N1,73,1000,1.0,1.0,0.784,0.784
qwen_1p7b_fsq_bigdata_step47023,COc1ccc2c(c1)c(CC(=O)O)c(C)n2C(=O)c1ccc(Cl)cc1,54,1000,1.0,1.0,0.728,0.728
qwen_1p7b_fsq_bigdata_step47023,Cc1cc(CCCOc2c(C)cc(-c3noc(C(F)(F)F)n3)cc2C)on1,716,992,0.9986033519553073,1.0,0.03326612903225806,0.0332
qwen_1p7b_fsq_bigdata_step47023,CC/C(=C(\c1ccc(O)cc1)c1ccc(OCCN(C)C)cc1)c1ccccc1,81,1000,1.0,1.0,0.208,0.208
qwen_1p7b_fsq_bigdata_step47023,CC(/C=C/C(=O)NO)=C\[C@@H](C)C(=O)c1ccc(N(C)C)cc1,35,1000,1.0,1.0,0.076,0.076
qwen_1p7b_fsq_bigdata_step47023,O=C(N[C@H](CO)[C@H](O)c1ccc([N+](=O)[O-])cc1)C(Cl)Cl,157,998,0.9872611464968153,0.9872,0.4228456913827655,0.4228
qwen_1p7b_fsq_bigdata_step47023,CCOC(=O)Nc1cc(-c2ccc(C)c(NS(C)(=O)=O)c2)nn2c(C)nnc12,23,1000,1.0,1.0,0.075,0.075
qwen_1p7b_fsq_bigdata_step47023,CC(C)C[C@H](NC(=O)[C@H](Cc1ccccc1)NC(=O)c1cnccn1)B(O)O,189,1000,0.37037037037037035,0.3703,0.055,0.055
qwen_1p7b_fsq_bigdata_step47023,COc1cc2c(c(OC)c1OC)-c1ccc(OC)c(=O)cc1[C@@H](NC(C)=O)CC2,30,1000,1.0,1.0,0.071,0.0709
qwen_1p7b_fsq_bigdata_step47023,CCCCC[C@H](CC(=O)NO)C(=O)N[C@H](C(=O)N1CCC[C@H]1CO)C(C)C,99,999,0.04040404040404041,0.0404,0.004004004004004004,0.004
qwen_1p7b_fsq_bigdata_step47023,Cc1ccc(NC(=O)c2ccc(CN3CCN(C)CC3)cc2)cc1Nc1nccc(-c2cccnc2)n1,57,999,0.7894736842105263,0.7894,0.006006006006006006,0.006
qwen_1p7b_fsq_bigdata_step47023,NS(=O)(=O)c1cc2c(cc1Cl)N[C@H]([C@H]1C[C@H]3C=C[C@@H]1C3)NS2(=O)=O,146,1000,1.0,1.0,0.619,0.619
qwen_1p7b_fsq_bigdata_step47023,CC(C)CN(C[C@@H](O)[C@H](Cc1ccccc1)NC(=O)O[C@H]1CCOC1)S(=O)(=O)c1ccc(N)cc1,30,1000,0.7666666666666667,0.7666,0.001,0.001
qwen_1p7b_fsq_bigdata_step47023,CN[C@@H]1C[C@H]2O[C@@](C)([C@@H]1OC)n1c3ccccc3c3c4c(c5c6ccccc6n2c5c31)C(=O)NC4,177,1000,1.0,1.0,0.893,0.893
qwen_1p7b_fsq_bigdata_step47023,C[C@@H]1C[C@H]2[C@@H]3CCC4=CC(=O)C=C[C@]4(C)[C@@]3(F)[C@@H](O)C[C@]2(C)[C@@]1(O)C(=O)CO,32,1000,0.96875,0.9687,0.988,0.989
loqi_druglike,O=CN(O)CCCP(=O)(O)O,28,1000,0.9642857142857143,0.9642857142857144,0.409,0.409
loqi_druglike,CN1CCC[C@H]1c1cccnc1,76,1000,1.0,1.0,0.998,0.998
loqi_druglike,CC(=O)Nc1nnc(S(N)(=O)=O)s1,92,1000,0.9782608695652174,0.9782608695652174,0.995,0.995
loqi_druglike,Oc1cc(Cl)ccc1Oc1ccc(Cl)cc1Cl,151,1000,1.0,1.0,0.954,0.953
loqi_druglike,O=C(O)Cc1ccccc1Nc1c(Cl)cccc1Cl,55,1000,0.8909090909090909,0.8909090909090909,0.992,0.992
loqi_druglike,COc1cc(Cc2cnc(N)nc2N)cc(OC)c1OC,60,1000,1.0,1.0,0.885,0.884
loqi_druglike,CC(C)Cn1c(=O)n(C)c(=O)c2nc[nH]c21,57,1000,1.0,1.0,1.0,1.0
loqi_druglike,OC(Cn1cncn1)(Cn1cncn1)c1ccc(F)cc1F,32,1000,0.96875,0.96875,0.033,0.033
loqi_druglike,O=C1CC[C@H](N2C(=O)c3ccccc3C2=O)C(=O)N1,73,1000,1.0,1.0,1.0,1.0
loqi_druglike,COc1ccc2c(c1)c(CC(=O)O)c(C)n2C(=O)c1ccc(Cl)cc1,54,1000,0.9444444444444444,0.9444444444444444,1.0,1.0
loqi_druglike,Cc1cc(CCCOc2c(C)cc(-c3noc(C(F)(F)F)n3)cc2C)on1,716,1000,1.0,1.0,0.036,0.036
loqi_druglike,CC/C(=C(\c1ccc(O)cc1)c1ccc(OCCN(C)C)cc1)c1ccccc1,81,1000,1.0,1.0,0.459,0.459
loqi_druglike,CC(/C=C/C(=O)NO)=C\[C@@H](C)C(=O)c1ccc(N(C)C)cc1,35,1000,1.0,1.0,0.497,0.497
loqi_druglike,O=C(N[C@H](CO)[C@H](O)c1ccc([N+](=O)[O-])cc1)C(Cl)Cl,157,1000,0.9617834394904459,0.961783439490446,0.904,0.904
loqi_druglike,CCOC(=O)Nc1cc(-c2ccc(C)c(NS(C)(=O)=O)c2)nn2c(C)nnc12,23,1000,0.9565217391304348,0.9565217391304348,0.389,0.389
loqi_druglike,CC(C)C[C@H](NC(=O)[C@H](Cc1ccccc1)NC(=O)c1cnccn1)B(O)O,189,1000,0.6825396825396826,0.6825396825396826,0.264,0.264
loqi_druglike,COc1cc2c(c(OC)c1OC)-c1ccc(OC)c(=O)cc1[C@@H](NC(C)=O)CC2,30,1000,1.0,1.0,0.519,0.519
loqi_druglike,CCCCC[C@H](CC(=O)NO)C(=O)N[C@H](C(=O)N1CCC[C@H]1CO)C(C)C,99,1000,0.6767676767676768,0.6767676767676768,0.055,0.055
loqi_druglike,Cc1ccc(NC(=O)c2ccc(CN3CCN(C)CC3)cc2)cc1Nc1nccc(-c2cccnc2)n1,57,1000,0.05263157894736842,0.0526315789473684,0.008,0.008
loqi_druglike,NS(=O)(=O)c1cc2c(cc1Cl)N[C@H]([C@H]1C[C@H]3C=C[C@@H]1C3)NS2(=O)=O,146,1000,1.0,1.0,0.479,0.479
loqi_druglike,CC(C)CN(C[C@@H](O)[C@H](Cc1ccccc1)NC(=O)O[C@H]1CCOC1)S(=O)(=O)c1ccc(N)cc1,30,1000,0.9333333333333333,0.9333333333333332,0.004,0.004
loqi_druglike,CN[C@@H]1C[C@H]2O[C@@](C)([C@@H]1OC)n1c3ccccc3c3c4c(c5c6ccccc6n2c5c31)C(=O)NC4,177,1000,1.0,1.0,0.869,0.869
loqi_druglike,C[C@@H]1C[C@H]2[C@@H]3CCC4=CC(=O)C=C[C@]4(C)[C@@]3(F)[C@@H](O)C[C@]2(C)[C@@]1(O)C(=O)CO,32,1000,0.96875,0.96875,0.826,0.826
torsional_diffusion_druglike,O=CN(O)CCCP(=O)(O)O,28,1000,1.0,1.0,0.087,0.087
torsional_diffusion_druglike,CN1CCC[C@H]1c1cccnc1,76,1000,1.0,1.0,0.995,0.995
torsional_diffusion_druglike,CC(=O)Nc1nnc(S(N)(=O)=O)s1,92,1000,1.0,1.0,0.487,0.487
torsional_diffusion_druglike,Oc1cc(Cl)ccc1Oc1ccc(Cl)cc1Cl,151,1000,1.0,1.0,0.594,0.594
torsional_diffusion_druglike,O=C(O)Cc1ccccc1Nc1c(Cl)cccc1Cl,55,1000,1.0,1.0,0.524,0.524
torsional_diffusion_druglike,COc1cc(Cc2cnc(N)nc2N)cc(OC)c1OC,60,1000,1.0,1.0,0.817,0.817
torsional_diffusion_druglike,CC(C)Cn1c(=O)n(C)c(=O)c2nc[nH]c21,57,1000,1.0,1.0,1.0,1.0
torsional_diffusion_druglike,OC(Cn1cncn1)(Cn1cncn1)c1ccc(F)cc1F,32,1000,1.0,1.0,0.07,0.07
torsional_diffusion_druglike,O=C1CC[C@H](N2C(=O)c3ccccc3C2=O)C(=O)N1,73,1000,1.0,1.0,0.979,0.979
torsional_diffusion_druglike,COc1ccc2c(c1)c(CC(=O)O)c(C)n2C(=O)c1ccc(Cl)cc1,54,1000,0.9814814814814815,0.9814814814814816,0.968,0.968
torsional_diffusion_druglike,Cc1cc(CCCOc2c(C)cc(-c3noc(C(F)(F)F)n3)cc2C)on1,716,1000,0.4273743016759777,0.4273743016759777,0.002,0.002
torsional_diffusion_druglike,CC/C(=C(\c1ccc(O)cc1)c1ccc(OCCN(C)C)cc1)c1ccccc1,81,1000,1.0,1.0,0.076,0.076
torsional_diffusion_druglike,CC(/C=C/C(=O)NO)=C\[C@@H](C)C(=O)c1ccc(N(C)C)cc1,35,1000,0.9714285714285714,0.9714285714285714,0.1,0.1
torsional_diffusion_druglike,O=C(N[C@H](CO)[C@H](O)c1ccc([N+](=O)[O-])cc1)C(Cl)Cl,157,1000,0.9808917197452229,0.9808917197452228,0.497,0.498
torsional_diffusion_druglike,CCOC(=O)Nc1cc(-c2ccc(C)c(NS(C)(=O)=O)c2)nn2c(C)nnc12,23,1000,1.0,1.0,0.191,0.191
torsional_diffusion_druglike,CC(C)C[C@H](NC(=O)[C@H](Cc1ccccc1)NC(=O)c1cnccn1)B(O)O,189,1000,0.5026455026455027,0.5026455026455027,0.025,0.025
torsional_diffusion_druglike,COc1cc2c(c(OC)c1OC)-c1ccc(OC)c(=O)cc1[C@@H](NC(C)=O)CC2,30,1000,0.0,0.0,0.0,0.0
torsional_diffusion_druglike,CCCCC[C@H](CC(=O)NO)C(=O)N[C@H](C(=O)N1CCC[C@H]1CO)C(C)C,99,1000,0.2222222222222222,0.2222222222222222,0.005,0.005
torsional_diffusion_druglike,Cc1ccc(NC(=O)c2ccc(CN3CCN(C)CC3)cc2)cc1Nc1nccc(-c2cccnc2)n1,57,1000,0.0,0.0,0.0,0.0
torsional_diffusion_druglike,NS(=O)(=O)c1cc2c(cc1Cl)N[C@H]([C@H]1C[C@H]3C=C[C@@H]1C3)NS2(=O)=O,146,1000,1.0,1.0,0.526,0.525
torsional_diffusion_druglike,CC(C)CN(C[C@@H](O)[C@H](Cc1ccccc1)NC(=O)O[C@H]1CCOC1)S(=O)(=O)c1ccc(N)cc1,30,1000,0.0,0.0,0.0,0.0
torsional_diffusion_druglike,CN[C@@H]1C[C@H]2O[C@@](C)([C@@H]1OC)n1c3ccccc3c3c4c(c5c6ccccc6n2c5c31)C(=O)NC4,177,1000,1.0,1.0,1.0,1.0
torsional_diffusion_druglike,C[C@@H]1C[C@H]2[C@@H]3CCC4=CC(=O)C=C[C@]4(C)[C@@]3(F)[C@@H](O)C[C@]2(C)[C@@]1(O)C(=O)CO,32,1000,1.0,1.0,0.857,0.857
mcf_drugs_l_druglike,O=CN(O)CCCP(=O)(O)O,28,1000,1.0,1.0,0.13,0.13
mcf_drugs_l_druglike,CN1CCC[C@H]1c1cccnc1,76,1000,1.0,1.0,0.804,0.804
mcf_drugs_l_druglike,CC(=O)Nc1nnc(S(N)(=O)=O)s1,92,1000,0.9565217391304348,0.9565217391304348,0.503,0.503
mcf_drugs_l_druglike,Oc1cc(Cl)ccc1Oc1ccc(Cl)cc1Cl,151,1000,1.0,1.0,0.654,0.653
mcf_drugs_l_druglike,O=C(O)Cc1ccccc1Nc1c(Cl)cccc1Cl,55,1000,0.9636363636363636,0.9636363636363636,0.478,0.478
mcf_drugs_l_druglike,COc1cc(Cc2cnc(N)nc2N)cc(OC)c1OC,60,1000,1.0,1.0,0.871,0.872
mcf_drugs_l_druglike,CC(C)Cn1c(=O)n(C)c(=O)c2nc[nH]c21,57,1000,1.0,1.0,1.0,1.0
mcf_drugs_l_druglike,OC(Cn1cncn1)(Cn1cncn1)c1ccc(F)cc1F,32,1000,0.9375,0.9375,0.127,0.127
mcf_drugs_l_druglike,O=C1CC[C@H](N2C(=O)c3ccccc3C2=O)C(=O)N1,73,1000,1.0,1.0,0.653,0.653
mcf_drugs_l_druglike,COc1ccc2c(c1)c(CC(=O)O)c(C)n2C(=O)c1ccc(Cl)cc1,54,1000,0.9444444444444444,0.9444444444444444,0.991,0.99
mcf_drugs_l_druglike,Cc1cc(CCCOc2c(C)cc(-c3noc(C(F)(F)F)n3)cc2C)on1,716,1000,1.0,1.0,0.044,0.043
mcf_drugs_l_druglike,CC/C(=C(\c1ccc(O)cc1)c1ccc(OCCN(C)C)cc1)c1ccccc1,81,1000,1.0,1.0,0.174,0.174
mcf_drugs_l_druglike,CC(/C=C/C(=O)NO)=C\[C@@H](C)C(=O)c1ccc(N(C)C)cc1,35,1000,1.0,1.0,0.085,0.085
mcf_drugs_l_druglike,O=C(N[C@H](CO)[C@H](O)c1ccc([N+](=O)[O-])cc1)C(Cl)Cl,157,1000,0.9872611464968153,0.9872611464968152,0.316,0.317
mcf_drugs_l_druglike,CCOC(=O)Nc1cc(-c2ccc(C)c(NS(C)(=O)=O)c2)nn2c(C)nnc12,23,1000,1.0,1.0,0.34,0.34
mcf_drugs_l_druglike,CC(C)C[C@H](NC(=O)[C@H](Cc1ccccc1)NC(=O)c1cnccn1)B(O)O,189,1000,0.25396825396825395,0.2539682539682539,0.015,0.015
mcf_drugs_l_druglike,COc1cc2c(c(OC)c1OC)-c1ccc(OC)c(=O)cc1[C@@H](NC(C)=O)CC2,30,1000,1.0,1.0,0.058,0.058
mcf_drugs_l_druglike,CCCCC[C@H](CC(=O)NO)C(=O)N[C@H](C(=O)N1CCC[C@H]1CO)C(C)C,99,1000,0.010101010101010102,0.0101010101010101,0.001,0.001
mcf_drugs_l_druglike,Cc1ccc(NC(=O)c2ccc(CN3CCN(C)CC3)cc2)cc1Nc1nccc(-c2cccnc2)n1,57,1000,0.0,0.0,0.0,0.0
mcf_drugs_l_druglike,NS(=O)(=O)c1cc2c(cc1Cl)N[C@H]([C@H]1C[C@H]3C=C[C@@H]1C3)NS2(=O)=O,146,1000,1.0,1.0,0.143,0.143
mcf_drugs_l_druglike,CC(C)CN(C[C@@H](O)[C@H](Cc1ccccc1)NC(=O)O[C@H]1CCOC1)S(=O)(=O)c1ccc(N)cc1,30,1000,0.0,0.0,0.0,0.0
mcf_drugs_l_druglike,CN[C@@H]1C[C@H]2O[C@@](C)([C@@H]1OC)n1c3ccccc3c3c4c(c5c6ccccc6n2c5c31)C(=O)NC4,177,1000,1.0,1.0,0.757,0.756
mcf_drugs_l_druglike,C[C@@H]1C[C@H]2[C@@H]3CCC4=CC(=O)C=C[C@]4(C)[C@@]3(F)[C@@H](O)C[C@]2(C)[C@@]1(O)C(=O)CO,32,1000,0.96875,0.96875,0.852,0.851
flowr_druglike,O=CN(O)CCCP(=O)(O)O,28,1000,1.0,1.0,0.268,0.268
flowr_druglike,CN1CCC[C@H]1c1cccnc1,76,1000,1.0,1.0,0.938,0.938
flowr_druglike,CC(=O)Nc1nnc(S(N)(=O)=O)s1,92,1000,1.0,1.0,0.647,0.647
flowr_druglike,Oc1cc(Cl)ccc1Oc1ccc(Cl)cc1Cl,151,1000,1.0,1.0,0.803,0.802
flowr_druglike,O=C(O)Cc1ccccc1Nc1c(Cl)cccc1Cl,55,1000,1.0,1.0,0.622,0.622
flowr_druglike,COc1cc(Cc2cnc(N)nc2N)cc(OC)c1OC,60,1000,1.0,1.0,0.759,0.759
flowr_druglike,CC(C)Cn1c(=O)n(C)c(=O)c2nc[nH]c21,57,1000,1.0,1.0,0.981,0.981
flowr_druglike,OC(Cn1cncn1)(Cn1cncn1)c1ccc(F)cc1F,32,1000,1.0,1.0,0.085,0.085
flowr_druglike,O=C1CC[C@H](N2C(=O)c3ccccc3C2=O)C(=O)N1,73,1000,1.0,1.0,0.889,0.889
flowr_druglike,COc1ccc2c(c1)c(CC(=O)O)c(C)n2C(=O)c1ccc(Cl)cc1,54,1000,1.0,1.0,0.782,0.782
flowr_druglike,Cc1cc(CCCOc2c(C)cc(-c3noc(C(F)(F)F)n3)cc2C)on1,716,1000,0.7960893854748603,0.7960893854748603,0.014,0.014
flowr_druglike,CC/C(=C(\c1ccc(O)cc1)c1ccc(OCCN(C)C)cc1)c1ccccc1,81,1000,1.0,1.0,0.074,0.074
flowr_druglike,CC(/C=C/C(=O)NO)=C\[C@@H](C)C(=O)c1ccc(N(C)C)cc1,35,1000,0.9714285714285714,0.9714285714285714,0.041,0.041
flowr_druglike,O=C(N[C@H](CO)[C@H](O)c1ccc([N+](=O)[O-])cc1)C(Cl)Cl,157,1000,0.9808917197452229,0.9808917197452228,0.239,0.24
flowr_druglike,CCOC(=O)Nc1cc(-c2ccc(C)c(NS(C)(=O)=O)c2)nn2c(C)nnc12,23,1000,0.9565217391304348,0.9565217391304348,0.04,0.04
flowr_druglike,CC(C)C[C@H](NC(=O)[C@H](Cc1ccccc1)NC(=O)c1cnccn1)B(O)O,189,1000,0.0,0.0,0.0,0.0
flowr_druglike,COc1cc2c(c(OC)c1OC)-c1ccc(OC)c(=O)cc1[C@@H](NC(C)=O)CC2,30,1000,1.0,1.0,0.045,0.045
flowr_druglike,CCCCC[C@H](CC(=O)NO)C(=O)N[C@H](C(=O)N1CCC[C@H]1CO)C(C)C,99,1000,0.0,0.0,0.0,0.0
flowr_druglike,Cc1ccc(NC(=O)c2ccc(CN3CCN(C)CC3)cc2)cc1Nc1nccc(-c2cccnc2)n1,57,1000,0.0,0.0,0.0,0.0
flowr_druglike,NS(=O)(=O)c1cc2c(cc1Cl)N[C@H]([C@H]1C[C@H]3C=C[C@@H]1C3)NS2(=O)=O,146,1000,1.0,1.0,0.397,0.397
flowr_druglike,CC(C)CN(C[C@@H](O)[C@H](Cc1ccccc1)NC(=O)O[C@H]1CCOC1)S(=O)(=O)c1ccc(N)cc1,30,1000,0.0,0.0,0.0,0.0
flowr_druglike,CN[C@@H]1C[C@H]2O[C@@](C)([C@@H]1OC)n1c3ccccc3c3c4c(c5c6ccccc6n2c5c31)C(=O)NC4,177,999,1.0,1.0,0.28428428428428426,0.2852852852852853
flowr_druglike,C[C@@H]1C[C@H]2[C@@H]3CCC4=CC(=O)C=C[C@]4(C)[C@@]3(F)[C@@H](O)C[C@]2(C)[C@@]1(O)C(=O)CO,32,121,1.0,1.0,0.5041322314049587,0.5041322314049587
nextmol_dmt_l_druglike,O=CN(O)CCCP(=O)(O)O,28,1000,0.9642857142857143,0.9642857142857144,0.051,0.051
nextmol_dmt_l_druglike,CN1CCC[C@H]1c1cccnc1,76,1000,1.0,1.0,0.856,0.856
nextmol_dmt_l_druglike,CC(=O)Nc1nnc(S(N)(=O)=O)s1,92,1000,0.9565217391304348,0.9565217391304348,0.507,0.507
nextmol_dmt_l_druglike,Oc1cc(Cl)ccc1Oc1ccc(Cl)cc1Cl,151,1000,1.0,1.0,0.618,0.618
nextmol_dmt_l_druglike,O=C(O)Cc1ccccc1Nc1c(Cl)cccc1Cl,55,1000,0.9636363636363636,0.9636363636363636,0.583,0.583
nextmol_dmt_l_druglike,COc1cc(Cc2cnc(N)nc2N)cc(OC)c1OC,60,1000,1.0,1.0,0.86,0.86
nextmol_dmt_l_druglike,CC(C)Cn1c(=O)n(C)c(=O)c2nc[nH]c21,57,1000,1.0,1.0,1.0,1.0
nextmol_dmt_l_druglike,OC(Cn1cncn1)(Cn1cncn1)c1ccc(F)cc1F,32,1000,0.96875,0.96875,0.093,0.093
nextmol_dmt_l_druglike,O=C1CC[C@H](N2C(=O)c3ccccc3C2=O)C(=O)N1,73,1000,1.0,1.0,0.816,0.816
nextmol_dmt_l_druglike,COc1ccc2c(c1)c(CC(=O)O)c(C)n2C(=O)c1ccc(Cl)cc1,54,1000,0.9444444444444444,0.9444444444444444,0.981,0.981
nextmol_dmt_l_druglike,Cc1cc(CCCOc2c(C)cc(-c3noc(C(F)(F)F)n3)cc2C)on1,716,1000,1.0,1.0,0.08,0.079
nextmol_dmt_l_druglike,CC/C(=C(\c1ccc(O)cc1)c1ccc(OCCN(C)C)cc1)c1ccccc1,81,1000,1.0,1.0,0.213,0.213
nextmol_dmt_l_druglike,CC(/C=C/C(=O)NO)=C\[C@@H](C)C(=O)c1ccc(N(C)C)cc1,35,1000,0.9714285714285714,0.9714285714285714,0.149,0.149
nextmol_dmt_l_druglike,O=C(N[C@H](CO)[C@H](O)c1ccc([N+](=O)[O-])cc1)C(Cl)Cl,157,1000,0.9808917197452229,0.9808917197452228,0.247,0.247
nextmol_dmt_l_druglike,CCOC(=O)Nc1cc(-c2ccc(C)c(NS(C)(=O)=O)c2)nn2c(C)nnc12,23,1000,1.0,1.0,0.374,0.374
nextmol_dmt_l_druglike,CC(C)C[C@H](NC(=O)[C@H](Cc1ccccc1)NC(=O)c1cnccn1)B(O)O,189,1000,0.2857142857142857,0.2857142857142857,0.016,0.016
nextmol_dmt_l_druglike,COc1cc2c(c(OC)c1OC)-c1ccc(OC)c(=O)cc1[C@@H](NC(C)=O)CC2,30,1000,1.0,1.0,0.165,0.165
nextmol_dmt_l_druglike,CCCCC[C@H](CC(=O)NO)C(=O)N[C@H](C(=O)N1CCC[C@H]1CO)C(C)C,99,1000,0.0,0.0,0.0,0.0
nextmol_dmt_l_druglike,Cc1ccc(NC(=O)c2ccc(CN3CCN(C)CC3)cc2)cc1Nc1nccc(-c2cccnc2)n1,57,1000,0.017543859649122806,0.0175438596491228,0.013,0.013
nextmol_dmt_l_druglike,NS(=O)(=O)c1cc2c(cc1Cl)N[C@H]([C@H]1C[C@H]3C=C[C@@H]1C3)NS2(=O)=O,146,1000,0.9931506849315068,0.9931506849315068,0.068,0.068
nextmol_dmt_l_druglike,CC(C)CN(C[C@@H](O)[C@H](Cc1ccccc1)NC(=O)O[C@H]1CCOC1)S(=O)(=O)c1ccc(N)cc1,30,1000,0.0,0.0,0.0,0.0
nextmol_dmt_l_druglike,CN[C@@H]1C[C@H]2O[C@@](C)([C@@H]1OC)n1c3ccccc3c3c4c(c5c6ccccc6n2c5c31)C(=O)NC4,177,1000,1.0,1.0,0.451,0.451
nextmol_dmt_l_druglike,C[C@@H]1C[C@H]2[C@@H]3CCC4=CC(=O)C=C[C@]4(C)[C@@]3(F)[C@@H](O)C[C@]2(C)[C@@]1(O)C(=O)CO,32,1000,0.96875,0.96875,0.358,0.358
