display_label,set,method,tier,N,rows,evaluated,mean_valid,best_rmsd,median_rmsd,clusters,clusters100,entropy,pb_pass,hit_0p25,hit_0p5,hit_0p75,hit_2p0,recovered_count
ChEMBL3D-PB,core,chembl3d_gt_pb,reference,94,94,94,81.15957446808511,0.5253817379090603,1.326120558454165,7.691489361702128,28.488082389887563,0.7228635462791325,1.0,0.2553191489361702,0.6382978723404256,0.7872340425531915,0.9787234042553191,74
RDKit raw,core,rdkit_random_raw_chembl_count,chembl_count,94,94,94,81.15957446808511,0.6008553763626936,1.332615938970447,14.702127659574469,32.557903147665996,0.6909477629392862,1.0,0.19148936170212766,0.43617021276595747,0.6595744680851063,1.0,62
RDKit raw,core,rdkit_random_raw_fixed,fixed,94,94,94,999.9468085106383,0.4370038441914611,1.3295346920336741,35.92553191489362,3.592845220182874,0.7396366183170934,0.9999468085106383,0.3191489361702128,0.648936170212766,0.8085106382978723,1.0,76
RDKit minimized,core,rdkit_random_minimized_chembl_count,chembl_count,94,94,94,81.15957446808511,0.617848057912921,1.3370709398890177,10.98936170212766,29.219344746040555,0.6687609269856511,1.0,0.19148936170212766,0.4574468085106383,0.7021276595744681,1.0,66
RDKit minimized,core,rdkit_random_minimized_fixed,fixed,94,94,94,999.968085106383,0.512323350853213,1.335645130015122,20.22340425531915,2.022362833180392,0.7193130104811918,0.999968085106383,0.24468085106382978,0.574468085106383,0.7872340425531915,1.0,74
Torsion raw,core,torsion_raw_chembl_count,chembl_count,94,94,94,71.14893617021276,0.6785579645953087,1.334110495617325,21.829787234042552,41.28368805208354,0.6751514878005006,0.897573708134674,0.10638297872340426,0.35106382978723405,0.6595744680851063,0.9893617021276596,62
Torsion raw,core,torsion_raw_fixed,fixed,94,94,94,896.4787234042553,0.4773101130925174,1.3365640517170507,74.18085106382979,8.823415832550658,0.761637337539882,0.8964787234042553,0.3191489361702128,0.5957446808510638,0.7872340425531915,0.9893617021276596,74
Torsion minimized,core,torsion_minimized_chembl_count,chembl_count,94,94,94,81.15957446808511,0.6438555574117769,1.2797301928184202,11.670212765957446,29.931878170155144,0.5938521142174439,1.0,0.1595744680851064,0.46808510638297873,0.6808510638297872,0.9893617021276596,64
Torsion minimized,core,torsion_minimized_fixed,fixed,94,94,94,999.968085106383,0.5352257014187696,1.2855466651587009,25.06382978723404,2.5064543266670922,0.6034088176000582,0.999968085106383,0.19148936170212766,0.5425531914893617,0.7978723404255319,0.9893617021276596,75
LoQI,core,loqi_raw_chembl_count,chembl_count,94,94,94,81.15957446808511,0.5362343449266861,1.2895204802975553,9.202127659574469,27.680235625610578,0.634962103100278,1.0,0.3723404255319149,0.6702127659574468,0.7446808510638298,0.9680851063829787,70
LoQI,core,loqi_raw_fixed,fixed,94,94,94,999.3404255319149,0.3392801451715199,1.3045040629423366,20.159574468085108,2.0171866800434284,0.6337785924440066,0.999340425531915,0.5531914893617021,0.8297872340425532,0.8617021276595744,1.0,81
Torsional Diffusion,core,torsional_diffusion_raw_chembl_count,chembl_count,94,94,94,69.31914893617021,0.5820703193460611,1.4473005190215467,17.51063829787234,41.89881698974458,0.6880297080754126,0.87306162686704,0.19148936170212766,0.5638297872340425,0.7340425531914894,0.9787234042553191,69
Torsional Diffusion,core,torsional_diffusion_raw_fixed,fixed,94,94,94,881.4255319148937,0.3706670592980769,1.4494729012540137,54.8936170212766,8.286908287147403,0.7291044283956951,0.8814255319148936,0.425531914893617,0.7872340425531915,0.8936170212765957,1.0,84
MCF drugs-L,core,mcf_drugs_l_raw_chembl_count,chembl_count,94,94,93,66.09574468085107,0.559308190727478,1.4396085008135528,14.150537634408602,36.00422222445288,0.6911458362806067,0.8728826712086064,0.2127659574468085,0.5425531914893617,0.7127659574468085,0.9787234042553191,67
MCF drugs-L,core,mcf_drugs_l_raw_fixed,fixed,94,94,93,866.8404255319149,0.36591912532100945,1.4616067391467065,34.01075268817204,4.826047138153173,0.7223796807273062,0.866840425531915,0.4574468085106383,0.7553191489361702,0.8617021276595744,0.9893617021276596,81
NExT-Mol DMT-L,core,nextmol_dmt_l_raw_chembl_count,chembl_count,94,94,92,66.35106382978724,0.5430954450070196,1.4564200050125662,14.152173913043478,35.59996730993839,0.6862976818868048,0.8668246047878034,0.3191489361702128,0.5319148936170213,0.7659574468085106,0.9680851063829787,72
NExT-Mol DMT-L,core,nextmol_dmt_l_raw_fixed,fixed,94,94,93,871.9468085106383,0.3856563688758471,1.4537777010068573,31.473118279569892,4.20113594571105,0.7138793742186547,0.8719468085106382,0.4574468085106383,0.7553191489361702,0.8617021276595744,0.9787234042553191,81
FlowR,core,flowr_raw_chembl_count,chembl_count,94,94,94,72.67021276595744,0.6371202812804084,1.4533602629331195,29.138297872340427,47.079810169504064,0.6872287833443799,0.9292727430701394,0.18085106382978725,0.4787234042553192,0.7021276595744681,1.0,66
FlowR,core,flowr_raw_fixed,fixed,94,94,94,920.0212765957447,0.41420030940786134,1.470081928345101,114.36170212765957,14.267519035175251,0.7050184424903994,0.9234411598331553,0.39361702127659576,0.723404255319149,0.8617021276595744,1.0,81
Qwen 1.7B FSQ,core,qwen_1p7b_fsq_bigdata_step47023_chembl_count,chembl_count,94,94,94,78.25531914893617,0.5056330030580359,1.2918400002937505,22.659574468085108,39.95454735977519,0.6924180811157149,0.971802506259464,0.24468085106382978,0.5638297872340425,0.8085106382978723,1.0,76
Qwen 1.7B FSQ,core,qwen_1p7b_fsq_bigdata_step47023_fixed,fixed,94,94,94,972.563829787234,0.3069240369775868,1.3179221377594756,72.7872340425532,7.786290494234204,0.7227796177404596,0.9727308957875548,0.5319148936170213,0.7872340425531915,0.9148936170212766,1.0,86
