method,display_label,mean_retained,clusters_0p5,clusters_1p0,n_defined
qwen_1p7b_fsq_bigdata_step47023_chembl_count,Qwen 1.7B FSQ,78.25531914893617,55.276595744680854,22.659574468085108,94
torsion_raw_chembl_count,Torsion raw,71.14893617021276,54.159574468085104,21.829787234042552,94
flowr_raw_chembl_count,FlowR,72.67021276595744,54.08510638297872,29.138297872340427,94
torsional_diffusion_raw_chembl_count,Torsional Diffusion,69.31914893617021,40.9468085106383,17.51063829787234,94
rdkit_random_raw_chembl_count,RDKit raw,81.15957446808511,34.265957446808514,14.702127659574469,94
nextmol_dmt_l_raw_chembl_count,NExT-Mol DMT-L,66.35106382978724,31.597826086956523,14.152173913043478,92
mcf_drugs_l_raw_chembl_count,MCF drugs-L,66.09574468085107,31.236559139784948,14.150537634408602,93
loqi_raw_chembl_count,LoQI,81.15957446808511,24.98936170212766,9.202127659574469,94
torsion_minimized_chembl_count,Torsion minimized,81.15957446808511,21.861702127659573,11.670212765957446,94
chembl3d_gt_pb,ChEMBL3D-PB,81.15957446808511,21.71276595744681,7.691489361702128,94
rdkit_random_minimized_chembl_count,RDKit minimized,81.15957446808511,21.71276595744681,10.98936170212766,94
