label,smiles,name,category,num_heavy_atoms,rotatable_bonds,mw,n_generated,n_pb_pass,pb_pass_rate,pb_check_fail_counts_json,div_conformer_count,div_mean_torsion_std_deg,div_cluster_entropy_1p0,div_duplicate_fraction_1p0,div_pairwise_mean,div_pairwise_p90,div_greedy_clusters_0p5,div_clusters_per_100_0p5,div_greedy_clusters_0p75,div_clusters_per_100_0p75,div_greedy_clusters_1p0,div_clusters_per_100_1p0,div_greedy_clusters_1p25,div_clusters_per_100_1p25,div_greedy_clusters_2p0,div_clusters_per_100_2p0,div_greedy_clusters_3p0,div_clusters_per_100_3p0,energy_energy_count,energy_energy_min,energy_energy_max,energy_energy_median,energy_energy_std,cmat_r_x,cmat_p_x,cmat_r_y,cmat_p_y,min_rmsd,max_rmsd,avg_rmsd,cov_r_075,cov_p_075,mat_r,mat_p,num_true_confs,num_gen_confs,num_valid_rmsd_pairs,cmat_r,cmat_p
loqi_druglike,O=CN(O)CCCP(=O)(O)O,Fosmidomycin,antibiotic candidate,11,5,183.1,1000,1000,1.0,{},200.0,115.39830644375988,0.8627546870632183,0.3509803921568627,1.0088547986009555,1.3392536183146324,47.0,23.5,17.0,8.5,9.0,4.5,4.0,2.0,1.0,0.5,1.0,0.5,1000.0,-11.920511544884375,17.1150028764362,-6.507866827908064,3.6540234337073065,0.3387737997940608,0.8235935795903205,0.3387737997940608,0.8235935795903205,0.1514140963554382,1.987452864646912,1.138477444648743,0.9642857142857144,0.409,0.3387738168239593,0.8235936164855957,28,1000,27998,0.3387737997940608,0.8235935795903205
loqi_druglike,CN1CCC[C@H]1c1cccnc1,Nicotine,bioactive drug-like alkaloid,12,1,162.236,1000,1000,1.0,{},200.0,83.3882624994892,0.8267463724926178,0.6218487394957983,0.5948469654154638,1.369459993324471,3.0,1.5,3.0,1.5,2.0,1.0,2.0,1.0,1.0,0.5,1.0,0.5,1000.0,10.267412947902686,16.486851948675056,11.43668208977908,0.4255684886519577,0.224632139954912,0.1332641107589006,0.224632139954912,0.1332641107589006,0.0386705622076988,1.5795713663101196,0.7727996706962585,1.0,0.998,0.2246321588754654,0.1332641094923019,76,1000,75998,0.224632139954912,0.1332641107589006
loqi_druglike,CC(=O)Nc1nnc(S(N)(=O)=O)s1,Acetazolamide,approved drug,13,2,222.251,1000,998,0.998,"{""internal_steric_clash"": 2}",200.0,132.37718474822918,0.2811828957817384,0.8679271708683474,0.5894852979646285,1.04163284578537,6.0,3.0,5.0,2.5,3.0,1.5,2.0,1.0,1.0,0.5,1.0,0.5,998.0,39.32431221774431,49.14465668823576,45.1905806860444,1.4910061658064686,0.1773534570618168,0.1295361273661255,0.1773534570618168,0.1295361273661255,0.0323195047676563,1.4769346714019775,0.6818994879722595,0.9782608695652174,0.995,0.1773534715175628,0.1295361369848251,92,1000,91999,0.1773534570618168,0.1295361273661255
loqi_druglike,Oc1cc(Cl)ccc1Oc1ccc(Cl)cc1Cl,Triclosan,antimicrobial,17,2,289.545,1000,1000,1.0,{},200.0,58.48930598774992,0.9999278640456616,0.442156862745098,1.0524062442000823,1.6658204884876506,4.0,2.0,4.0,2.0,2.0,1.0,2.0,1.0,1.0,0.5,1.0,0.5,1000.0,44.29749436117536,47.402068870261765,45.03056344939699,0.2650184019792124,0.1028079440854243,0.3070598034225404,0.1028079440854243,0.3070598034225404,0.0329313986003398,53.85193634033203,1.101119875907898,1.0,0.953,0.1028079390525817,0.3070598244667053,151,1000,150998,0.1028079440854243,0.3070598034225404
loqi_druglike,CC(C)Cn1c(=O)n(C)c(=O)c2nc[nH]c21,IBMX,experimental phosphodiesterase inhibitor,16,2,222.248,1000,1000,1.0,{},200.0,111.3516460735264,0.99819587904281,0.545798319327731,0.6509368056814753,1.0744585235051909,4.0,2.0,2.0,1.0,2.0,1.0,1.0,0.5,1.0,0.5,1.0,0.5,1000.0,-18.21678067030792,-15.00557524109708,-17.579808062323572,0.4293797927392213,0.2156609901994989,0.1431353801116347,0.2156609901994989,0.1431353801116347,0.0485159121453762,89.29874420166016,0.7259650230407715,1.0,1.0,0.2156610041856765,0.1431353688240051,57,1000,57000,0.2156609901994989,0.1431353801116347
loqi_druglike,O=C1CC[C@H](N2C(=O)c3ccccc3C2=O)C(=O)N1,S-thalidomide,approved drug stereoisomer,19,1,258.23299999999995,1000,1000,1.0,{},200.0,91.14692979065426,0.0,1.0,0.1065609296151632,0.1498041373509751,2.0,1.0,2.0,1.0,1.0,0.5,1.0,0.5,1.0,0.5,1.0,0.5,1000.0,-27.137781021874503,-19.792589910889163,-25.892038657704468,0.7497883016242727,0.1146416240052817,0.1017287052199244,0.1146416240052817,0.1017287052199244,0.0512469783425331,0.944373905658722,0.1883167624473571,1.0,1.0,0.1146416366100311,0.1017287075519561,73,1000,72997,0.1146416240052817,0.1017287052199244
loqi_druglike,OC(Cn1cncn1)(Cn1cncn1)c1ccc(F)cc1F,Fluconazole,approved drug,22,5,306.276,1000,1000,1.0,{},200.0,85.35694071347827,0.62043424983632,0.5364145658263305,1.0020957295450126,1.7613708527220833,28.0,14.0,26.0,13.0,16.0,8.0,8.0,4.0,2.0,1.0,1.0,0.5,1000.0,-8.359726825941763,10.10063032339202,1.7616037826916289,2.6181659712502565,0.3991580330766737,1.319437154725194,0.3991580330766737,1.319437154725194,0.098109558224678,37.07807159423828,1.6899837255477903,0.96875,0.033,0.3991580307483673,1.3194371461868286,32,1000,31999,0.3991580330766737,1.319437154725194
loqi_druglike,O=C(O)Cc1ccccc1Nc1c(Cl)cccc1Cl,Diclofenac,approved drug,19,4,296.153,1000,1000,1.0,{},200.0,73.5008101718003,0.6563256650522034,0.7445378151260504,0.7005506104606323,1.1034974401021789,8.0,4.0,3.0,1.5,3.0,1.5,1.0,0.5,1.0,0.5,1.0,0.5,1000.0,52.36261333637739,64.07605066461332,54.7537740797013,0.9737254333815696,0.3159460325132717,0.27949212949723,0.3159460325132717,0.27949212949723,0.0648245364427566,2.033003807067871,0.8613708019256592,0.8909090909090909,0.992,0.3159460127353668,0.2794921398162842,55,1000,54999,0.3159460325132717,0.27949212949723
loqi_druglike,O=C(N[C@H](CO)[C@H](O)c1ccc([N+](=O)[O-])cc1)C(Cl)Cl,Chloramphenicol,approved drug,20,6,323.13199999999995,1000,1000,1.0,{},200.0,75.8352770874179,0.5235703027711771,0.6434173669467788,1.106398419393319,2.455479535587948,28.0,14.0,11.0,5.5,6.0,3.0,4.0,2.0,3.0,1.5,1.0,0.5,1000.0,63.564614075350605,80.23930772159217,69.82258805006647,2.2210181300886966,0.3199623350030298,0.4566201475486159,0.3199623350030298,0.4566201475486159,0.1132383272051811,12.70223903656006,1.0638664960861206,0.961783439490446,0.904,0.3199623227119446,0.4566201269626617,157,1000,156998,0.3199623350030298,0.4566201475486159
loqi_druglike,COc1cc(Cc2cnc(N)nc2N)cc(OC)c1OC,Trimethoprim,approved drug,21,5,290.32300000000004,1000,1000,1.0,{},200.0,60.582663475124,0.7962395233749063,0.3766106442577031,1.0997889303342971,1.648264737978024,16.0,8.0,8.0,4.0,6.0,3.0,3.0,1.5,1.0,0.5,1.0,0.5,1000.0,7.026405878805591,12.11724968272329,9.757405506155497,0.850820857011096,0.2985514105608066,0.5713777234479785,0.2985514105608066,0.5713777234479785,0.1239291951060295,25.0382022857666,1.3181787729263306,1.0,0.884,0.2985514104366302,0.571377694606781,60,1000,60000,0.2985514105608066,0.5713777234479785
loqi_druglike,CC(/C=C/C(=O)NO)=C\[C@@H](C)C(=O)c1ccc(N(C)C)cc1,Trichostatin A,experimental HDAC inhibitor,22,6,302.374,1000,987,0.987,"{""tetrahedral_chirality"": 13}",200.0,80.8838095008997,0.5418394387631452,0.5261904761904762,1.1023862256530486,2.1551793832776407,21.0,10.5,13.0,6.5,8.0,4.0,6.0,3.0,2.0,1.0,1.0,0.5,987.0,57.69008594544606,71.75713126665553,59.62431976182733,1.5666119990399483,0.345904136129788,0.8093799777328968,0.345904136129788,0.8093799777328968,0.1273426562547683,3.791628122329712,1.3737033605575562,1.0,0.497,0.3459041118621826,0.8093799948692322,35,1000,35000,0.345904136129788,0.8093799777328968
loqi_druglike,COc1ccc2c(c1)c(CC(=O)O)c(C)n2C(=O)c1ccc(Cl)cc1,Indomethacin,approved drug,25,4,357.793,1000,1000,1.0,{},200.0,105.80404964821886,0.9428201321736058,0.3424369747899159,1.221604722288489,2.1381724496501784,9.0,4.5,8.0,4.0,6.0,3.0,4.0,2.0,2.0,1.0,1.0,0.5,1000.0,99.50252181809016,107.99646562345268,103.00825906448252,1.4762846640260638,0.4726926215268947,0.4169622481912374,0.4726926215268947,0.4169622481912374,0.1520683020353317,18.02725601196289,1.378653883934021,0.9444444444444444,1.0,0.4726926386356354,0.416962206363678,54,1000,53999,0.4726926215268947,0.4169622481912374
loqi_druglike,CC/C(=C(\c1ccc(O)cc1)c1ccc(OCCN(C)C)cc1)c1ccccc1,4-Hydroxytamoxifen,active drug metabolite,29,8,387.523,1000,998,0.998,"{""double_bond_stereochemistry"": 1, ""planar_double_bonds"": 1}",200.0,116.25403409999464,0.7219931550676589,0.4151260504201681,1.0386816989194452,1.4103412151488253,43.0,21.5,15.0,7.5,7.0,3.5,4.0,2.0,1.0,0.5,1.0,0.5,998.0,101.28098246921402,114.24946554608366,104.0330275957462,2.0631783898584146,0.4064145216971268,0.7422149976640939,0.4064145216971268,0.7422149976640939,0.1882129609584808,2.5777382850646973,1.033421277999878,1.0,0.459,0.4064144492149353,0.7422149777412415,81,1000,80979,0.4064145216971268,0.7422149976640939
loqi_druglike,CC(C)C[C@H](NC(=O)[C@H](Cc1ccccc1)NC(=O)c1cnccn1)B(O)O,Bortezomib,approved drug; reversible covalent,28,9,384.24500000000006,1000,958,0.958,"{""tetrahedral_chirality"": 42}",200.0,79.69882535744335,0.8723921475539581,0.0980392156862745,2.000664062985426,2.804575713313812,96.0,48.0,53.0,26.5,28.0,14.0,19.0,9.5,6.0,3.0,2.0,1.0,0.0,,,,,0.6436749269407263,1.2490208022594451,0.6436749269407263,1.2490208022594451,0.235086977481842,5.141032695770264,1.8992620706558228,0.6825396825396826,0.264,0.6436749696731567,1.2490206956863403,189,1000,188985,0.6436749269407263,1.2490208022594451
loqi_druglike,Cc1cc(CCCOc2c(C)cc(-c3noc(C(F)(F)F)n3)cc2C)on1,Pleconaril,antiviral drug candidate,27,6,381.354,1000,1000,1.0,{},200.0,108.442758093634,0.8206146185147808,0.2836134453781512,1.2268596632616793,1.6204708207059515,50.0,25.0,26.0,13.0,12.0,6.0,6.0,3.0,2.0,1.0,1.0,0.5,1000.0,72.0003635095704,78.81261696667174,73.83089197210467,1.0723292089273886,0.4934665119514785,1.6315568301975727,0.4934665119514785,1.6315568301975727,0.4001692533493042,108.42547607421876,2.098433017730713,1.0,0.036,0.4934664964675903,1.6316062211990356,716,1000,715878,0.4934665119514785,1.6315568301975727
loqi_druglike,CCOC(=O)Nc1cc(-c2ccc(C)c(NS(C)(=O)=O)c2)nn2c(C)nnc12,Bromosporine,experimental kinase inhibitor,28,5,404.45200000000017,1000,1000,1.0,{},200.0,90.49853199416876,0.7909979304012775,0.4042016806722689,1.341311204473756,2.605301526126672,31.0,15.5,18.0,9.0,10.0,5.0,5.0,2.5,2.0,1.0,1.0,0.5,1000.0,19.889942300196985,33.125897044311884,23.92576205098564,1.318655314381862,0.4122540646273157,0.8095599233359099,0.4122540646273157,0.8095599233359099,0.1301621496677398,3.013568878173828,2.151267766952514,0.9565217391304348,0.389,0.4122540950775146,0.8095599412918091,23,1000,23000,0.4122540646273157,0.8095599233359099
loqi_druglike,COc1cc2c(c(OC)c1OC)-c1ccc(OC)c(=O)cc1[C@@H](NC(C)=O)CC2,Colchicine,approved drug/natural product,29,5,399.4430000000002,1000,993,0.993,"{""tetrahedral_chirality"": 7}",200.0,86.20738835396895,0.6003204575641816,0.3936974789915966,1.6791126664156846,2.7134844716543105,45.0,22.5,17.0,8.5,7.0,3.5,5.0,2.5,3.0,1.5,1.0,0.5,993.0,129.24720743849474,187.09570347987267,135.7038866379031,9.1709105720765,0.2001191516717275,1.2842882676124572,0.2001191516717275,1.2842882676124572,0.1102976500988006,2.905993938446045,1.42376971244812,1.0,0.519,0.2001191675662994,1.2842881679534912,30,1000,30000,0.2001191516717275,1.2842882676124572
loqi_druglike,NS(=O)(=O)c1cc2c(cc1Cl)N[C@H]([C@H]1C[C@H]3C=C[C@@H]1C3)NS2(=O)=O,Cyclothiazide,experimental drug-like modulator,24,2,389.8860000000001,1000,911,0.911,"{""tetrahedral_chirality"": 89, ""bond_angles"": 1}",200.0,107.89625248026026,0.8283436355710999,0.2366946778711484,1.2230703815410042,1.5972859174194658,50.0,25.0,27.0,13.5,12.0,6.0,6.0,3.0,1.0,0.5,1.0,0.5,911.0,-47.23658697570079,-20.7288513845835,-40.19663028891658,5.264970913144008,0.2334862253437303,0.7561883691027761,0.2334862253437303,0.7561883691027761,0.0732293501496315,19.99010467529297,1.2657828330993652,1.0,0.479,0.2334862351417541,0.7561883330345154,146,1000,145999,0.2334862253437303,0.7561883691027761
loqi_druglike,CCCCC[C@H](CC(=O)NO)C(=O)N[C@H](C(=O)N1CCC[C@H]1CO)C(C)C,Actinonin,antibiotic/enzyme inhibitor,27,11,385.5050000000002,1000,983,0.983,"{""tetrahedral_chirality"": 17}",200.0,114.32465808417716,0.8548499058066203,0.0827731092436974,2.06650297501993,3.140829004976872,153.0,76.5,107.0,53.5,58.0,29.0,32.0,16.0,9.0,4.5,2.0,1.0,983.0,18.80277501840826,48.100651453768265,27.45230816200879,3.911694547908151,0.7862278253141076,1.5103311320245263,0.7862278253141076,1.5103311320245263,0.3878213465213775,4.206539630889893,2.201544761657715,0.6767676767676768,0.055,0.786227822303772,1.5103310346603394,99,1000,98999,0.7862278253141076,1.5103311320245263
loqi_druglike,Cc1ccc(NC(=O)c2ccc(CN3CCN(C)CC3)cc2)cc1Nc1nccc(-c2cccnc2)n1,Imatinib,approved drug,37,7,493.6150000000002,1000,1000,1.0,{},200.0,87.85784209251348,0.922428051573388,0.0815126050420168,1.6914306056647348,2.318378147769501,111.0,55.5,63.0,31.5,33.0,16.5,15.0,7.5,3.0,1.5,1.0,0.5,1000.0,91.90928163828887,104.4861179279998,95.5404103042781,2.250589581730642,2.302087187767029,2.031607142984867,2.302087187767029,2.031607142984867,0.4553415179252624,16.803226470947266,3.361973762512207,0.0526315789473684,0.008,2.303926706314087,2.032461881637573,57,1000,57000,2.302087187767029,2.031607142984867
loqi_druglike,CN[C@@H]1C[C@H]2O[C@@](C)([C@@H]1OC)n1c3ccccc3c3c4c(c5c6ccccc6n2c5c31)C(=O)NC4,Staurosporine,experimental kinase inhibitor,35,2,466.5410000000003,1000,94,0.094,"{""tetrahedral_chirality"": 906}",200.0,41.57178917890021,0.619564834680891,0.4668067226890756,1.0009590973033182,1.8518265155359648,17.0,8.5,8.0,4.0,5.0,2.5,3.0,1.5,2.0,1.0,1.0,0.5,94.0,113.77044365477288,132.6690687140968,119.47269679459612,4.262334232315983,0.1470006341482959,0.412655079305172,0.1470006341482959,0.412655079305172,0.0653246194124221,72.74266815185547,0.7473143339157104,1.0,0.869,0.1470006257295608,0.4126550853252411,177,1000,176998,0.1470006341482959,0.412655079305172
loqi_druglike,C[C@@H]1C[C@H]2[C@@H]3CCC4=CC(=O)C=C[C@]4(C)[C@@]3(F)[C@@H](O)C[C@]2(C)[C@@]1(O)C(=O)CO,Dexamethasone,approved drug,28,2,392.4670000000002,1000,61,0.061,"{""tetrahedral_chirality"": 939}",200.0,123.4208577888836,0.3895167729725564,0.646498599439776,0.8052429976618268,1.6327230586992143,29.0,14.5,19.0,9.5,12.0,6.0,8.0,4.0,1.0,0.5,1.0,0.5,61.0,127.7366616076262,153.80927804508656,129.09028911571573,4.1877350237870985,0.1848856220021844,0.4027704588472843,0.1848856220021844,0.4027704588472843,0.0635629892349243,2.5155880451202397,0.6305849552154541,0.96875,0.826,0.1848856210708618,0.402770459651947,32,1000,32000,0.1848856220021844,0.4027704588472843
loqi_druglike,CC(C)CN(C[C@@H](O)[C@H](Cc1ccccc1)NC(=O)O[C@H]1CCOC1)S(=O)(=O)c1ccc(N)cc1,Amprenavir,approved drug,35,11,505.63700000000034,1000,923,0.923,"{""tetrahedral_chirality"": 77}",200.0,93.87942419210766,0.9327921015219602,0.015126050420168,2.704032748246616,3.7228413582288575,180.0,90.0,143.0,71.5,103.0,51.5,73.0,36.5,18.0,9.0,3.0,1.5,923.0,-47.44786070828794,-16.942348742960675,-37.90973767767463,4.456179663332579,0.5374485909938812,2.401016235202551,0.5374485909938812,2.401016235202551,0.3369172811508178,4.625442981719971,2.943514347076416,0.9333333333333332,0.004,0.5374486446380615,2.434713840484619,30,1000,29998,0.5374485909938812,2.401016235202551
torsional_diffusion_druglike,CN1CCC[C@H]1c1cccnc1,Nicotine,bioactive drug-like alkaloid,12,1,162.236,1000,1000,1.0,{},200.0,95.25116772194494,0.99819587904281,0.5147058823529411,0.943923690279856,1.4122281696868728,15.0,7.5,8.0,4.0,2.0,1.0,2.0,1.0,1.0,0.5,1.0,0.5,1000.0,10.22008769871995,36.30257250806932,17.513329544612528,4.420461711704847,0.128034023862136,0.2897640257701278,0.128034023862136,0.2897640257701278,0.067830666899681,1.7398055791854858,0.9158188104629515,1.0,0.995,0.1280340254306793,0.2897640466690063,76,1000,75999,0.128034023862136,0.2897640257701278
torsional_diffusion_druglike,O=CN(O)CCCP(=O)(O)O,Fosmidomycin,antibiotic candidate,11,5,183.1,1000,857,0.857,"{""internal_steric_clash"": 143, ""energy_ratio"": 29}",200.0,105.21948890661264,0.8861068767395543,0.1897759103641456,1.2812673508762131,1.669166645686856,103.0,51.5,42.0,21.0,12.0,6.0,5.0,2.5,1.0,0.5,1.0,0.5,857.0,-1.5006676421983798,72.33289600858738,13.486870326128631,8.838582452719804,0.3680358231067657,1.0810383712798357,0.3680358231067657,1.0810383712798357,0.1745257526636123,19.083436965942383,1.391838312149048,1.0,0.087,0.3680358231067657,1.0810383558273315,28,1000,27998,0.3680358231067657,1.0810383712798357
torsional_diffusion_druglike,CC(=O)Nc1nnc(S(N)(=O)=O)s1,Acetazolamide,approved drug,13,2,222.251,1000,491,0.491,"{""internal_steric_clash"": 509}",200.0,98.45436230358943,0.8618444394723692,0.3133053221288515,1.0660869021987158,1.4341753669651005,20.0,10.0,15.0,7.5,10.0,5.0,3.0,1.5,1.0,0.5,1.0,0.5,491.0,75.61622190783643,167.63035352973986,113.50017526615248,19.67535081036459,0.2077104218466126,0.6731142860203981,0.2077104218466126,0.6731142860203981,0.0735557824373245,1.6494749784469604,1.1164778470993042,1.0,0.487,0.2077104300260543,0.6731142401695251,92,1000,92000,0.2077104218466126,0.6731142860203981
torsional_diffusion_druglike,CC(C)Cn1c(=O)n(C)c(=O)c2nc[nH]c21,IBMX,experimental phosphodiesterase inhibitor,16,2,222.248,1000,997,0.997,"{""internal_steric_clash"": 3, ""energy_ratio"": 1}",200.0,104.6029155891432,0.9993506898146104,0.692156862745098,0.7165969567899748,1.0856542280793595,8.0,4.0,2.0,1.0,2.0,1.0,1.0,0.5,1.0,0.5,1.0,0.5,997.0,-11.184448411427423,29.29956303931743,-5.672843734325767,3.2039548487791083,0.1228063279730186,0.1786619692668318,0.1228063279730186,0.1786619692668318,0.0503583438694477,1.2344030141830444,0.7227523326873779,1.0,1.0,0.1228063330054283,0.178661972284317,57,1000,57000,0.1228063279730186,0.1786619692668318
torsional_diffusion_druglike,Oc1cc(Cl)ccc1Oc1ccc(Cl)cc1Cl,Triclosan,antimicrobial,17,2,289.545,1000,998,0.998,"{""internal_steric_clash"": 2}",200.0,92.31294420092009,0.9536931566143042,0.2558823529411764,1.2686364358102846,1.76545041051476,17.0,8.5,9.0,4.5,7.0,3.5,5.0,2.5,1.0,0.5,1.0,0.5,998.0,46.57097710752745,122.8456993974654,57.90004828700878,20.38857615943529,0.1598703355238532,0.6805272822640837,0.1598703355238532,0.6805272822640837,0.0545259453356266,261.81085205078125,1.3233150243759155,1.0,0.594,0.1598703265190124,0.6805272102355957,151,1000,150995,0.1598703355238532,0.6805272822640837
torsional_diffusion_druglike,O=C1CC[C@H](N2C(=O)c3ccccc3C2=O)C(=O)N1,S-thalidomide,approved drug stereoisomer,19,1,258.23299999999995,1000,973,0.973,"{""internal_steric_clash"": 27}",200.0,94.7529389561832,0.1943918578315762,0.9067226890756304,0.5490136948532074,0.9870029545973504,5.0,2.5,4.0,2.0,2.0,1.0,1.0,0.5,1.0,0.5,1.0,0.5,973.0,-17.610549469651957,44.63892474838048,-5.7589881574050565,7.935034748457007,0.1344305227880608,0.338994602650404,0.1344305227880608,0.338994602650404,0.0884650275111198,1.2857974767684937,0.4334397614002228,1.0,0.979,0.1344305127859115,0.3389945924282074,73,1000,72999,0.1344305227880608,0.338994602650404
torsional_diffusion_druglike,O=C(N[C@H](CO)[C@H](O)c1ccc([N+](=O)[O-])cc1)C(Cl)Cl,Chloramphenicol,approved drug,20,6,323.13199999999995,1000,948,0.948,"{""internal_steric_clash"": 52, ""energy_ratio"": 5}",200.0,91.6176191611942,0.784307432215911,0.1990196078431372,1.5755535160559715,2.4175891759643986,90.0,45.0,37.0,18.5,17.0,8.5,8.0,4.0,2.0,1.0,1.0,0.5,948.0,78.14849492661209,207.66513167595932,93.21310231148756,13.399802620416205,0.4384091234510871,0.7612281303703785,0.4384091234510871,0.7612281303703785,0.2550334930419922,2.9741251468658447,1.4087423086166382,0.9808917197452228,0.498,0.4384091198444366,0.7612281441688538,157,1000,156998,0.4384091234510871,0.7612281303703785
torsional_diffusion_druglike,O=C(O)Cc1ccccc1Nc1c(Cl)cccc1Cl,Diclofenac,approved drug,19,4,296.153,1000,952,0.952,"{""internal_steric_clash"": 48, ""energy_ratio"": 14}",200.0,97.54075045341663,0.9811528130692616,0.2418767507002801,1.2484940100527284,1.7331071587957418,38.0,19.0,13.0,6.5,8.0,4.0,4.0,2.0,1.0,0.5,1.0,0.5,952.0,56.71013524261858,221.5259480826836,81.6893077803822,22.436610220709785,0.2958085784857923,0.6955594830587506,0.2958085784857923,0.6955594830587506,0.120082214474678,5.3238525390625,1.2386343479156494,1.0,0.524,0.2958085834980011,0.6955595016479492,55,1000,54999,0.2958085784857923,0.6955594830587506
torsional_diffusion_druglike,COc1cc(Cc2cnc(N)nc2N)cc(OC)c1OC,Trimethoprim,approved drug,21,5,290.32300000000004,1000,999,0.999,"{""internal_steric_clash"": 1}",200.0,101.39885956915718,0.932245107707934,0.2887955182072829,1.2515380284765725,1.645062879283651,48.0,24.0,18.0,9.0,7.0,3.5,4.0,2.0,1.0,0.5,1.0,0.5,999.0,8.32791778730462,159.33666691674892,21.83731946693013,16.75316464172038,0.3209340773522854,0.6198066673874855,0.3209340773522854,0.6198066673874855,0.1389231532812118,1.8919228315353396,1.292147159576416,1.0,0.817,0.3209341168403625,0.6198066473007202,60,1000,59999,0.3209340773522854,0.6198066673874855
torsional_diffusion_druglike,COc1ccc2c(c1)c(CC(=O)O)c(C)n2C(=O)c1ccc(Cl)cc1,Indomethacin,approved drug,25,4,357.793,1000,1000,1.0,{},200.0,98.13016350582116,0.8893448823305624,0.192296918767507,1.4966883740446686,2.2075128636350096,38.0,19.0,16.0,8.0,10.0,5.0,5.0,2.5,2.0,1.0,1.0,0.5,1000.0,114.35999265429524,157.6735639788024,125.2561379180529,5.076481906644826,0.3694897031894437,0.5135945869237184,0.3694897031894437,0.5135945869237184,0.1283245831727981,2.5873377323150635,1.5267144441604614,0.9814814814814816,0.968,0.3694896996021271,0.5135946273803711,54,1000,53999,0.3694897031894437,0.5135945869237184
torsional_diffusion_druglike,OC(Cn1cncn1)(Cn1cncn1)c1ccc(F)cc1F,Fluconazole,approved drug,22,5,306.276,1000,978,0.978,"{""internal_steric_clash"": 22, ""energy_ratio"": 3}",200.0,109.15294202256744,0.9156377489378176,0.0485994397759103,1.6968170586866027,2.1788950283841646,126.0,63.0,84.0,42.0,37.0,18.5,18.0,9.0,3.0,1.5,1.0,0.5,978.0,2.396239533085799,104.17906045261743,26.696336690395626,12.942691982642083,0.356938699260354,1.2465003015249967,0.356938699260354,1.2465003015249967,0.1630764156579971,2.456920623779297,1.628689885139465,1.0,0.07,0.3569386601448059,1.2465002536773682,32,1000,31998,0.356938699260354,1.2465003015249967
torsional_diffusion_druglike,CC(/C=C/C(=O)NO)=C\[C@@H](C)C(=O)c1ccc(N(C)C)cc1,Trichostatin A,experimental HDAC inhibitor,22,6,302.374,1000,788,0.788,"{""double_bond_stereochemistry"": 201, ""internal_steric_clash"": 81, ""energy_ratio"": 4}",200.0,114.93338165179128,0.8755713322481125,0.0778711484593837,1.8137930144890708,2.7043761407708087,129.0,64.5,72.0,36.0,38.0,19.0,20.0,10.0,5.0,2.5,2.0,1.0,788.0,64.47253218228619,130.3898394460055,81.51865008716598,8.112084529554513,0.4073442599603108,1.6256866959482432,0.4073442599603108,1.6256866959482432,0.1922817230224609,4.772619724273682,2.064457416534424,0.9714285714285714,0.1,0.4073442816734314,1.627843141555786,35,1000,34998,0.4073442599603108,1.6256866959482432
torsional_diffusion_druglike,Cc1cc(CCCOc2c(C)cc(-c3noc(C(F)(F)F)n3)cc2C)on1,Pleconaril,antiviral drug candidate,27,6,381.354,1000,934,0.934,"{""internal_steric_clash"": 66, ""energy_ratio"": 8}",200.0,99.75819184128204,0.8809309259784921,0.1060224089635854,1.629096726167451,2.390104132374106,138.0,69.0,70.0,35.0,33.0,16.5,13.0,6.5,3.0,1.5,1.0,0.5,934.0,92.30539758660734,222.30142313562587,116.63671294369662,18.089299257793684,0.7933026161773244,2.697167871296406,0.7933026161773244,2.697167871296406,0.5537750720977783,71.78755187988281,3.221435070037842,0.4273743016759777,0.002,0.7933026552200317,2.913076639175415,716,1000,715896,0.7933026161773244,2.697167871296406
torsional_diffusion_druglike,CCOC(=O)Nc1cc(-c2ccc(C)c(NS(C)(=O)=O)c2)nn2c(C)nnc12,Bromosporine,experimental kinase inhibitor,28,5,404.45200000000017,1000,770,0.77,"{""internal_steric_clash"": 230}",200.0,96.17924032311542,0.850248382898945,0.146078431372549,2.008193075231167,2.9832935589303853,110.0,55.0,59.0,29.5,26.0,13.0,13.0,6.5,3.0,1.5,2.0,1.0,770.0,47.51319327644915,147.5726471351795,68.30117283289454,9.408051772027235,0.4406628699406333,1.0085452283620835,0.4406628699406333,1.0085452283620835,0.2822579741477966,3.4357452392578125,2.040529251098633,1.0,0.191,0.4406628906726837,1.008545160293579,23,1000,23000,0.4406628699406333,1.0085452283620835
torsional_diffusion_druglike,CC/C(=C(\c1ccc(O)cc1)c1ccc(OCCN(C)C)cc1)c1ccccc1,4-Hydroxytamoxifen,active drug metabolite,29,8,387.523,1000,530,0.53,"{""internal_steric_clash"": 304, ""double_bond_stereochemistry"": 442, ""planar_double_bonds"": 39, ""energy_ratio"": 1}",200.0,103.08496283525564,0.9412701597461628,0.0634453781512605,2.0145698259653253,2.7812314748332896,173.0,86.5,84.0,42.0,28.0,14.0,13.0,6.5,4.0,2.0,2.0,1.0,530.0,111.06410842914376,226.45632855411935,131.518820770958,14.422453739285052,0.4581801641134568,1.5823423393964768,0.4581801641134568,1.5823423393964768,0.2975402474403381,3.09008264541626,1.84161388874054,1.0,0.076,0.4581801891326904,1.582342267036438,81,1000,80990,0.4581801641134568,1.5823423393964768
torsional_diffusion_druglike,CC(C)C[C@H](NC(=O)[C@H](Cc1ccccc1)NC(=O)c1cnccn1)B(O)O,Bortezomib,approved drug; reversible covalent,28,9,384.24500000000006,1000,809,0.809,"{""internal_steric_clash"": 189, ""energy_ratio"": 43}",200.0,95.01756824361738,0.946558469804085,0.015126050420168,2.2717320570938027,2.928233164765024,192.0,96.0,157.0,78.5,101.0,50.5,56.0,28.0,9.0,4.5,2.0,1.0,0.0,,,,,0.7669503329292177,1.8479629080891609,0.7669503329292177,1.8479629080891609,0.4362934827804565,21.47618293762207,2.3604085445404053,0.5026455026455027,0.025,0.766950249671936,1.848048448562622,189,1000,188995,0.7669503329292177,1.8479629080891609
torsional_diffusion_druglike,NS(=O)(=O)c1cc2c(cc1Cl)N[C@H]([C@H]1C[C@H]3C=C[C@@H]1C3)NS2(=O)=O,Cyclothiazide,experimental drug-like modulator,24,2,389.8860000000001,1000,969,0.969,"{""internal_steric_clash"": 31, ""energy_ratio"": 14}",200.0,95.46675121853336,0.9078033380260933,0.2054621848739495,1.30807885481042,1.7297852272166268,67.0,33.5,29.0,14.5,12.0,6.0,5.0,2.5,1.0,0.5,1.0,0.5,969.0,-32.68391040479793,76.7363269082025,-8.215073733218041,12.385062989912452,0.2284700931751564,0.7313019787371159,0.2284700931751564,0.7313019787371159,0.1564587205648422,17.857131958007812,1.284338116645813,1.0,0.525,0.2284700870513916,0.73130202293396,146,1000,145999,0.2284700931751564,0.7313019787371159
torsional_diffusion_druglike,COc1cc2c(c(OC)c1OC)-c1ccc(OC)c(=O)cc1[C@@H](NC(C)=O)CC2,Colchicine,approved drug/natural product,29,5,399.4430000000002,1000,514,0.514,"{""internal_steric_clash"": 485, ""energy_ratio"": 114}",200.0,95.90504229677768,0.8785461586546938,0.2635854341736695,1.2139013409296755,1.6756583641763196,132.0,66.0,41.0,20.5,11.0,5.5,3.0,1.5,1.0,0.5,1.0,0.5,514.0,213.7135662800364,345.95383846760967,247.04898800377657,19.64877060157752,0.9410892367362976,1.7988878557682038,0.9410892367362976,1.7988878557682038,0.8536443114280701,2.550501585006714,1.901551961898804,0.0,0.0,0.9410892724990844,1.7988879680633545,30,1000,30000,0.9410892367362976,1.7988878557682038
torsional_diffusion_druglike,C[C@@H]1C[C@H]2[C@@H]3CCC4=CC(=O)C=C[C@]4(C)[C@@]3(F)[C@@H](O)C[C@]2(C)[C@@]1(O)C(=O)CO,Dexamethasone,approved drug,28,2,392.4670000000002,1000,998,0.998,"{""internal_steric_clash"": 2}",200.0,90.6490261801677,0.8372160323048276,0.7068627450980393,0.8456436808158144,1.153337174009316,30.0,15.0,9.0,4.5,5.0,2.5,2.0,1.0,1.0,0.5,1.0,0.5,998.0,131.44354559670708,195.53483362945963,152.001832560829,8.672822539276234,0.2689719987101853,0.5731859480440616,0.2689719987101853,0.5731859480440616,0.1627961993217468,26.504770278930664,0.7770079970359802,1.0,0.857,0.2689719796180725,0.5731859803199768,32,1000,31999,0.2689719987101853,0.5731859480440616
torsional_diffusion_druglike,CCCCC[C@H](CC(=O)NO)C(=O)N[C@H](C(=O)N1CCC[C@H]1CO)C(C)C,Actinonin,antibiotic/enzyme inhibitor,27,11,385.5050000000002,1000,682,0.682,"{""internal_steric_clash"": 318, ""energy_ratio"": 56}",200.0,118.70287162024776,0.9917914470818258,0.0016806722689075,2.558191169514301,3.291101534857852,200.0,100.0,200.0,100.0,177.0,88.5,121.0,60.5,21.0,10.5,3.0,1.5,682.0,47.20894179297048,173.17205430802346,81.95751305705608,21.25367928344256,0.8973427457038803,1.961124769806862,0.8973427457038803,1.961124769806862,0.6067049503326416,4.162454605102539,2.69683837890625,0.2222222222222222,0.005,0.8973427414894104,1.961452603340149,99,1000,98997,0.8973427457038803,1.961124769806862
torsional_diffusion_druglike,CN[C@@H]1C[C@H]2O[C@@](C)([C@@H]1OC)n1c3ccccc3c3c4c(c5c6ccccc6n2c5c31)C(=O)NC4,Staurosporine,experimental kinase inhibitor,35,2,466.5410000000003,1000,946,0.946,"{""internal_steric_clash"": 54, ""energy_ratio"": 7}",200.0,89.22686226702461,0.6908938714350408,0.87703081232493,0.5979284503747085,1.0292643844468714,7.0,3.5,2.0,1.0,2.0,1.0,1.0,0.5,1.0,0.5,1.0,0.5,946.0,141.14824873303456,289.90718243825296,156.36049363000416,23.787674149956977,0.1846083844617261,0.2742617717906833,0.1846083844617261,0.2742617717906833,0.1037964299321174,45.82208251953125,0.6200211048126221,1.0,1.0,0.1846083998680114,0.2742617726325989,177,1000,176997,0.1846083844617261,0.2742617717906833
torsional_diffusion_druglike,Cc1ccc(NC(=O)c2ccc(CN3CCN(C)CC3)cc2)cc1Nc1nccc(-c2cccnc2)n1,Imatinib,approved drug,37,7,493.6150000000002,1000,560,0.56,"{""internal_steric_clash"": 440, ""energy_ratio"": 69}",200.0,111.62387218377263,0.9762973107687608,0.007563025210084,3.1584049321166376,4.3063209164073015,199.0,99.5,188.0,94.0,155.0,77.5,101.0,50.5,25.0,12.5,6.0,3.0,560.0,106.62618739182912,225.80365404678471,131.21491384199004,13.823010272632288,1.054589882231595,2.669871151328087,1.054589882231595,2.669871151328087,0.8326296210289001,6.927923679351807,4.268579006195068,0.0,0.0,1.054589867591858,3.1699438095092773,57,1000,56998,1.054589882231595,2.669871151328087
torsional_diffusion_druglike,CC(C)CN(C[C@@H](O)[C@H](Cc1ccccc1)NC(=O)O[C@H]1CCOC1)S(=O)(=O)c1ccc(N)cc1,Amprenavir,approved drug,35,11,505.63700000000034,1000,481,0.481,"{""internal_steric_clash"": 518, ""energy_ratio"": 161}",200.0,107.50256171050812,0.9989247475777152,0.0002801120448179,3.107056934822907,3.9671744302076655,200.0,100.0,200.0,100.0,197.0,98.5,186.0,93.0,48.0,24.0,5.0,2.5,481.0,-9.821389469333404,156.32646348094474,26.808667797804723,21.91383223733237,1.121714852253596,2.6305972400307653,1.121714852253596,2.6305972400307653,0.9631648659706116,5.213129997253418,3.1625871658325195,0.0,0.0,1.1217148303985596,2.7719056606292725,30,1000,29997,1.121714852253596,2.6305972400307653
mcf_drugs_l_druglike,O=CN(O)CCCP(=O)(O)O,Fosmidomycin,antibiotic candidate,11,5,183.1,1000,993,0.993,"{""bond_lengths"": 7, ""bond_angles"": 7, ""energy_ratio"": 7, ""internal_steric_clash"": 4}",200.0,99.20660230153166,0.8731129661544161,0.2043417366946778,1.2535201694175735,1.644475914678898,63.0,31.5,26.0,13.0,10.0,5.0,5.0,2.5,1.0,0.5,1.0,0.5,993.0,-11.43608573458858,100.97879120283524,-1.4001405156676654,6.477717275045606,0.3315831896449838,1.0730646625310185,0.3315831896449838,1.0730646625310185,0.1317762583494186,2.9227795600891118,1.3597519397735596,1.0,0.13,0.3315832018852234,1.0730646848678589,28,1000,27997,0.3315831896449838,1.0730646625310185
mcf_drugs_l_druglike,CN1CCC[C@H]1c1cccnc1,Nicotine,bioactive drug-like alkaloid,12,1,162.236,1000,461,0.461,"{""tetrahedral_chirality"": 539}",200.0,100.14446871168128,0.9453623363382924,0.3719887955182073,1.0703078534085624,1.5143779323845736,20.0,10.0,10.0,5.0,5.0,2.5,2.0,1.0,1.0,0.5,1.0,0.5,461.0,11.830749690956402,25.747728355226684,16.213116683318923,1.931938854459724,0.1983413916865462,0.5020197692364454,0.1983413916865462,0.5020197692364454,0.0435953959822654,1.6892080307006836,1.0195099115371704,1.0,0.804,0.1983413994312286,0.5020197629928589,76,1000,76000,0.1983413916865462,0.5020197692364454
mcf_drugs_l_druglike,CC(=O)Nc1nnc(S(N)(=O)=O)s1,Acetazolamide,approved drug,13,2,222.251,1000,253,0.253,"{""internal_steric_clash"": 747}",200.0,98.98532953135832,0.8234096203135075,0.3837535014005602,0.9506638111128124,1.3708999334001528,15.0,7.5,9.0,4.5,6.0,3.0,3.0,1.5,1.0,0.5,1.0,0.5,253.0,41.15413574854964,56.82762909071529,52.1912890427104,3.29974194845249,0.2314432572735392,0.6524965117350221,0.2314432572735392,0.6524965117350221,0.0677257925271987,1.583865523338318,1.0596351623535156,0.9565217391304348,0.503,0.2314432561397552,0.6524965167045593,92,1000,91996,0.2314432572735392,0.6524965117350221
mcf_drugs_l_druglike,CC(C)Cn1c(=O)n(C)c(=O)c2nc[nH]c21,IBMX,experimental phosphodiesterase inhibitor,16,2,222.248,1000,1000,1.0,{},200.0,104.65518848577815,0.9877746553159468,0.5887955182072829,0.7246040655412987,1.1579919994278014,5.0,2.5,3.0,1.5,2.0,1.0,1.0,0.5,1.0,0.5,1.0,0.5,1000.0,-17.61894611870386,-7.328278573956364,-15.78676982160177,1.2350387175691575,0.1735318866476678,0.1770672123022377,0.1735318866476678,0.1770672123022377,0.0618419870734214,66.88253021240234,0.79346764087677,1.0,1.0,0.1735318899154663,0.1770672053098678,57,1000,57000,0.1735318866476678,0.1770672123022377
mcf_drugs_l_druglike,Oc1cc(Cl)ccc1Oc1ccc(Cl)cc1Cl,Triclosan,antimicrobial,17,2,289.545,1000,1000,1.0,{},200.0,95.33232839027193,0.920167238102716,0.2180672268907563,1.2907001795052957,1.783960852848382,16.0,8.0,8.0,4.0,7.0,3.5,4.0,2.0,1.0,0.5,1.0,0.5,1000.0,43.97369296513234,55.29129664616329,47.75640213782712,2.787809862726372,0.1208269518633552,0.5843425815291703,0.1208269518633552,0.5843425815291703,0.0303388051688671,115.03023529052734,1.4214249849319458,1.0,0.653,0.1208269521594047,0.5843425989151001,151,1000,151000,0.1208269518633552,0.5843425815291703
mcf_drugs_l_druglike,O=C(O)Cc1ccccc1Nc1c(Cl)cccc1Cl,Diclofenac,approved drug,19,4,296.153,1000,999,0.999,"{""bond_lengths"": 1, ""bond_angles"": 1, ""internal_steric_clash"": 1, ""planar_aromatic_rings"": 1, ""energy_ratio"": 1}",200.0,97.6879287236675,0.9771008276218188,0.2610644257703081,1.168957286334531,1.616916448203505,22.0,11.0,12.0,6.0,6.0,3.0,3.0,1.5,1.0,0.5,1.0,0.5,999.0,55.27032313083478,79.16280338466788,62.98402658348056,3.5524121613170623,0.3495948376980695,0.7098772136420012,0.3495948376980695,0.7098772136420012,0.1363531202077865,2.339293956756592,1.2347413301467896,0.9636363636363636,0.478,0.3495948314666748,0.7098771929740906,55,1000,54998,0.3495948376980695,0.7098772136420012
mcf_drugs_l_druglike,O=C1CC[C@H](N2C(=O)c3ccccc3C2=O)C(=O)N1,S-thalidomide,approved drug stereoisomer,19,1,258.23299999999995,1000,424,0.424,"{""tetrahedral_chirality"": 575, ""bond_lengths"": 1, ""bond_angles"": 1, ""internal_steric_clash"": 1, ""energy_ratio"": 1}",200.0,93.2146565438178,0.5436535196524063,0.5638655462184874,0.8040530702779771,1.4499534589657737,8.0,4.0,5.0,2.5,4.0,2.0,3.0,1.5,1.0,0.5,1.0,0.5,424.0,-26.20126176776048,-9.197002769995116,-21.457047645774487,2.597521968412964,0.1425550274857103,0.6353945125862956,0.1425550274857103,0.6353945125862956,0.0743712410330772,50.22719955444336,0.7663059830665588,1.0,0.653,0.1425550282001495,0.6353945136070251,73,1000,72999,0.1425550274857103,0.6353945125862956
mcf_drugs_l_druglike,COc1cc(Cc2cnc(N)nc2N)cc(OC)c1OC,Trimethoprim,approved drug,21,5,290.32300000000004,1000,1000,1.0,{},200.0,106.18023166405229,0.8945621495000318,0.2495798319327731,1.2721465709543434,1.6425060343411213,42.0,21.0,16.0,8.0,6.0,3.0,4.0,2.0,1.0,0.5,1.0,0.5,1000.0,9.267608859720998,18.07796908413796,13.45940343695057,1.4797932391550206,0.3389497863749663,0.600049303367734,0.3389497863749663,0.600049303367734,0.2222145348787307,1.8657430410385127,1.2737972736358645,1.0,0.872,0.3389497697353363,0.6000493168830872,60,1000,59997,0.3389497863749663,0.600049303367734
mcf_drugs_l_druglike,O=C(N[C@H](CO)[C@H](O)c1ccc([N+](=O)[O-])cc1)C(Cl)Cl,Chloramphenicol,approved drug,20,6,323.13199999999995,1000,240,0.24,"{""tetrahedral_chirality"": 760}",200.0,95.56454702986836,0.8091048414748698,0.1564425770308123,1.6002936393998484,2.5156228434486367,85.0,42.5,39.0,19.5,19.0,9.5,8.0,4.0,3.0,1.5,1.0,0.5,240.0,68.64121545469197,88.01226665255761,76.2241588286036,3.411622825311984,0.4703688647147196,0.8491210990101099,0.4703688647147196,0.8491210990101099,0.1993017941713333,22.425642013549805,1.4675244092941284,0.9872611464968152,0.317,0.470368891954422,0.84912109375,157,1000,156999,0.4703688647147196,0.8491210990101099
mcf_drugs_l_druglike,OC(Cn1cncn1)(Cn1cncn1)c1ccc(F)cc1F,Fluconazole,approved drug,22,5,306.276,1000,1000,1.0,{},200.0,98.70768403285908,0.89850447780256,0.0795518207282913,1.646701807447568,2.1082290516666577,87.0,43.5,69.0,34.5,36.0,18.0,15.0,7.5,3.0,1.5,1.0,0.5,1000.0,-7.290184603730356,19.74764357710133,2.8920924402001624,4.678547660367397,0.4053625944070518,1.163211940407753,0.4053625944070518,1.163211940407753,0.2154382616281509,2.2966647148132324,1.5948630571365356,0.9375,0.127,0.405362606048584,1.1632119417190552,32,1000,31998,0.4053625944070518,1.163211940407753
mcf_drugs_l_druglike,CC(/C=C/C(=O)NO)=C\[C@@H](C)C(=O)c1ccc(N(C)C)cc1,Trichostatin A,experimental HDAC inhibitor,22,6,302.374,1000,483,0.483,"{""tetrahedral_chirality"": 510, ""double_bond_stereochemistry"": 16}",200.0,125.41815529310549,0.8461257480397439,0.0970588235294117,1.8202634376423328,2.8108295251904627,98.0,49.0,56.0,28.0,25.0,12.5,13.0,6.5,4.0,2.0,1.0,0.5,483.0,57.325820143205696,79.20181595802856,63.33219558314682,4.723387841019119,0.4100194598947252,1.6140861003547906,0.4100194598947252,1.6140861003547906,0.2115794718265533,17.616209030151367,2.051943063735962,1.0,0.085,0.4100194871425628,1.6142265796661377,35,1000,34998,0.4100194598947252,1.6140861003547906
mcf_drugs_l_druglike,CCOC(=O)Nc1cc(-c2ccc(C)c(NS(C)(=O)=O)c2)nn2c(C)nnc12,Bromosporine,experimental kinase inhibitor,28,5,404.45200000000017,1000,872,0.872,"{""internal_steric_clash"": 128}",200.0,90.53120976419822,0.8503318190738347,0.1396358543417367,1.912034005642545,2.8621788996709148,74.0,37.0,46.0,23.0,22.0,11.0,11.0,5.5,3.0,1.5,2.0,1.0,872.0,19.05165184160105,38.713725737243095,25.04825591286564,2.5931162365591147,0.3883578777313232,0.8983515240699053,0.3883578777313232,0.8983515240699053,0.2450407147407531,3.2859292030334477,1.937710642814636,1.0,0.34,0.3883579075336456,0.8983514904975891,23,1000,23000,0.3883578777313232,0.8983515240699053
mcf_drugs_l_druglike,COc1ccc2c(c1)c(CC(=O)O)c(C)n2C(=O)c1ccc(Cl)cc1,Indomethacin,approved drug,25,4,357.793,1000,1000,1.0,{},200.0,102.65176258141312,0.9325284079488436,0.1950980392156862,1.557523702340408,2.329912447999379,20.0,10.0,11.0,5.5,9.0,4.5,4.0,2.0,2.0,1.0,1.0,0.5,1000.0,99.5209710834981,114.1729796940264,103.16449682765162,1.9069631179832904,0.4776989985947256,0.5086092483699322,0.4776989985947256,0.5086092483699322,0.1774917989969253,41.39029693603516,1.5760014057159424,0.9444444444444444,0.99,0.4776990413665771,0.5086092352867126,54,1000,54000,0.4776989985947256,0.5086092483699322
mcf_drugs_l_druglike,Cc1cc(CCCOc2c(C)cc(-c3noc(C(F)(F)F)n3)cc2C)on1,Pleconaril,antiviral drug candidate,27,6,381.354,1000,999,0.999,"{""bond_lengths"": 1}",200.0,110.19634830417282,0.9459043088914024,0.0633053221288515,1.86869874000222,2.702432546307286,126.0,63.0,73.0,36.5,29.0,14.5,15.0,7.5,4.0,2.0,1.0,0.5,999.0,75.11565003872522,94.7078515162966,81.55030202610027,3.0156719862130945,0.4904789240333621,2.050892067372799,0.4904789240333621,2.050892067372799,0.3653945028781891,89.37689971923828,2.4878671169281006,1.0,0.043,0.490478903055191,2.1450157165527344,716,1000,715869,0.4904789240333621,2.050892067372799
mcf_drugs_l_druglike,CC/C(=C(\c1ccc(O)cc1)c1ccc(OCCN(C)C)cc1)c1ccccc1,4-Hydroxytamoxifen,active drug metabolite,29,8,387.523,1000,996,0.996,"{""double_bond_stereochemistry"": 4}",200.0,104.20810688207276,0.9170301054806612,0.1843137254901961,1.346736323351543,1.8406650620741247,81.0,40.5,34.0,17.0,15.0,7.5,6.0,3.0,3.0,1.5,2.0,1.0,996.0,106.7533233472519,203.5914786225547,113.50607657357092,4.130903939880505,0.4215236624449859,0.9995086330920456,0.4215236624449859,0.9995086330920456,0.2478176802396774,2.850508689880371,1.3801517486572266,1.0,0.174,0.4215236604213714,0.9995086789131165,81,1000,80986,0.4215236624449859,0.9995086330920456
mcf_drugs_l_druglike,COc1cc2c(c(OC)c1OC)-c1ccc(OC)c(=O)cc1[C@@H](NC(C)=O)CC2,Colchicine,approved drug/natural product,29,5,399.4430000000002,1000,595,0.595,"{""tetrahedral_chirality"": 405}",200.0,124.76257431877934,0.8801576267604398,0.3418767507002801,1.6554789384276969,2.647048733203907,52.0,26.0,19.0,9.5,9.0,4.5,4.0,2.0,2.0,1.0,1.0,0.5,595.0,133.443029519518,161.6967781414761,147.65252951435698,5.14381318898073,0.3378816326459249,1.9184293587058785,0.3378816326459249,1.9184293587058785,0.2077436000108719,2.9417507648468018,2.047922372817993,1.0,0.058,0.3378815948963165,1.9184294939041135,30,1000,30000,0.3378816326459249,1.9184293587058785
mcf_drugs_l_druglike,CC(C)C[C@H](NC(=O)[C@H](Cc1ccccc1)NC(=O)c1cnccn1)B(O)O,Bortezomib,approved drug; reversible covalent,28,9,384.24500000000006,1000,266,0.266,"{""tetrahedral_chirality"": 734, ""bond_angles"": 1}",200.0,97.85469644373448,0.9503454561666608,0.0166666666666666,2.2705748347263577,2.924491891955639,181.0,90.5,136.0,68.0,81.0,40.5,51.0,25.5,10.0,5.0,2.0,1.0,0.0,,,,,0.9502965511468352,1.7399244791269302,0.9502965511468352,1.7399244791269302,0.52193284034729,12.923519134521484,2.274463653564453,0.2539682539682539,0.015,0.9502965807914734,1.7399245500564575,189,1000,188988,0.9502965511468352,1.7399244791269302
mcf_drugs_l_druglike,NS(=O)(=O)c1cc2c(cc1Cl)N[C@H]([C@H]1C[C@H]3C=C[C@@H]1C3)NS2(=O)=O,Cyclothiazide,experimental drug-like modulator,24,2,389.8860000000001,1000,84,0.084,"{""tetrahedral_chirality"": 916}",200.0,103.08468917158548,0.9253951214737064,0.1007002801120448,1.3709800995518877,1.7826354871272074,88.0,44.0,56.0,28.0,23.0,11.5,9.0,4.5,2.0,1.0,1.0,0.5,84.0,-43.42929161037304,-20.816041418097903,-37.55047299508412,4.295447843809335,0.2974757791994369,1.006336627587676,0.2974757791994369,1.006336627587676,0.1019845306873321,2.183591365814209,1.3074861764907837,1.0,0.143,0.2974757850170135,1.0063365697860718,146,1000,145999,0.2974757791994369,1.006336627587676
mcf_drugs_l_druglike,CCCCC[C@H](CC(=O)NO)C(=O)N[C@H](C(=O)N1CCC[C@H]1CO)C(C)C,Actinonin,antibiotic/enzyme inhibitor,27,11,385.5050000000002,1000,248,0.248,"{""tetrahedral_chirality"": 752}",200.0,114.01133981199364,0.9469861833301682,0.0240896358543417,2.239802239714076,3.0597764972368533,197.0,98.5,163.0,81.5,95.0,47.5,49.0,24.5,14.0,7.0,2.0,1.0,248.0,24.036261783700414,47.22246337721346,33.40506750178673,3.6117900683446433,1.2959095679148278,2.369274726867676,1.2959095679148278,2.369274726867676,0.7350744605064392,38.13983154296875,3.268218517303467,0.0101010101010101,0.001,1.2959095239639282,2.3711278438568115,99,1000,98998,1.2959095679148278,2.369274726867676
mcf_drugs_l_druglike,C[C@@H]1C[C@H]2[C@@H]3CCC4=CC(=O)C=C[C@]4(C)[C@@]3(F)[C@@H](O)C[C@]2(C)[C@@]1(O)C(=O)CO,Dexamethasone,approved drug,28,2,392.4670000000002,1000,795,0.795,"{""tetrahedral_chirality"": 205}",200.0,83.15125596398767,0.4696464090820347,0.7557422969187675,0.8856605018243022,2.00278215186136,13.0,6.5,7.0,3.5,4.0,2.0,2.0,1.0,1.0,0.5,1.0,0.5,795.0,127.75848519304256,147.3115414533154,133.3141784042436,3.389058408182897,0.2306672255508601,0.6400903514921665,0.2306672255508601,0.6400903514921665,0.0799168795347213,121.7836685180664,0.9217692017555236,0.96875,0.851,0.2306672185659408,0.6400903463363647,32,1000,32000,0.2306672255508601,0.6400903514921665
mcf_drugs_l_druglike,CC(C)CN(C[C@@H](O)[C@H](Cc1ccccc1)NC(=O)O[C@H]1CCOC1)S(=O)(=O)c1ccc(N)cc1,Amprenavir,approved drug,35,11,505.63700000000034,1000,86,0.086,"{""tetrahedral_chirality"": 914}",200.0,107.81526225329397,0.9794245211038796,0.0051820728291316,2.9024399704623707,3.893080290694837,197.0,98.5,184.0,92.0,153.0,76.5,109.0,54.5,29.0,14.5,5.0,2.5,86.0,-38.12752298863681,-10.744117046680016,-25.476594060200096,5.655301027370856,1.0349177141984305,2.7355410075187683,1.0349177141984305,2.7355410075187683,0.9495956897735596,4.737382411956787,3.469469785690308,0.0,0.0,1.0349177122116089,2.9366159439086914,30,1000,30000,1.0349177141984305,2.7355410075187683
mcf_drugs_l_druglike,CN[C@@H]1C[C@H]2O[C@@](C)([C@@H]1OC)n1c3ccccc3c3c4c(c5c6ccccc6n2c5c31)C(=O)NC4,Staurosporine,experimental kinase inhibitor,35,2,466.5410000000003,1000,197,0.197,"{""tetrahedral_chirality"": 802, ""bond_lengths"": 3}",200.0,120.80288725109428,0.76520207472225,0.5907563025210084,1.0468024378359062,1.860590199079333,22.0,11.0,7.0,3.5,4.0,2.0,4.0,2.0,1.0,0.5,1.0,0.5,197.0,133.05352729868213,228.22409606426507,162.03659584524075,16.035598085605592,0.2231549586111542,0.7318756020218133,0.2231549586111542,0.7318756020218133,0.1389791220426559,69.89269256591797,1.1340142488479614,1.0,0.756,0.2231549620628357,0.7318755984306335,177,1000,176999,0.2231549586111542,0.7318756020218133
mcf_drugs_l_druglike,Cc1ccc(NC(=O)c2ccc(CN3CCN(C)CC3)cc2)cc1Nc1nccc(-c2cccnc2)n1,Imatinib,approved drug,37,7,493.6150000000002,1000,656,0.656,"{""internal_steric_clash"": 344, ""bond_lengths"": 1, ""bond_angles"": 1, ""planar_aromatic_rings"": 1}",200.0,111.41683091932208,0.9034882968493216,0.0315126050420168,3.0440831628132887,4.096587994104259,142.0,71.0,108.0,54.0,71.0,35.5,46.0,23.0,19.0,9.5,5.0,2.5,656.0,97.45191428376758,133.1045429185843,112.9213572362564,5.491911759353129,1.7318720284261202,2.827411904215813,1.7318720284261202,2.827411904215813,0.8691301345825195,6.340234756469727,4.514814853668213,0.0,0.0,1.7318720817565918,3.4942843914031982,57,1000,56998,1.7318720284261202,2.827411904215813
nextmol_dmt_l_druglike,O=CN(O)CCCP(=O)(O)O,Fosmidomycin,antibiotic candidate,11,5,183.1,1000,1000,1.0,{},200.0,95.14609765539048,0.8441666733916547,0.3211484593837535,1.124714131032843,1.6353196475923226,34.0,17.0,13.0,6.5,7.0,3.5,4.0,2.0,1.0,0.5,1.0,0.5,1000.0,-11.306932048889964,13.95027113034332,-1.278344968397203,3.0711116536155147,0.6033248454332352,1.2017363304495812,0.6033248454332352,1.2017363304495812,0.4907054901123047,2.101325035095215,1.5113815069198608,0.9642857142857144,0.051,0.6033248901367188,1.201736330986023,28,1000,27997,0.6033248454332352,1.2017363304495812
nextmol_dmt_l_druglike,CN1CCC[C@H]1c1cccnc1,Nicotine,bioactive drug-like alkaloid,12,1,162.236,1000,485,0.485,"{""tetrahedral_chirality"": 515}",200.0,95.67063208047934,0.9345821023464708,0.411204481792717,1.0466446266517933,1.5062274495086565,18.0,9.0,9.0,4.5,4.0,2.0,2.0,1.0,1.0,0.5,1.0,0.5,485.0,12.095111028846343,25.64003220853941,15.562097038152128,1.9551308980297817,0.18157669769502,0.4832088959179819,0.18157669769502,0.4832088959179819,0.0475002899765968,65.07630920410156,1.1026506423950195,1.0,0.856,0.1815766841173172,0.4832088947296142,76,1000,75999,0.18157669769502,0.4832088959179819
nextmol_dmt_l_druglike,CC(=O)Nc1nnc(S(N)(=O)=O)s1,Acetazolamide,approved drug,13,2,222.251,1000,210,0.21,"{""internal_steric_clash"": 790}",200.0,105.74735535961976,0.867631868884264,0.3794117647058823,0.9632913248524668,1.372600274059633,17.0,8.5,9.0,4.5,6.0,3.0,3.0,1.5,1.0,0.5,1.0,0.5,210.0,43.80231941468135,57.08876562811854,51.65875270214573,2.503889850775093,0.2288072797591271,0.6681761754229665,0.2288072797591271,0.6681761754229665,0.0668212175369262,50.42145538330078,1.1000750064849854,0.9565217391304348,0.507,0.2288073003292083,0.6681761741638184,92,1000,91997,0.2288072797591271,0.6681761754229665
nextmol_dmt_l_druglike,CC(C)Cn1c(=O)n(C)c(=O)c2nc[nH]c21,IBMX,experimental phosphodiesterase inhibitor,16,2,222.248,1000,1000,1.0,{},200.0,103.87241485562,0.9877746553159468,0.5952380952380952,0.7178231715744438,1.14758090524449,5.0,2.5,2.0,1.0,2.0,1.0,1.0,0.5,1.0,0.5,1.0,0.5,1000.0,-16.86370883504587,-5.768487021913906,-15.294613410464994,1.1602203676103078,0.1678650453686714,0.1725216183513403,0.1678650453686714,0.1725216183513403,0.0598482564091682,1.2044605016708374,0.7474099397659302,1.0,1.0,0.1678650379180908,0.1725216060876846,57,1000,57000,0.1678650453686714,0.1725216183513403
nextmol_dmt_l_druglike,Oc1cc(Cl)ccc1Oc1ccc(Cl)cc1Cl,Triclosan,antimicrobial,17,2,289.545,1000,1000,1.0,{},200.0,98.25806172453892,0.9851191971060864,0.2126050420168067,1.2943745985856123,1.7621375730690263,14.0,7.0,8.0,4.0,6.0,3.0,4.0,2.0,1.0,0.5,1.0,0.5,1000.0,44.26176463331321,62.16903105831448,47.58930109662445,2.66680351612794,0.1275720008655099,0.6149628073703498,0.1275720008655099,0.6149628073703498,0.0234873071312904,69.7160415649414,1.3412595987319946,1.0,0.618,0.1275719851255417,0.6149628162384033,151,1000,150997,0.1275720008655099,0.6149628073703498
nextmol_dmt_l_druglike,O=C(O)Cc1ccccc1Nc1c(Cl)cccc1Cl,Diclofenac,approved drug,19,4,296.153,1000,1000,1.0,{},200.0,95.32535375422292,0.9576991333374744,0.24593837535014,1.188839629892403,1.63200994817201,21.0,10.5,13.0,6.5,8.0,4.0,3.0,1.5,1.0,0.5,1.0,0.5,1000.0,55.717010442293926,70.7563839986494,60.57436449209693,3.403412627784254,0.3568711110136726,0.6328049147874117,0.3568711110136726,0.6328049147874117,0.1601561605930328,2.0640430450439453,1.1667237281799316,0.9636363636363636,0.583,0.3568711280822754,0.6328049302101135,55,1000,54998,0.3568711110136726,0.6328049147874117
nextmol_dmt_l_druglike,O=C1CC[C@H](N2C(=O)c3ccccc3C2=O)C(=O)N1,S-thalidomide,approved drug stereoisomer,19,1,258.23299999999995,1000,537,0.537,"{""tetrahedral_chirality"": 463}",200.0,97.7456855728314,0.67002117378333,0.6823529411764706,0.7024614147794731,1.2291742933711785,5.0,2.5,4.0,2.0,3.0,1.5,2.0,1.0,1.0,0.5,1.0,0.5,537.0,-25.708487142732388,-10.723550513576718,-24.73491813977757,2.824176371318789,0.1601589092448966,0.506229166470468,0.1601589092448966,0.506229166470468,0.0834076777100563,1.6304961442947388,0.6134301424026489,1.0,0.816,0.1601589173078537,0.5062291622161865,73,1000,73000,0.1601589092448966,0.506229166470468
nextmol_dmt_l_druglike,O=C(N[C@H](CO)[C@H](O)c1ccc([N+](=O)[O-])cc1)C(Cl)Cl,Chloramphenicol,approved drug,20,6,323.13199999999995,1000,248,0.248,"{""tetrahedral_chirality"": 752}",200.0,96.34179224549273,0.8369893897074644,0.1369747899159664,1.716499714420607,2.565165449533083,85.0,42.5,39.0,19.5,20.0,10.0,10.0,5.0,2.0,1.0,1.0,0.5,248.0,67.45994520315311,85.89381823988901,73.70890141186794,3.0179906401704737,0.5361626161511537,0.8892526395916939,0.5361626161511537,0.8892526395916939,0.3109691441059112,2.925400257110596,1.629828691482544,0.9808917197452228,0.247,0.5361626148223877,0.8892526030540466,157,1000,156998,0.5361626161511537,0.8892526395916939
nextmol_dmt_l_druglike,CC(/C=C/C(=O)NO)=C\[C@@H](C)C(=O)c1ccc(N(C)C)cc1,Trichostatin A,experimental HDAC inhibitor,22,6,302.374,1000,513,0.513,"{""tetrahedral_chirality"": 485, ""double_bond_stereochemistry"": 6, ""internal_steric_clash"": 1}",200.0,118.73727990508256,0.9059030825836611,0.1021008403361344,1.9063366590212751,2.8713814172188887,86.0,43.0,50.0,25.0,24.0,12.0,11.0,5.5,2.0,1.0,2.0,1.0,513.0,56.98266864727224,76.24510570887286,60.31235612847581,3.6516831198378745,0.394776262981551,1.3753746966570617,0.394776262981551,1.3753746966570617,0.1898484230041504,4.238690376281738,1.794192910194397,0.9714285714285714,0.149,0.3947762846946716,1.3756264448165894,35,1000,35000,0.394776262981551,1.3753746966570617
nextmol_dmt_l_druglike,COc1cc(Cc2cnc(N)nc2N)cc(OC)c1OC,Trimethoprim,approved drug,21,5,290.32300000000004,1000,1000,1.0,{},200.0,103.41682333509875,0.9008103566492373,0.246218487394958,1.2705209396955175,1.644747981213854,42.0,21.0,15.0,7.5,7.0,3.5,4.0,2.0,1.0,0.5,1.0,0.5,1000.0,9.15192910914715,118.37964375364469,12.75445362538056,3.737044111726166,0.3354624283810457,0.6019919241219759,0.3354624283810457,0.6019919241219759,0.2162576168775558,1.8508825302124023,1.2591471672058103,1.0,0.86,0.3354624509811401,0.6019919514656067,60,1000,60000,0.3354624283810457,0.6019919241219759
nextmol_dmt_l_druglike,OC(Cn1cncn1)(Cn1cncn1)c1ccc(F)cc1F,Fluconazole,approved drug,22,5,306.276,1000,1000,1.0,{},200.0,100.071946027634,0.9285421350455252,0.0682072829131652,1.6762582751555195,2.167063518719765,76.0,38.0,60.0,30.0,30.0,15.0,15.0,7.5,2.0,1.0,1.0,0.5,1000.0,-6.806125400953071,17.761963733651253,3.0065740870787896,4.583158761013613,0.3964849067851901,1.168583568185568,0.3964849067851901,1.168583568185568,0.1500141024589538,2.28462553024292,1.5951945781707764,0.96875,0.093,0.396484911441803,1.168583631515503,32,1000,31999,0.3964849067851901,1.168583568185568
nextmol_dmt_l_druglike,COc1ccc2c(c1)c(CC(=O)O)c(C)n2C(=O)c1ccc(Cl)cc1,Indomethacin,approved drug,25,4,357.793,1000,1000,1.0,{},200.0,101.93443511627476,0.9939287546535828,0.1872549019607843,1.5835319684078373,2.349227407340668,23.0,11.5,12.0,6.0,8.0,4.0,4.0,2.0,2.0,1.0,1.0,0.5,1000.0,100.6470527190876,181.33312657517652,104.22222263040985,3.064653261962827,0.4502690964274936,0.5044782370626927,0.4502690964274936,0.5044782370626927,0.1798397898674011,2.6372411251068115,1.5728501081466677,0.9444444444444444,0.981,0.4502691030502319,0.5044782757759094,54,1000,53999,0.4502690964274936,0.5044782370626927
nextmol_dmt_l_druglike,Cc1cc(CCCOc2c(C)cc(-c3noc(C(F)(F)F)n3)cc2C)on1,Pleconaril,antiviral drug candidate,27,6,381.354,1000,1000,1.0,{},200.0,112.81994945768872,0.9173344258918938,0.0722689075630252,1.745447515801192,2.4542835453249774,132.0,66.0,80.0,40.0,31.0,15.5,16.0,8.0,3.0,1.5,2.0,1.0,1000.0,74.56925393681773,90.24991907678393,78.66533627462823,2.761557315946454,0.4761246897738073,1.860837432861328,0.4761246897738073,1.860837432861328,0.3564367592334747,81.67456817626953,2.3598415851593018,1.0,0.079,0.4761247336864471,1.9121222496032717,716,1000,715871,0.4761246897738073,1.860837432861328
nextmol_dmt_l_druglike,CCOC(=O)Nc1cc(-c2ccc(C)c(NS(C)(=O)=O)c2)nn2c(C)nnc12,Bromosporine,experimental kinase inhibitor,28,5,404.45200000000017,1000,935,0.935,"{""internal_steric_clash"": 65}",200.0,95.64235112801524,0.8200075798270657,0.2065826330532212,1.8326536701459024,2.8100722976207884,79.0,39.5,44.0,22.0,22.0,11.0,10.0,5.0,2.0,1.0,1.0,0.5,935.0,18.71086253965438,119.7354061576436,22.947539425117284,4.017590352813171,0.3874968873417895,0.8636263868510723,0.3874968873417895,0.8636263868510723,0.2722803354263305,3.2693750858306885,1.8614789247512815,1.0,0.374,0.3874969184398651,0.8636263608932495,23,1000,23000,0.3874968873417895,0.8636263868510723
nextmol_dmt_l_druglike,CC/C(=C(\c1ccc(O)cc1)c1ccc(OCCN(C)C)cc1)c1ccccc1,4-Hydroxytamoxifen,active drug metabolite,29,8,387.523,1000,942,0.942,"{""double_bond_stereochemistry"": 58}",200.0,108.15731279527178,0.8275752341956162,0.1501400560224089,1.4718982274789854,2.120634169821117,101.0,50.5,42.0,21.0,19.0,9.5,11.0,5.5,2.0,1.0,1.0,0.5,942.0,105.86222747253017,182.92896250317284,110.00856906607537,3.585377832363014,0.3940683976735598,1.0193520914465188,0.3940683976735598,1.0193520914465188,0.2179349958896637,3.1083035469055176,1.3339893817901611,1.0,0.213,0.3940683901309967,1.0193520784378052,81,1000,80983,0.3940683976735598,1.0193520914465188
nextmol_dmt_l_druglike,CC(C)C[C@H](NC(=O)[C@H](Cc1ccccc1)NC(=O)c1cnccn1)B(O)O,Bortezomib,approved drug; reversible covalent,28,9,384.24500000000006,1000,253,0.253,"{""tetrahedral_chirality"": 747}",200.0,100.62748566477096,0.9417441102761352,0.0281512605042016,2.2859367933563197,2.9987369931751915,181.0,90.5,124.0,62.0,78.0,39.0,50.0,25.0,12.0,6.0,2.0,1.0,0.0,,,,,0.8729444426834267,1.752504857748747,0.8729444426834267,1.752504857748747,0.3517215847969055,3.4374659061431885,2.3125431537628174,0.2857142857142857,0.016,0.8729444146156311,1.752504825592041,189,1000,188990,0.8729444426834267,1.752504857748747
nextmol_dmt_l_druglike,COc1cc2c(c(OC)c1OC)-c1ccc(OC)c(=O)cc1[C@@H](NC(C)=O)CC2,Colchicine,approved drug/natural product,29,5,399.4430000000002,1000,502,0.502,"{""tetrahedral_chirality"": 498}",200.0,124.16224781604548,0.8886029839877191,0.3089635854341737,1.7166469954349852,2.6577538532108145,57.0,28.5,16.0,8.0,8.0,4.0,5.0,2.5,2.0,1.0,1.0,0.5,502.0,129.72976162802618,150.3075197088373,136.069922538693,3.4955533972591315,0.3164304728309313,1.6391075439453124,0.3164304728309313,1.6391075439453124,0.1859069019556045,2.908262014389038,1.7703313827514648,1.0,0.165,0.3164305090904236,1.6391077041625977,30,1000,30000,0.3164304728309313,1.6391075439453124
nextmol_dmt_l_druglike,NS(=O)(=O)c1cc2c(cc1Cl)N[C@H]([C@H]1C[C@H]3C=C[C@@H]1C3)NS2(=O)=O,Cyclothiazide,experimental drug-like modulator,24,2,389.8860000000001,1000,55,0.055,"{""tetrahedral_chirality"": 945}",200.0,105.39921389894384,0.8929209689907505,0.1450980392156863,1.316790895021825,1.7229976063327863,84.0,42.0,50.0,25.0,20.0,10.0,8.0,4.0,1.0,0.5,1.0,0.5,55.0,-46.80630226484495,-26.541755347242784,-39.58671724013371,4.304169995882255,0.330246211527145,1.0275491107553243,0.330246211527145,1.0275491107553243,0.141610711812973,2.240675687789917,1.309658169746399,0.9931506849315068,0.068,0.3302461802959442,1.0275490283966064,146,1000,145999,0.330246211527145,1.0275491107553243
nextmol_dmt_l_druglike,CCCCC[C@H](CC(=O)NO)C(=O)N[C@H](C(=O)N1CCC[C@H]1CO)C(C)C,Actinonin,antibiotic/enzyme inhibitor,27,11,385.5050000000002,1000,180,0.18,"{""tetrahedral_chirality"": 820}",200.0,116.12506255968272,0.9494484660896892,0.0158263305322128,2.329991919672963,3.1059234578923607,197.0,98.5,176.0,88.0,111.0,55.5,65.0,32.5,9.0,4.5,3.0,1.5,180.0,21.818169445668183,42.63047400096553,30.874803436106355,3.678944812413934,0.9964933443551112,2.361618004322052,0.9964933443551112,2.361618004322052,0.7609451413154602,4.212728023529053,3.240087985992432,0.0,0.0,0.9964933395385742,2.3636727333068848,99,1000,98999,0.9964933443551112,2.361618004322052
nextmol_dmt_l_druglike,CC(C)CN(C[C@@H](O)[C@H](Cc1ccccc1)NC(=O)O[C@H]1CCOC1)S(=O)(=O)c1ccc(N)cc1,Amprenavir,approved drug,35,11,505.63700000000034,1000,135,0.135,"{""tetrahedral_chirality"": 865, ""bond_lengths"": 2, ""bond_angles"": 2}",200.0,107.9265380875588,0.9751091982350898,0.0071428571428571,2.7897708941329973,3.734963029225872,196.0,98.0,178.0,89.0,150.0,75.0,106.0,53.0,24.0,12.0,5.0,2.5,135.0,-38.00073611212477,-15.372648699079036,-29.282862901132468,4.194103711090496,1.364872056245804,2.6585291264653206,1.364872056245804,2.6585291264653206,0.9368773102760316,4.657619476318359,3.307753801345825,0.0,0.0,1.3648720979690552,2.794142961502075,30,1000,29998,1.364872056245804,2.6585291264653206
nextmol_dmt_l_druglike,C[C@@H]1C[C@H]2[C@@H]3CCC4=CC(=O)C=C[C@]4(C)[C@@]3(F)[C@@H](O)C[C@]2(C)[C@@]1(O)C(=O)CO,Dexamethasone,approved drug,28,2,392.4670000000002,1000,240,0.24,"{""tetrahedral_chirality"": 760}",200.0,95.311799065349,0.7365845999869846,0.2934173669467787,1.4055044076825174,2.0571128008069635,33.0,16.5,15.0,7.5,10.0,5.0,4.0,2.0,2.0,1.0,1.0,0.5,240.0,121.3254783786509,132.9360260033543,124.69088202669026,2.20030397431831,0.2453489070758223,1.1014420577958226,0.2453489070758223,1.1014420577958226,0.0831063762307167,62.75959777832031,1.3694298267364502,0.96875,0.358,0.2453489005565643,1.1014419794082642,32,1000,31998,0.2453489070758223,1.1014420577958226
nextmol_dmt_l_druglike,Cc1ccc(NC(=O)c2ccc(CN3CCN(C)CC3)cc2)cc1Nc1nccc(-c2cccnc2)n1,Imatinib,approved drug,37,7,493.6150000000002,1000,873,0.873,"{""internal_steric_clash"": 127}",200.0,102.99120600078965,0.9229683064814476,0.034593837535014,2.7661602981222946,4.041057979716472,161.0,80.5,109.0,54.5,68.0,34.0,46.0,23.0,14.0,7.0,5.0,2.5,873.0,93.87047233034708,119.7812282618307,99.99578832911943,4.90581988131462,1.1930909418223197,2.340952989041805,1.1930909418223197,2.340952989041805,0.635511040687561,13.628862380981444,3.819013357162476,0.0175438596491228,0.013,1.1930910348892212,2.563832521438598,57,1000,56996,1.1930909418223197,2.340952989041805
nextmol_dmt_l_druglike,CN[C@@H]1C[C@H]2O[C@@](C)([C@@H]1OC)n1c3ccccc3c3c4c(c5c6ccccc6n2c5c31)C(=O)NC4,Staurosporine,experimental kinase inhibitor,35,2,466.5410000000003,1000,200,0.2,"{""tetrahedral_chirality"": 800}",200.0,115.4259885087578,0.9308334081546136,0.4015406162464986,1.2651554273708037,1.9247444320530305,23.0,11.5,7.0,3.5,3.0,1.5,3.0,1.5,1.0,0.5,1.0,0.5,200.0,117.28555212991236,196.85346816579352,125.05639747128032,6.043327730452363,0.1602214257006591,1.0934638669416308,0.1602214257006591,1.0934638669416308,0.0900694951415062,60.50664520263672,1.3921265602111816,1.0,0.451,0.1602214276790619,1.093463897705078,177,1000,176997,0.1602214257006591,1.0934638669416308
flowr_druglike,CC(=O)Nc1nnc(S(N)(=O)=O)s1,Acetazolamide,approved drug,13,2,222.251,1000,444,0.444,"{""internal_steric_clash"": 556, ""bond_lengths"": 5, ""bond_angles"": 5}",200.0,111.89198243813848,0.8371942716614736,0.457703081232493,1.036798345306822,1.371788464676844,13.0,6.5,11.0,5.5,5.0,2.5,4.0,2.0,1.0,0.5,1.0,0.5,444.0,31.9979757358417,49.8120443073456,35.47778582676342,3.265983153257319,0.3436810874744602,0.5719666963666677,0.3436810874744602,0.5719666963666677,0.1150458604097366,2.193861484527588,1.0402852296829224,1.0,0.647,0.3436810970306396,0.5719667077064514,92,1000,91998,0.3436810874744602,0.5719666963666677
flowr_druglike,O=CN(O)CCCP(=O)(O)O,Fosmidomycin,antibiotic candidate,11,5,183.1,1000,1000,1.0,{},200.0,108.67013393946938,0.97688446438637,0.2155462184873949,1.182628623597721,1.5302702233689172,71.0,35.5,26.0,13.0,11.0,5.5,4.0,2.0,1.0,0.5,1.0,0.5,1000.0,-13.67822958392589,10.90065936504154,-5.924620042895439,3.689028593528895,0.3993122215781893,0.8565502607524395,0.3993122215781893,0.8565502607524395,0.2815166711807251,2.039999008178711,1.1624587774276731,1.0,0.268,0.3993122279644012,0.8565502762794495,28,1000,27993,0.3993122215781893,0.8565502607524395
flowr_druglike,CN1CCC[C@H]1c1cccnc1,Nicotine,bioactive drug-like alkaloid,12,1,162.236,1000,979,0.979,"{""tetrahedral_chirality"": 10, ""bond_lengths"": 21, ""bond_angles"": 21, ""internal_steric_clash"": 21, ""energy_ratio"": 14}",200.0,90.10286805193704,0.4752375924653162,0.5121848739495798,0.903659279175724,1.5093552632358875,11.0,5.5,6.0,3.0,5.0,2.5,5.0,2.5,1.0,0.5,1.0,0.5,979.0,9.16749165059406,1031.2162671456276,13.466993955140609,72.64295864972857,0.2666048796259259,0.3157957467585802,0.2666048796259259,0.3157957467585802,0.0492477230727672,2.564616441726685,0.9488640427589417,1.0,0.938,0.2666049003601074,0.3157957792282104,76,1000,75997,0.2666048796259259,0.3157957467585802
flowr_druglike,Oc1cc(Cl)ccc1Oc1ccc(Cl)cc1Cl,Triclosan,antimicrobial,17,2,289.545,1000,982,0.982,"{""bond_lengths"": 18, ""bond_angles"": 18, ""internal_steric_clash"": 18, ""energy_ratio"": 6, ""planar_aromatic_rings"": 3}",200.0,93.11892017809411,0.7908858188056267,0.2450980392156862,1.305176277503822,1.7998246071872483,11.0,5.5,11.0,5.5,9.0,4.5,7.0,3.5,4.0,2.0,2.0,1.0,982.0,43.224277998224665,1095.4543542053082,43.80273893329951,44.7401267395147,0.1991654232835138,0.4913084619790315,0.1991654232835138,0.4913084619790315,0.1040473952889442,13.576699256896973,1.2767906188964844,1.0,0.802,0.1991654336452484,0.4914197325706482,151,1000,151000,0.1991654232835138,0.4913084619790315
flowr_druglike,CC(C)Cn1c(=O)n(C)c(=O)c2nc[nH]c21,IBMX,experimental phosphodiesterase inhibitor,16,2,222.248,1000,981,0.981,"{""bond_lengths"": 19, ""bond_angles"": 18, ""internal_steric_clash"": 18}",200.0,97.11648295795035,0.5544593445880611,0.5733893557422969,0.7445761989089109,1.0966990964220484,10.0,5.0,5.0,2.5,4.0,2.0,3.0,1.5,1.0,0.5,1.0,0.5,981.0,-19.506730667867373,80.68337424109036,-18.901418426614978,4.331915584504554,0.1535219967103841,0.1970474214404821,0.1535219967103841,0.1970474214404821,0.0643230304121971,24.67762756347656,0.756601870059967,1.0,0.981,0.1535219848155975,0.1970474272966385,57,1000,56998,0.1535219967103841,0.1970474214404821
flowr_druglike,C[C@@H]1C[C@H]2[C@@H]3CCC4=CC(=O)C=C[C@]4(C)[C@@]3(F)[C@@H](O)C[C@]2(C)[C@@]1(O)C(=O)CO,Dexamethasone,approved drug,28,2,392.4670000000002,121,87,0.71900826446281,"{""bond_lengths"": 27, ""bond_angles"": 32, ""internal_steric_clash"": 11, ""energy_ratio"": 5, ""tetrahedral_chirality"": 9}",121.0,110.8284672643308,0.7359221299121791,0.2217086834733893,1.7834005558059385,3.1509192853255303,83.0,68.59504132231405,57.0,47.10743801652893,38.0,31.40495867768595,26.0,21.487603305785125,13.0,10.743801652892564,3.0,2.479338842975207,87.0,121.30361753338276,2546.1646646493746,157.5941612946908,522.4134097843121,0.2182061728090047,1.0979016490957954,0.2182061728090047,1.0979016490957954,0.1095360592007637,4.1945414543151855,1.3549587726593018,1.0,0.5041322314049587,0.2182061672210693,1.1136635541915894,32,121,3872,0.2182061728090047,1.0979016490957954
flowr_druglike,O=C1CC[C@H](N2C(=O)c3ccccc3C2=O)C(=O)N1,S-thalidomide,approved drug stereoisomer,19,1,258.23299999999995,1000,952,0.952,"{""bond_lengths"": 47, ""bond_angles"": 47, ""internal_steric_clash"": 48, ""energy_ratio"": 9, ""tetrahedral_chirality"": 4}",200.0,94.0558948346772,0.2586166435108213,0.8483193277310924,0.7300679486456145,2.0588498139558067,21.0,10.5,17.0,8.5,14.0,7.0,11.0,5.5,4.0,2.0,2.0,1.0,952.0,-30.52858796891492,2564.785911449624,-27.54225641538152,139.26770130835774,0.1458185874946313,0.4725937256328761,0.1458185874946313,0.4725937256328761,0.0526479966938495,3.302349328994751,0.6270887851715088,1.0,0.889,0.1458185911178589,0.4731985032558441,73,1000,72997,0.1458185874946313,0.4725937256328761
flowr_druglike,O=C(O)Cc1ccccc1Nc1c(Cl)cccc1Cl,Diclofenac,approved drug,19,4,296.153,1000,961,0.961,"{""bond_lengths"": 38, ""bond_angles"": 38, ""internal_steric_clash"": 38, ""planar_aromatic_rings"": 1, ""energy_ratio"": 13}",200.0,110.68003853039232,0.6825605101862253,0.3254901960784314,1.1748303393888642,1.6833326191289728,32.0,16.0,19.0,9.5,13.0,6.5,9.0,4.5,2.0,1.0,1.0,0.5,961.0,50.61103514108507,992.763217096248,54.20798205292706,36.78503888771751,0.2547172662886706,0.624819295115769,0.2547172662886706,0.624819295115769,0.0863536074757576,3.1945605278015137,1.12216317653656,1.0,0.622,0.2547172605991363,0.6248193383216858,55,1000,54997,0.2547172662886706,0.624819295115769
flowr_druglike,COc1cc(Cc2cnc(N)nc2N)cc(OC)c1OC,Trimethoprim,approved drug,21,5,290.32300000000004,1000,944,0.944,"{""bond_lengths"": 54, ""bond_angles"": 53, ""internal_steric_clash"": 54, ""planar_aromatic_rings"": 17, ""energy_ratio"": 19}",200.0,97.42483862528135,0.748280279152966,0.2212885154061624,1.3744893615450626,1.7422934843074585,64.0,32.0,30.0,15.0,18.0,9.0,14.0,7.0,3.0,1.5,1.0,0.5,944.0,3.521182339386637,861.9958884097443,5.926140933825195,44.82880623861847,0.3254683415095011,0.7084574484527111,0.3254683415095011,0.7084574484527111,0.1770750731229782,22.47024726867676,1.3023170232772827,1.0,0.759,0.325468361377716,0.7084574699401855,60,1000,59996,0.3254683415095011,0.7084574484527111
flowr_druglike,O=C(N[C@H](CO)[C@H](O)c1ccc([N+](=O)[O-])cc1)C(Cl)Cl,Chloramphenicol,approved drug,20,6,323.13199999999995,1000,971,0.971,"{""bond_lengths"": 29, ""bond_angles"": 29, ""internal_steric_clash"": 28, ""planar_aromatic_rings"": 1, ""tetrahedral_chirality"": 2}",200.0,102.36109561697349,0.9026839422964168,0.0900560224089635,1.6753397498806308,2.288196372338005,101.0,50.5,58.0,29.0,28.0,14.0,14.0,7.0,3.0,1.5,1.0,0.5,971.0,62.92722934964485,687.264955120374,72.14226938925225,20.91784866744053,0.4360511122615474,0.9074891636818648,0.4360511122615474,0.9074891636818648,0.2193689346313476,3.596158266067505,1.663798689842224,0.9808917197452228,0.24,0.4360511004924774,0.9074891209602356,157,1000,156993,0.4360511122615474,0.9074891636818648
flowr_druglike,OC(Cn1cncn1)(Cn1cncn1)c1ccc(F)cc1F,Fluconazole,approved drug,22,5,306.276,1000,963,0.963,"{""bond_lengths"": 34, ""bond_angles"": 35, ""internal_steric_clash"": 34, ""planar_aromatic_rings"": 5, ""energy_ratio"": 1}",200.0,108.80708750201951,0.9225617580632548,0.0445378151260504,1.6395902779803906,2.050247583503192,106.0,53.0,81.0,40.5,44.0,22.0,21.0,10.5,4.0,2.0,1.0,0.5,963.0,-12.113816478261535,754.9538430359105,-5.354830217231994,25.58996525973513,0.3810010878369212,1.17634084443748,0.3810010878369212,1.17634084443748,0.1356618255376815,2.928098201751709,1.5955801010131836,1.0,0.085,0.3810010850429535,1.1763408184051514,32,1000,31999,0.3810010878369212,1.17634084443748
flowr_druglike,CC(/C=C/C(=O)NO)=C\[C@@H](C)C(=O)c1ccc(N(C)C)cc1,Trichostatin A,experimental HDAC inhibitor,22,6,302.374,1000,952,0.952,"{""bond_lengths"": 42, ""bond_angles"": 42, ""internal_steric_clash"": 41, ""double_bond_stereochemistry"": 3, ""planar_aromatic_rings"": 8}",200.0,108.77572022959134,0.9144675248890646,0.0469187675070028,1.7930030514830193,2.538826716070926,182.0,91.0,111.0,55.5,50.0,25.0,25.0,12.5,4.0,2.0,1.0,0.5,952.0,55.76807053254794,73015.53181322421,66.28499786671127,3062.4207439000115,0.5678076028823853,1.4990474319159983,0.5678076028823853,1.4990474319159983,0.3898618221282959,22.382946014404297,1.8770679235458372,0.9714285714285714,0.041,0.5678076148033142,1.4990476369857788,35,1000,34996,0.5678076028823853,1.4990474319159983
flowr_druglike,COc1ccc2c(c1)c(CC(=O)O)c(C)n2C(=O)c1ccc(Cl)cc1,Indomethacin,approved drug,25,4,357.793,1000,928,0.928,"{""bond_lengths"": 54, ""bond_angles"": 54, ""internal_steric_clash"": 54, ""planar_aromatic_rings"": 46, ""energy_ratio"": 4}",200.0,103.9760102882316,0.7804087029678786,0.1547619047619047,1.7358868387803144,2.482354735680792,88.0,44.0,46.0,23.0,33.0,16.5,22.0,11.0,8.0,4.0,2.0,1.0,928.0,94.38763401139352,2205.2671393996707,100.1762015263019,75.58110413360755,0.353346096696677,0.6766246318519116,0.353346096696677,0.6766246318519116,0.1796314865350723,4.057642459869385,1.6185592412948608,1.0,0.782,0.3533460795879364,0.6776008009910583,54,1000,53998,0.353346096696677,0.6766246318519116
flowr_druglike,NS(=O)(=O)c1cc2c(cc1Cl)N[C@H]([C@H]1C[C@H]3C=C[C@@H]1C3)NS2(=O)=O,Cyclothiazide,experimental drug-like modulator,24,2,389.8860000000001,1000,939,0.939,"{""bond_lengths"": 51, ""bond_angles"": 51, ""internal_steric_clash"": 46, ""planar_aromatic_rings"": 27, ""tetrahedral_chirality"": 1}",200.0,99.59356643348748,0.7613241616492453,0.1529411764705882,1.414204336932642,1.944865526530673,95.0,47.5,49.0,24.5,31.0,15.5,20.0,10.0,7.0,3.5,3.0,1.5,939.0,-51.529107242930976,2019.0612842518767,-43.22744654287311,100.0997353541968,0.2402886115524866,0.920255113825202,0.2402886115524866,0.920255113825202,0.1256294548511505,3.728861093521118,1.4500213861465454,1.0,0.397,0.2402886152267456,0.9210496544837952,146,1000,145997,0.2402886115524866,0.920255113825202
flowr_druglike,Cc1cc(CCCOc2c(C)cc(-c3noc(C(F)(F)F)n3)cc2C)on1,Pleconaril,antiviral drug candidate,27,6,381.354,1000,954,0.954,"{""bond_lengths"": 38, ""bond_angles"": 34, ""internal_steric_clash"": 38, ""planar_aromatic_rings"": 22}",200.0,107.40340851364124,0.9122447823994608,0.0410364145658263,1.933173971446151,2.9234680779875664,190.0,95.0,120.0,60.0,64.0,32.0,37.0,18.5,9.0,4.5,3.0,1.5,954.0,67.88814963437625,1242.9120568694907,72.46341254617695,60.11796715256606,0.6446856025543959,2.1550537741184232,0.6446856025543959,2.1550537741184232,0.4851948022842407,68.548828125,2.457438468933105,0.7960893854748603,0.014,0.6446855664253235,2.2349977493286133,716,1000,715755,0.6446856025543959,2.1550537741184232
flowr_druglike,CCOC(=O)Nc1cc(-c2ccc(C)c(NS(C)(=O)=O)c2)nn2c(C)nnc12,Bromosporine,experimental kinase inhibitor,28,5,404.45200000000017,1000,624,0.624,"{""internal_steric_clash"": 361, ""bond_lengths"": 73, ""bond_angles"": 69, ""planar_aromatic_rings"": 38}",200.0,101.94933278925308,0.9483743280109844,0.0131652661064425,2.201763041610995,2.939066662218123,195.0,97.5,167.0,83.5,107.0,53.5,57.0,28.5,14.0,7.0,3.0,1.5,624.0,12.471753576942271,212.6820288532696,27.555867013408744,23.18841219987168,0.5151044026665066,1.442222927749157,0.5151044026665066,1.442222927749157,0.209086924791336,4.402002811431885,2.172475099563598,0.9565217391304348,0.04,0.515104353427887,1.4464457035064695,23,1000,23000,0.5151044026665066,1.442222927749157
flowr_druglike,COc1cc2c(c(OC)c1OC)-c1ccc(OC)c(=O)cc1[C@@H](NC(C)=O)CC2,Colchicine,approved drug/natural product,29,5,399.4430000000002,1000,701,0.701,"{""internal_steric_clash"": 262, ""planar_aromatic_rings"": 145, ""bond_lengths"": 234, ""bond_angles"": 253, ""tetrahedral_chirality"": 1, ""energy_ratio"": 2}",200.0,108.03224848610978,0.9167511409138216,0.0214285714285714,2.2918699638784705,3.042560158243794,191.0,95.5,163.0,81.5,105.0,52.5,72.0,36.0,22.0,11.0,3.0,1.5,701.0,110.3660123210159,1955.0803959318248,147.0113655189934,219.24272744508843,0.439792189002037,2.008418218493462,0.439792189002037,2.008418218493462,0.3524193167686462,3.8442208766937256,2.128802537918091,1.0,0.045,0.4397922158241272,2.0192041397094727,30,1000,29999,0.439792189002037,2.008418218493462
flowr_druglike,CCCCC[C@H](CC(=O)NO)C(=O)N[C@H](C(=O)N1CCC[C@H]1CO)C(C)C,Actinonin,antibiotic/enzyme inhibitor,27,11,385.5050000000002,1000,961,0.961,"{""bond_lengths"": 25, ""bond_angles"": 34, ""internal_steric_clash"": 17, ""tetrahedral_chirality"": 5}",200.0,108.69031770872132,1.0000000000000002,0.0,2.6915606333598325,3.34172435887977,200.0,100.0,200.0,100.0,200.0,100.0,181.0,90.5,31.0,15.5,4.0,2.0,961.0,18.68662511214229,25050.017738099166,49.43346393808071,809.8646523505948,1.066779947040057,2.0590127496123314,1.066779947040057,2.0590127496123314,0.8652902245521545,4.174320220947266,2.7494301795959477,0.0,0.0,1.0667799711227417,2.059497117996216,99,1000,98997,1.066779947040057,2.0590127496123314
flowr_druglike,CC/C(=C(\c1ccc(O)cc1)c1ccc(OCCN(C)C)cc1)c1ccccc1,4-Hydroxytamoxifen,active drug metabolite,29,8,387.523,1000,0,0.0,"{""double_bond_stereochemistry"": 887, ""bond_lengths"": 110, ""bond_angles"": 112, ""internal_steric_clash"": 113, ""planar_double_bonds"": 304, ""planar_aromatic_rings"": 43, ""energy_ratio"": 2}",200.0,103.65886322830828,0.8797101081755341,0.0578431372549019,1.952146573466144,2.734676923081758,190.0,95.0,137.0,68.5,79.0,39.5,53.0,26.5,13.0,6.5,5.0,2.5,0.0,,,,,0.5711283028861622,1.412236539244652,0.5711283028861622,1.412236539244652,0.3916119933128357,4.355587959289551,1.7303529977798462,1.0,0.074,0.5711283087730408,1.417988419532776,81,1000,80964,0.5711283028861622,1.412236539244652
flowr_druglike,CC(C)C[C@H](NC(=O)[C@H](Cc1ccccc1)NC(=O)c1cnccn1)B(O)O,Bortezomib,approved drug; reversible covalent,28,9,384.24500000000006,1000,4,0.004,"{""bond_lengths"": 996, ""bond_angles"": 996, ""internal_steric_clash"": 992, ""planar_aromatic_rings"": 987, ""energy_ratio"": 988, ""tetrahedral_chirality"": 173}",200.0,99.92099617906533,1.0000000000000002,0.0,3.711579386293135,4.470665733939309,200.0,100.0,200.0,100.0,200.0,100.0,200.0,100.0,196.0,98.0,53.0,26.5,0.0,,,,,1.7364487395715462,2.822210862994194,1.7364487395715462,2.822210862994194,1.395742893218994,26.32400894165039,3.472197294235229,0.0,0.0,1.736448884010315,3.1655306816101074,189,1000,188981,1.7364487395715462,2.822210862994194
flowr_druglike,CC(C)CN(C[C@@H](O)[C@H](Cc1ccccc1)NC(=O)O[C@H]1CCOC1)S(=O)(=O)c1ccc(N)cc1,Amprenavir,approved drug,35,11,505.63700000000034,1000,822,0.822,"{""bond_lengths"": 112, ""bond_angles"": 124, ""internal_steric_clash"": 131, ""planar_aromatic_rings"": 45, ""tetrahedral_chirality"": 8}",200.0,108.36675615441558,1.0000000000000002,0.0,3.137512269606665,3.949616899078241,200.0,100.0,200.0,100.0,200.0,100.0,192.0,96.0,62.0,31.0,7.0,3.5,822.0,-45.91644505593998,2015.4868520605503,-19.977050814364503,253.96822740555365,1.332151436805725,2.619754907488823,1.332151436805725,2.619754907488823,1.205363392829895,5.314643383026123,3.0966975688934326,0.0,0.0,1.3321515321731567,2.7272634506225586,30,1000,29996,1.332151436805725,2.619754907488823
flowr_druglike,Cc1ccc(NC(=O)c2ccc(CN3CCN(C)CC3)cc2)cc1Nc1nccc(-c2cccnc2)n1,Imatinib,approved drug,37,7,493.6150000000002,1000,756,0.756,"{""planar_aromatic_rings"": 147, ""bond_lengths"": 164, ""bond_angles"": 165, ""internal_steric_clash"": 180, ""energy_ratio"": 6}",200.0,107.75531507664736,1.0000000000000002,0.0,3.1983526965096605,4.045391689100788,200.0,100.0,200.0,100.0,200.0,100.0,185.0,92.5,73.0,36.5,9.0,4.5,756.0,95.09542961434045,2120.059606009777,123.29975259549688,176.55746697222253,1.232362487859893,2.7234464564323426,1.232362487859893,2.7234464564323426,0.8946545124053955,6.968056201934815,3.879122257232666,0.0,0.0,1.2323626279830933,3.008127450942993,57,1000,56999,1.232362487859893,2.7234464564323426
flowr_druglike,CN[C@@H]1C[C@H]2O[C@@](C)([C@@H]1OC)n1c3ccccc3c3c4c(c5c6ccccc6n2c5c31)C(=O)NC4,Staurosporine,experimental kinase inhibitor,35,2,466.5410000000003,999,455,0.4554554554554554,"{""bond_lengths"": 414, ""bond_angles"": 440, ""internal_steric_clash"": 384, ""planar_aromatic_rings"": 446, ""tetrahedral_chirality"": 46, ""energy_ratio"": 15}",200.0,95.35799465586912,0.8582930048824718,0.0693277310924369,2.2094591086678523,3.2278895303832047,168.0,84.0,128.0,64.0,108.0,54.0,84.0,42.0,28.0,14.0,5.0,2.5,455.0,105.24615288584316,9047.775634451056,230.27579428449465,910.0082738223772,0.1865168753485221,1.4150597235268063,0.1865168753485221,1.4150597235268063,0.1088973581790924,4.271569728851318,1.676986575126648,1.0,0.2852852852852853,0.1865168809890747,1.4234129190444946,177,999,176819,0.1865168753485221,1.4150597235268063
qwen_1p7b_fsq_bigdata_step47023,O=CN(O)CCCP(=O)(O)O,Fosmidomycin,antibiotic candidate,11,5,183.1,1000,991,0.991,"{""internal_steric_clash"": 9, ""energy_ratio"": 1}",200.0,122.83352732955488,0.8310478435084282,0.419187675070028,1.0392774592563545,1.3621296152628422,86.0,43.0,24.0,12.0,9.0,4.5,4.0,2.0,1.0,0.5,1.0,0.5,991.0,-9.144944449361253,30.538047610020563,2.9209320480768923,5.015867542611309,,,,,0.1467,2.034,1.0094,1.0,0.515,0.2622,0.7162,28,1000,28000,,
qwen_1p7b_fsq_bigdata_step47023,CN1CCC[C@H]1c1cccnc1,Nicotine,bioactive drug-like alkaloid,12,1,162.236,1000,959,0.959,"{""tetrahedral_chirality"": 41}",200.0,99.0428084520799,0.9867042960074176,0.5518207282913166,0.8745201756490107,1.3857004802893356,15.0,7.5,6.0,3.0,3.0,1.5,2.0,1.0,1.0,0.5,1.0,0.5,959.0,10.189019603903612,37.337461887448704,12.86915934640652,3.4601481502258538,,,,,0.0473,1.6914,0.8789,1.0,0.971,0.1402,0.3084,76,1000,76000,,
qwen_1p7b_fsq_bigdata_step47023,CC(=O)Nc1nnc(S(N)(=O)=O)s1,Acetazolamide,approved drug,13,2,222.251,1000,964,0.964,"{""internal_steric_clash"": 36}",200.0,133.8465911499845,0.7590065935236692,0.3483193277310924,0.987219277248476,1.3428994557462055,29.0,14.5,15.0,7.5,8.0,4.0,3.0,1.5,1.0,0.5,1.0,0.5,964.0,35.853913263689044,96.84611379355032,45.256193304504045,5.567095852007825,,,,,0.0769,1.5991,0.948,1.0,0.853,0.162,0.4023,92,1000,92000,,
qwen_1p7b_fsq_bigdata_step47023,Oc1cc(Cl)ccc1Oc1ccc(Cl)cc1Cl,Triclosan,antimicrobial,17,2,289.545,1000,996,0.996,"{""internal_steric_clash"": 4}",200.0,72.20648742125702,0.8512750233889053,0.3366946778711485,1.2090930129133195,1.7386826324221178,22.0,11.0,13.0,6.5,7.0,3.5,6.0,3.0,1.0,0.5,1.0,0.5,996.0,44.21154818571202,102.8345719636968,46.69595057564517,4.108701953618564,,,,,0.0364,2.0966,1.1643,1.0,0.835,0.0819,0.4494,151,1000,151000,,
qwen_1p7b_fsq_bigdata_step47023,O=C(O)Cc1ccccc1Nc1c(Cl)cccc1Cl,Diclofenac,approved drug,19,4,296.153,1000,962,0.962,"{""internal_steric_clash"": 38, ""energy_ratio"": 1}",200.0,74.54846890581642,0.7534716540284332,0.2984593837535014,1.1906340017742152,1.639706452762113,58.0,29.0,25.0,12.5,9.0,4.5,4.0,2.0,1.0,0.5,1.0,0.5,962.0,52.669766997490186,135.30245386275806,63.66546937406513,9.556811845124615,,,,,0.1829,2.1814,1.1449,1.0,0.665,0.3046,0.6636,55,1000,55000,,
qwen_1p7b_fsq_bigdata_step47023,COc1cc(Cc2cnc(N)nc2N)cc(OC)c1OC,Trimethoprim,approved drug,21,5,290.32300000000004,1000,1000,1.0,{},200.0,61.54053841629332,0.6650178163305861,0.5955182072829132,0.9081447968885876,1.4343775782751491,44.0,22.0,14.0,7.0,5.0,2.5,3.0,1.5,1.0,0.5,1.0,0.5,1000.0,5.853095853574562,86.23827778348651,12.444354664788346,6.254978868199224,,,,,0.0857,1.8506,0.9283,1.0,0.901,0.2265,0.4845,60,1000,60000,,
qwen_1p7b_fsq_bigdata_step47023,CC(C)Cn1c(=O)n(C)c(=O)c2nc[nH]c21,IBMX,experimental phosphodiesterase inhibitor,16,2,222.248,1000,997,0.997,"{""internal_steric_clash"": 3}",200.0,106.73922809121088,0.7780113035465377,0.7172268907563025,0.7299106090004799,1.0943979750814166,8.0,4.0,3.0,1.5,2.0,1.0,1.0,0.5,1.0,0.5,1.0,0.5,997.0,-17.59251246949423,19.45291455913792,-12.09616059340875,3.279354184947968,,,,,0.0561,1.3783,0.7258,1.0,1.0,0.0978,0.2085,57,1000,57000,,
qwen_1p7b_fsq_bigdata_step47023,OC(Cn1cncn1)(Cn1cncn1)c1ccc(F)cc1F,Fluconazole,approved drug,22,5,306.276,994,919,0.9245472837022132,"{""internal_steric_clash"": 74, ""energy_ratio"": 3, ""bond_angles"": 2, ""bond_lengths"": 1}",200.0,100.3189965181787,0.9341155072531558,0.0333333333333333,1.667912707371909,2.122491402694073,177.0,88.5,128.0,64.0,56.0,28.0,25.0,12.5,3.0,1.5,2.0,1.0,919.0,-4.591293125370244,187.5319381259312,15.811469698873877,15.365547458928605,,,,,0.2033,2.6424,1.5826,1.0,0.0603,0.4151,1.2117,32,994,31808,,
qwen_1p7b_fsq_bigdata_step47023,O=C1CC[C@H](N2C(=O)c3ccccc3C2=O)C(=O)N1,S-thalidomide,approved drug stereoisomer,19,1,258.23299999999995,1000,989,0.989,"{""tetrahedral_chirality"": 1, ""internal_steric_clash"": 10}",200.0,94.38667556415362,0.909736122531166,0.7850140056022409,0.7212880077633276,1.1472202351379464,6.0,3.0,4.0,2.0,2.0,1.0,2.0,1.0,1.0,0.5,1.0,0.5,989.0,-28.17178049493513,29.23396719968152,-19.621758190093416,11.13425179878614,,,,,0.0504,1.4408,0.5967,1.0,0.784,0.0925,0.4629,73,1000,73000,,
qwen_1p7b_fsq_bigdata_step47023,COc1ccc2c(c1)c(CC(=O)O)c(C)n2C(=O)c1ccc(Cl)cc1,Indomethacin,approved drug,25,4,357.793,1000,1000,1.0,{},200.0,86.24129167347886,0.947594333634383,0.1918767507002801,1.5111832760990158,2.232623674948373,92.0,46.0,32.0,16.0,14.0,7.0,6.0,3.0,2.0,1.0,1.0,0.5,1000.0,98.39322851764813,185.23020701319592,109.06897936674662,6.961948776131725,,,,,0.2023,2.9725,1.4797,1.0,0.728,0.3796,0.6462,54,1000,54000,,
qwen_1p7b_fsq_bigdata_step47023,Cc1cc(CCCOc2c(C)cc(-c3noc(C(F)(F)F)n3)cc2C)on1,Pleconaril,antiviral drug candidate,27,6,381.354,992,976,0.9838709677419356,"{""internal_steric_clash"": 16}",200.0,112.93522819274315,0.947177975878742,0.0480392156862745,1.7211962660888362,2.4018834571155634,174.0,87.0,115.0,57.5,48.0,24.0,20.0,10.0,2.0,1.0,1.0,0.5,976.0,74.88489173400325,176.54073648422806,82.68985058880598,7.23105906311133,,,,,0.4092,3.5614,1.8895,1.0,0.0332,0.5924,1.7038,716,992,710272,,
qwen_1p7b_fsq_bigdata_step47023,CC/C(=C(\c1ccc(O)cc1)c1ccc(OCCN(C)C)cc1)c1ccccc1,4-Hydroxytamoxifen,active drug metabolite,29,8,387.523,1000,992,0.992,"{""planar_double_bonds"": 4, ""internal_steric_clash"": 3, ""double_bond_stereochemistry"": 1}",200.0,105.84682237464762,0.8913828380225375,0.2665266106442577,1.2456656832532575,1.7290505688242377,146.0,73.0,53.0,26.5,12.0,6.0,7.0,3.5,1.0,0.5,1.0,0.5,992.0,105.53641939852272,174.02303860773975,116.32027480892162,6.713694853114939,,,,,0.33,2.8623,1.3192,1.0,0.208,0.5265,0.9452,81,1000,81000,,
qwen_1p7b_fsq_bigdata_step47023,CC(/C=C/C(=O)NO)=C\[C@@H](C)C(=O)c1ccc(N(C)C)cc1,Trichostatin A,experimental HDAC inhibitor,22,6,302.374,1000,969,0.969,"{""double_bond_stereochemistry"": 16, ""internal_steric_clash"": 5, ""tetrahedral_chirality"": 9, ""energy_ratio"": 1}",200.0,112.2634278908748,0.910312317407707,0.0815126050420168,1.836787560853845,2.8038908364599644,155.0,77.5,82.0,41.0,37.0,18.5,15.0,7.5,4.0,2.0,2.0,1.0,969.0,56.52928484765808,127.4783952328609,72.14601405420788,8.738896752170698,,,,,0.2349,4.2906,2.0782,1.0,0.076,0.3448,1.654,35,1000,35000,,
qwen_1p7b_fsq_bigdata_step47023,O=C(N[C@H](CO)[C@H](O)c1ccc([N+](=O)[O-])cc1)C(Cl)Cl,Chloramphenicol,approved drug,20,6,323.13199999999995,998,970,0.9719438877755512,"{""tetrahedral_chirality"": 21, ""internal_steric_clash"": 6, ""energy_ratio"": 1, ""bond_lengths"": 1}",200.0,90.1888670625244,0.8552326532516226,0.1749299719887955,1.5410500441807615,2.222824944839367,119.0,59.5,52.0,26.0,22.0,11.0,9.0,4.5,2.0,1.0,1.0,0.5,970.0,67.28745797195015,149.51944512998193,77.02831374805587,8.378173941662972,,,,,0.2125,3.2211,1.4813,0.9872,0.4228,0.3488,0.7818,157,998,156686,,
qwen_1p7b_fsq_bigdata_step47023,CCOC(=O)Nc1cc(-c2ccc(C)c(NS(C)(=O)=O)c2)nn2c(C)nnc12,Bromosporine,experimental kinase inhibitor,28,5,404.45200000000017,1000,749,0.749,"{""internal_steric_clash"": 250, ""bond_lengths"": 2, ""bond_angles"": 1}",200.0,102.37265672001388,0.9607335142960728,0.0240896358543417,2.043983153923281,2.74916334231542,185.0,92.5,131.0,65.5,64.0,32.0,25.0,12.5,4.0,2.0,2.0,1.0,749.0,22.964914275856696,115.48585181002927,40.45353965734081,9.973059094864167,,,,,0.3112,3.3523,1.9583,1.0,0.075,0.4924,1.2475,23,1000,23000,,
qwen_1p7b_fsq_bigdata_step47023,CC(C)C[C@H](NC(=O)[C@H](Cc1ccccc1)NC(=O)c1cnccn1)B(O)O,Bortezomib,approved drug; reversible covalent,28,9,384.24500000000006,1000,45,0.045,"{""tetrahedral_chirality"": 953, ""internal_steric_clash"": 66, ""bond_lengths"": 8, ""bond_angles"": 4, ""energy_ratio"": 4}",200.0,93.44988483387306,0.9621147392969812,0.0106442577030812,2.280911639115945,2.9651172261508685,197.0,98.5,168.0,84.0,121.0,60.5,73.0,36.5,11.0,5.5,2.0,1.0,0.0,,,,,,,,,0.3532,3.5884,2.3794,0.3703,0.055,0.7468,1.8937,189,1000,189000,,
qwen_1p7b_fsq_bigdata_step47023,COc1cc2c(c(OC)c1OC)-c1ccc(OC)c(=O)cc1[C@@H](NC(C)=O)CC2,Colchicine,approved drug/natural product,29,5,399.4430000000002,1000,173,0.173,"{""tetrahedral_chirality"": 809, ""internal_steric_clash"": 39, ""bond_angles"": 5, ""bond_lengths"": 6, ""planar_aromatic_rings"": 1, ""energy_ratio"": 3}",200.0,108.17916010531192,0.9088402936627802,0.0973389355742296,1.755875413002949,2.505540889370101,163.0,81.5,79.0,39.5,31.0,15.5,15.0,7.5,3.0,1.5,1.0,0.5,173.0,143.89695995503968,278.0280220648553,170.5560471591499,25.81147210359185,,,,,0.2628,2.9322,1.7816,1.0,0.0709,0.3534,1.662,30,1000,30000,,
qwen_1p7b_fsq_bigdata_step47023,CCCCC[C@H](CC(=O)NO)C(=O)N[C@H](C(=O)N1CCC[C@H]1CO)C(C)C,Actinonin,antibiotic/enzyme inhibitor,27,11,385.5050000000002,999,771,0.7717717717717718,"{""tetrahedral_chirality"": 155, ""internal_steric_clash"": 87, ""energy_ratio"": 13, ""bond_lengths"": 3, ""bond_angles"": 1}",200.0,124.07328804832606,0.9833218831941376,0.0028011204481792,2.545363766743605,3.333641811878031,199.0,99.5,194.0,97.0,162.0,81.0,117.0,58.5,17.0,8.5,3.0,1.5,771.0,22.01425170653845,138.8947331140514,41.43638556922587,13.099595919695137,,,,,0.6253,4.2866,2.5105,0.0404,0.004,0.9904,1.7935,99,999,98901,,
qwen_1p7b_fsq_bigdata_step47023,Cc1ccc(NC(=O)c2ccc(CN3CCN(C)CC3)cc2)cc1Nc1nccc(-c2cccnc2)n1,Imatinib,approved drug,37,7,493.6150000000002,999,992,0.992992992992993,"{""internal_steric_clash"": 6, ""energy_ratio"": 3}",200.0,93.34204641045712,0.9732828868963596,0.0063025210084033,2.510630983491276,3.407072894692972,200.0,100.0,184.0,92.0,127.0,63.5,67.0,33.5,10.0,5.0,2.0,1.0,992.0,94.20342589798751,256.3821102771657,110.0250948793598,10.182216004927335,,,,,0.6598,5.7785,2.5251,0.7894,0.006,0.7248,1.7064,57,999,56943,,
qwen_1p7b_fsq_bigdata_step47023,NS(=O)(=O)c1cc2c(cc1Cl)N[C@H]([C@H]1C[C@H]3C=C[C@@H]1C3)NS2(=O)=O,Cyclothiazide,experimental drug-like modulator,24,2,389.8860000000001,1000,158,0.158,"{""tetrahedral_chirality"": 834, ""internal_steric_clash"": 17, ""energy_ratio"": 1}",200.0,92.83913990578992,0.8098176279133695,0.2715686274509803,1.2603492266396572,1.7589218197942829,65.0,32.5,32.0,16.0,13.0,6.5,9.0,4.5,1.0,0.5,1.0,0.5,158.0,-38.26290176637101,20.49822866965996,-23.54266782313269,11.275318537979928,,,,,0.094,2.6347,1.0904,1.0,0.619,0.2245,0.6425,146,1000,146000,,
qwen_1p7b_fsq_bigdata_step47023,CC(C)CN(C[C@@H](O)[C@H](Cc1ccccc1)NC(=O)O[C@H]1CCOC1)S(=O)(=O)c1ccc(N)cc1,Amprenavir,approved drug,35,11,505.63700000000034,1000,731,0.731,"{""tetrahedral_chirality"": 117, ""internal_steric_clash"": 176, ""bond_lengths"": 13, ""bond_angles"": 10, ""energy_ratio"": 28, ""planar_aromatic_rings"": 1}",200.0,107.41375564175914,0.9978872583481126,0.0002801120448179,2.9621721961812857,3.8546553055111934,199.0,99.5,198.0,99.0,194.0,97.0,170.0,85.0,33.0,16.5,5.0,2.5,731.0,-39.128813978092566,100.17792742584028,-17.348781133668446,16.860131388332583,,,,,0.5137,4.8269,2.9715,0.7666,0.001,0.7417,2.5664,30,1000,30000,,
qwen_1p7b_fsq_bigdata_step47023,CN[C@@H]1C[C@H]2O[C@@](C)([C@@H]1OC)n1c3ccccc3c3c4c(c5c6ccccc6n2c5c31)C(=O)NC4,Staurosporine,experimental kinase inhibitor,35,2,466.5410000000003,1000,948,0.948,"{""tetrahedral_chirality"": 39, ""bond_angles"": 12, ""bond_lengths"": 1, ""internal_steric_clash"": 3}",200.0,63.34273659656266,0.5719338045032373,0.6627450980392157,0.8686378388398195,1.333889490233267,33.0,16.5,11.0,5.5,7.0,3.5,4.0,2.0,1.0,0.5,1.0,0.5,948.0,131.35664634592587,436.14764887430266,169.8517801542259,34.1475853641425,,,,,0.1165,2.2161,0.7688,1.0,0.893,0.1712,0.4673,177,1000,177000,,
qwen_1p7b_fsq_bigdata_step47023,C[C@@H]1C[C@H]2[C@@H]3CCC4=CC(=O)C=C[C@]4(C)[C@@]3(F)[C@@H](O)C[C@]2(C)[C@@]1(O)C(=O)CO,Dexamethasone,approved drug,28,2,392.4670000000002,1000,990,0.99,"{""tetrahedral_chirality"": 10}",200.0,85.07644091709165,0.548897963962852,0.9759103641456582,0.5650282360063411,0.9066617995832488,5.0,2.5,3.0,1.5,3.0,1.5,1.0,0.5,1.0,0.5,1.0,0.5,990.0,126.7523865877163,301.1478261925434,134.52603199917058,8.289295772799768,,,,,0.1183,1.9277,0.6254,0.9687,0.989,0.2074,0.3827,32,1000,32000,,
