name,LoQI,Qwen
Fosmidomycin,96.42857142857144,100.0
Nicotine,100.0,100.0
Acetazolamide,97.82608695652173,100.0
Triclosan,100.0,100.0
Diclofenac,89.0909090909091,100.0
Trimethoprim,100.0,100.0
IBMX,100.0,100.0
Fluconazole,96.875,100.0
S-thalidomide,100.0,100.0
Indomethacin,94.44444444444444,100.0
Pleconaril,100.0,100.0
4-Hydroxytamoxifen,100.0,100.0
Trichostatin A,100.0,100.0
Chloramphenicol,96.1783439490446,98.72
Bromosporine,95.65217391304348,100.0
Bortezomib,68.25396825396825,37.03
Colchicine,100.0,100.0
Actinonin,67.67676767676768,4.04
Imatinib,5.26315789473684,78.94
Cyclothiazide,100.0,100.0
Amprenavir,93.33333333333333,76.66
Staurosporine,100.0,100.0
Dexamethasone,96.875,96.87
