method,label,tier,best_rmsd,hit_0p75,clusters_0p5,n_defined,mean_retained
chembl3d_gt_pb,ChEMBL3D-PB,reference,0.5253817379090603,0.7872340425531915,21.71276595744681,94,81.15957446808511
rdkit_random_raw_chembl_count,RDKit raw,chembl_count,0.6008553763626936,0.6595744680851063,34.265957446808514,94,81.15957446808511
rdkit_random_raw_fixed,RDKit raw,fixed,0.4370038441914611,0.8085106382978723,114.62765957446808,94,999.9468085106383
rdkit_random_minimized_chembl_count,RDKit minimized,chembl_count,0.617848057912921,0.7021276595744681,21.71276595744681,94,81.15957446808511
rdkit_random_minimized_fixed,RDKit minimized,fixed,0.512323350853213,0.7872340425531915,52.138297872340424,94,999.968085106383
torsion_raw_chembl_count,Torsion raw,chembl_count,0.6785579645953087,0.6595744680851063,54.159574468085104,94,71.14893617021276
torsion_raw_fixed,Torsion raw,fixed,0.4773101130925174,0.7872340425531915,296.82978723404256,94,896.4787234042553
torsion_minimized_chembl_count,Torsion minimized,chembl_count,0.6438555574117769,0.6808510638297872,21.861702127659573,94,81.15957446808511
torsion_minimized_fixed,Torsion minimized,fixed,0.5352257014187696,0.7978723404255319,60.02127659574468,94,999.968085106383
loqi_raw_chembl_count,LoQI,chembl_count,0.5362343449266861,0.7446808510638298,24.98936170212766,94,81.15957446808511
loqi_raw_fixed,LoQI,fixed,0.3392801451715199,0.8617021276595744,84.45744680851064,94,999.3404255319149
torsional_diffusion_raw_chembl_count,Torsional Diffusion,chembl_count,0.5820703193460611,0.7340425531914894,40.9468085106383,94,69.31914893617021
torsional_diffusion_raw_fixed,Torsional Diffusion,fixed,0.3706670592980769,0.8936170212765957,187.70212765957447,94,881.4255319148937
mcf_drugs_l_raw_chembl_count,MCF drugs-L,chembl_count,0.559308190727478,0.7127659574468085,31.236559139784948,93,66.09574468085107
mcf_drugs_l_raw_fixed,MCF drugs-L,fixed,0.36591912532100945,0.8617021276595744,110.31182795698925,93,866.8404255319149
nextmol_dmt_l_raw_chembl_count,NExT-Mol DMT-L,chembl_count,0.5430954450070196,0.7659574468085106,31.597826086956523,92,66.35106382978724
nextmol_dmt_l_raw_fixed,NExT-Mol DMT-L,fixed,0.3856563688758471,0.8617021276595744,106.49462365591398,93,871.9468085106383
flowr_raw_chembl_count,FlowR,chembl_count,0.6371202812804084,0.7021276595744681,54.08510638297872,94,72.67021276595744
flowr_raw_fixed,FlowR,fixed,0.41420030940786134,0.8617021276595744,298.09574468085106,94,920.0212765957447
qwen_1p7b_fsq_bigdata_step47023_chembl_count,Qwen 1.7B FSQ,chembl_count,0.5056330030580359,0.8085106382978723,55.276595744680854,94,78.25531914893617
qwen_1p7b_fsq_bigdata_step47023_fixed,Qwen 1.7B FSQ,fixed,0.3069240369775868,0.9148936170212766,284.468085106383,94,972.563829787234
