key,descriptor,group,n,hits,hit
chembl3d_gt_pb,size,<20,39,37,94.87179487179488
chembl3d_gt_pb,size,20-29,41,32,78.04878048780488
chembl3d_gt_pb,size,30-39,12,5,41.66666666666667
chembl3d_gt_pb,size,40+,2,0,0.0
chembl3d_gt_pb,rotors,0-3,45,41,91.11111111111111
chembl3d_gt_pb,rotors,9+,4,0,0.0
chembl3d_gt_pb,rotors,7-8,11,3,27.27272727272727
chembl3d_gt_pb,rotors,4-6,34,30,88.23529411764706
rdkit_random_raw,size,<20,39,37,94.87179487179488
rdkit_random_raw,size,20-29,41,34,82.92682926829268
rdkit_random_raw,size,30-39,12,5,41.66666666666667
rdkit_random_raw,size,40+,2,0,0.0
rdkit_random_raw,rotors,0-3,45,42,93.33333333333333
rdkit_random_raw,rotors,9+,4,0,0.0
rdkit_random_raw,rotors,7-8,11,5,45.454545454545446
rdkit_random_raw,rotors,4-6,34,29,85.29411764705883
rdkit_random_minimized,size,<20,39,35,89.74358974358975
rdkit_random_minimized,size,20-29,41,34,82.92682926829268
rdkit_random_minimized,size,30-39,12,5,41.66666666666667
rdkit_random_minimized,size,40+,2,0,0.0
rdkit_random_minimized,rotors,0-3,45,44,97.77777777777776
rdkit_random_minimized,rotors,9+,4,2,50.0
rdkit_random_minimized,rotors,7-8,11,4,36.36363636363636
rdkit_random_minimized,rotors,4-6,34,24,70.58823529411765
torsion_raw,size,<20,39,38,97.43589743589745
torsion_raw,size,20-29,41,32,78.04878048780488
torsion_raw,size,30-39,12,4,33.33333333333333
torsion_raw,size,40+,2,0,0.0
torsion_raw,rotors,0-3,45,42,93.33333333333333
torsion_raw,rotors,9+,4,2,50.0
torsion_raw,rotors,7-8,11,4,36.36363636363636
torsion_raw,rotors,4-6,34,26,76.47058823529412
torsion_minimized,size,<20,39,35,89.74358974358975
torsion_minimized,size,20-29,41,35,85.36585365853658
torsion_minimized,size,30-39,12,5,41.66666666666667
torsion_minimized,size,40+,2,0,0.0
torsion_minimized,rotors,0-3,45,43,95.55555555555556
torsion_minimized,rotors,9+,4,2,50.0
torsion_minimized,rotors,7-8,11,5,45.454545454545446
torsion_minimized,rotors,4-6,34,25,73.52941176470588
loqi_raw,size,<20,39,39,100.0
loqi_raw,size,20-29,41,35,85.36585365853658
loqi_raw,size,30-39,12,7,58.333333333333336
loqi_raw,size,40+,2,0,0.0
loqi_raw,rotors,0-3,45,44,97.77777777777776
loqi_raw,rotors,9+,4,2,50.0
loqi_raw,rotors,7-8,11,5,45.454545454545446
loqi_raw,rotors,4-6,34,30,88.23529411764706
torsional_diffusion_raw,size,<20,39,39,100.0
torsional_diffusion_raw,size,20-29,41,38,92.6829268292683
torsional_diffusion_raw,size,30-39,12,7,58.333333333333336
torsional_diffusion_raw,size,40+,2,0,0.0
torsional_diffusion_raw,rotors,0-3,45,44,97.77777777777776
torsional_diffusion_raw,rotors,9+,4,1,25.0
torsional_diffusion_raw,rotors,7-8,11,6,54.54545454545454
torsional_diffusion_raw,rotors,4-6,34,33,97.05882352941177
mcf_drugs_l_raw,size,<20,39,38,97.43589743589745
mcf_drugs_l_raw,size,20-29,41,37,90.24390243902441
mcf_drugs_l_raw,size,30-39,12,5,41.66666666666667
mcf_drugs_l_raw,size,40+,2,1,50.0
mcf_drugs_l_raw,rotors,0-3,45,42,93.33333333333333
mcf_drugs_l_raw,rotors,9+,4,2,50.0
mcf_drugs_l_raw,rotors,7-8,11,8,72.72727272727273
mcf_drugs_l_raw,rotors,4-6,34,29,85.29411764705883
nextmol_dmt_l_raw,size,<20,39,37,94.87179487179488
nextmol_dmt_l_raw,size,20-29,41,38,92.6829268292683
nextmol_dmt_l_raw,size,30-39,12,6,50.0
nextmol_dmt_l_raw,size,40+,2,0,0.0
nextmol_dmt_l_raw,rotors,0-3,45,42,93.33333333333333
nextmol_dmt_l_raw,rotors,9+,4,2,50.0
nextmol_dmt_l_raw,rotors,7-8,11,7,63.63636363636363
nextmol_dmt_l_raw,rotors,4-6,34,30,88.23529411764706
flowr_raw,size,<20,39,39,100.0
flowr_raw,size,20-29,41,38,92.6829268292683
flowr_raw,size,30-39,12,4,33.33333333333333
flowr_raw,size,40+,2,0,0.0
flowr_raw,rotors,0-3,45,44,97.77777777777776
flowr_raw,rotors,9+,4,1,25.0
flowr_raw,rotors,7-8,11,6,54.54545454545454
flowr_raw,rotors,4-6,34,30,88.23529411764706
qwen_1p7b_fsq_bigdata_step47023,size,<20,39,39,100.0
qwen_1p7b_fsq_bigdata_step47023,size,20-29,41,38,92.6829268292683
qwen_1p7b_fsq_bigdata_step47023,size,30-39,12,8,66.66666666666666
qwen_1p7b_fsq_bigdata_step47023,size,40+,2,1,50.0
qwen_1p7b_fsq_bigdata_step47023,rotors,0-3,45,44,97.77777777777776
qwen_1p7b_fsq_bigdata_step47023,rotors,9+,4,3,75.0
qwen_1p7b_fsq_bigdata_step47023,rotors,7-8,11,6,54.54545454545454
qwen_1p7b_fsq_bigdata_step47023,rotors,4-6,34,33,97.05882352941177
