method,label,n_molecules,n_conformers,n_failed,mean_clusters_0p5,median_energy_std,mean_energy_std,median_mean_energy,median_mean_energy_delta_chembl,median_archived_std
rdkit_random_minimized_chembl_count,RDKit minimized,94,7629,0,21.71276595744681,2.7259932122062542,63.425246309349106,35.12253380379677,-5.755700054374305,1.8949906690223526
torsion_minimized_chembl_count,Torsion minimized,94,7629,0,21.861702127659573,2.7991498105465826,4.527362982575555,35.017015371203186,-5.811533405863617,1.9975690520272122
loqi_raw_chembl_count,LoQI,94,7629,0,24.98936170212766,3.7212925538382486,4.515995060705613,44.77423259033755,1.11017374225991,1.825684939041142
mcf_drugs_l_raw_chembl_count,MCF drugs-L,93,6213,0,31.236559139784948,4.970196879243358,11.579907347779049,51.58793131097656,6.367438856522966,3.450675434261949
nextmol_dmt_l_raw_chembl_count,NExT-Mol DMT-L,92,6237,0,31.597826086956523,4.784864237216029,6.042743942096817,49.14936281354791,4.125766577300496,3.0897516096601088
rdkit_random_raw_chembl_count,RDKit raw,94,7629,0,34.265957446808514,9.115256150119645,367.5358838941346,77.66347258170228,33.41290589620449,8.704739376848043
torsional_diffusion_raw_chembl_count,Torsional Diffusion,94,6516,0,40.9468085106383,26.499169516326518,1628.4260683623556,96.8675891151317,47.19543118932536,22.343806283311295
flowr_raw_chembl_count,FlowR,94,6831,0,54.08510638297872,11.590867674680114,15.331445469660622,43.73386527967536,0.8228811738882591,10.196078944265146
torsion_raw_chembl_count,Torsion raw,94,6688,0,54.159574468085104,40.501500475756124,1089.5545101647006,89.18160985179824,40.951067087961206,34.172840050733974
qwen_1p7b_fsq_bigdata_step47023_chembl_count,Qwen 1.7B FSQ,94,7356,0,55.276595744680854,17.64133832359883,48.966302986269355,64.26154870280885,20.72649274257615,6.019702668578499
chembl3d_gt_pb,ChEMBL3D-PB,94,7629,0,21.71276595744681,2.6893698646152,3.467305321707476,42.5320534061999,0.0,2.02428768271035
