method,threshold,recovery
rdkit_random_raw_fixed,0.5,0.648936170212766
rdkit_random_raw_fixed,0.75,0.8085106382978723
rdkit_random_raw_fixed,1.0,0.9468085106382979
rdkit_random_minimized_fixed,0.5,0.574468085106383
rdkit_random_minimized_fixed,0.75,0.7872340425531915
rdkit_random_minimized_fixed,1.0,0.9148936170212766
torsion_raw_fixed,0.5,0.5957446808510638
torsion_raw_fixed,0.75,0.7872340425531915
torsion_raw_fixed,1.0,0.9148936170212766
torsion_minimized_fixed,0.5,0.5425531914893617
torsion_minimized_fixed,0.75,0.7978723404255319
torsion_minimized_fixed,1.0,0.8936170212765957
loqi_raw_fixed,0.5,0.8297872340425532
loqi_raw_fixed,0.75,0.8617021276595744
loqi_raw_fixed,1.0,0.925531914893617
torsional_diffusion_raw_fixed,0.5,0.7872340425531915
torsional_diffusion_raw_fixed,0.75,0.8936170212765957
torsional_diffusion_raw_fixed,1.0,0.925531914893617
mcf_drugs_l_raw_fixed,0.5,0.7553191489361702
mcf_drugs_l_raw_fixed,0.75,0.8617021276595744
mcf_drugs_l_raw_fixed,1.0,0.9574468085106383
nextmol_dmt_l_raw_fixed,0.5,0.7553191489361702
nextmol_dmt_l_raw_fixed,0.75,0.8617021276595744
nextmol_dmt_l_raw_fixed,1.0,0.9361702127659575
flowr_raw_fixed,0.5,0.723404255319149
flowr_raw_fixed,0.75,0.8617021276595744
flowr_raw_fixed,1.0,0.9148936170212766
qwen_1p7b_fsq_bigdata_step47023_fixed,0.5,0.7872340425531915
qwen_1p7b_fsq_bigdata_step47023_fixed,0.75,0.9148936170212766
qwen_1p7b_fsq_bigdata_step47023_fixed,1.0,0.9787234042553191
