method,budget,rmsd_threshold,target_recovery,recovery_at_threshold,attainable
rdkit_random_raw_fixed,10,1.1705820876593842,0.8,0.8000213894888856,True
rdkit_random_raw_fixed,11,1.1508633368597192,0.8,0.8000107376734011,True
rdkit_random_raw_fixed,12,1.132005972628219,0.8,0.8000658985157464,True
rdkit_random_raw_fixed,13,1.1177003299615205,0.8,0.8001223905336262,True
rdkit_random_raw_fixed,14,1.1043817461879109,0.8,0.8000804621275509,True
rdkit_random_raw_fixed,15,1.0935157102972688,0.8,0.8001061736078963,True
rdkit_random_raw_fixed,16,1.0810872596103154,0.8,0.8000569469070694,True
rdkit_random_raw_fixed,17,1.0725017832821846,0.8,0.8000501730356784,True
rdkit_random_raw_fixed,18,1.0673282529090222,0.8,0.8000061445559046,True
rdkit_random_raw_fixed,20,1.052664105831368,0.8,0.8001225991140777,True
rdkit_random_raw_fixed,22,1.0336759427491813,0.8,0.8000091298902933,True
rdkit_random_raw_fixed,23,1.0268340079088811,0.8,0.80001628860025,True
rdkit_random_raw_fixed,25,1.0110758265533726,0.8,0.8000305765601126,True
rdkit_random_raw_fixed,27,1.0045644195017538,0.8,0.8000200829548597,True
rdkit_random_raw_fixed,29,0.9938602314044095,0.8,0.8000047569099731,True
rdkit_random_raw_fixed,32,0.9788302652719931,0.8,0.8000121684110687,True
rdkit_random_raw_fixed,34,0.9691060168172401,0.8,0.8000848078418286,True
rdkit_random_raw_fixed,37,0.9563817097902482,0.8,0.8001467096976942,True
rdkit_random_raw_fixed,40,0.9439496354347127,0.8,0.8002146688793166,True
rdkit_random_raw_fixed,43,0.9353453800895364,0.8,0.8000984787710582,True
rdkit_random_raw_fixed,46,0.9258944328267044,0.8,0.8000288651828852,True
rdkit_random_raw_fixed,50,0.9173062573182232,0.8,0.8002332964384267,True
rdkit_random_raw_fixed,54,0.9088658959081222,0.8,0.8000428190008105,True
rdkit_random_raw_fixed,58,0.897135340305346,0.8,0.8000594760665644,True
rdkit_random_raw_fixed,63,0.8895538785327987,0.8,0.8000832705343802,True
rdkit_random_raw_fixed,68,0.8809506401719336,0.8,0.8000412793372422,True
rdkit_random_raw_fixed,74,0.873778599752228,0.8,0.8001845405934348,True
rdkit_random_raw_fixed,79,0.8685014358836887,0.8,0.8004658258010575,True
rdkit_random_raw_fixed,86,0.8632860008382351,0.8,0.8000066668022829,True
rdkit_random_raw_fixed,93,0.8575508144759624,0.8,0.8002139971779119,True
rdkit_random_raw_fixed,100,0.8528256956143284,0.8,0.8009784301044889,True
rdkit_random_raw_fixed,108,0.8438497530247542,0.8,0.8006593398024828,True
rdkit_random_raw_fixed,117,0.834495362192252,0.8,0.8003502364502354,True
rdkit_random_raw_fixed,126,0.8307703908351198,0.8,0.8003291865438876,True
rdkit_random_raw_fixed,136,0.8282184833886662,0.8,0.8001695997602962,True
rdkit_random_raw_fixed,147,0.8249949882775203,0.8,0.8001003801037289,True
rdkit_random_raw_fixed,158,0.8218391237735619,0.8,0.8008912501861198,True
rdkit_random_raw_fixed,171,0.813580846791158,0.8,0.8005486273830676,True
rdkit_random_raw_fixed,185,0.8076184000883218,0.8,0.8000684929948132,True
rdkit_random_raw_fixed,200,0.8046786052108401,0.8,0.8000730535992523,True
rdkit_random_raw_fixed,215,0.7969794551528553,0.8,0.8001983263328215,True
rdkit_random_raw_fixed,233,0.7964715467375421,0.8,0.8001038342838004,True
rdkit_random_raw_fixed,250,0.7911875719874583,0.8,0.8004283046568567,True
rdkit_random_raw_fixed,251,0.7907398911143257,0.8,0.8001149737197277,True
rdkit_random_raw_fixed,271,0.7867021761696414,0.8,0.8007887461506087,True
rdkit_random_raw_fixed,293,0.7817672988266877,0.8,0.8000519650507931,True
rdkit_random_raw_fixed,316,0.7790540500733137,0.8,0.8006947578595843,True
rdkit_random_raw_fixed,341,0.7761469976676878,0.8,0.8005233408113964,True
rdkit_random_raw_fixed,369,0.7739241585041193,0.8,0.8018690056162059,True
rdkit_random_raw_fixed,398,0.7621378300012469,0.8,0.800106071348223,True
rdkit_random_raw_fixed,430,0.7607749881748987,0.8,0.8011340762208055,True
rdkit_random_raw_fixed,464,0.7602919969253246,0.8,0.8018022248535362,True
rdkit_random_raw_fixed,500,0.7602919969253246,0.8,0.804922798774848,True
rdkit_random_raw_fixed,501,0.7602919969253246,0.8,0.8050048795247168,True
rdkit_random_raw_fixed,541,0.7586266467194236,0.8,0.8011693359716788,True
rdkit_random_raw_fixed,584,0.7560355001338684,0.8,0.8003228178801778,True
rdkit_random_raw_fixed,631,0.7560355001338684,0.8,0.8032782566648453,True
rdkit_random_raw_fixed,681,0.7560355001338684,0.8,0.8060993055643575,True
rdkit_random_raw_fixed,736,0.7277425698798217,0.8,0.8001588833341486,True
rdkit_random_raw_fixed,794,0.7072351036329166,0.8,0.8000034300648596,True
rdkit_random_raw_fixed,858,0.7038087412358562,0.8,0.8016062349758434,True
rdkit_random_raw_fixed,926,0.7038087412358562,0.8,0.8051309863791729,True
rdkit_random_raw_fixed,1000,0.7038087412358562,0.8,0.8085106382978723,True
rdkit_random_minimized_fixed,10,1.1973697062576623,0.8,0.80000336365806,True
rdkit_random_minimized_fixed,11,1.1561280335901318,0.8,0.8000817075002452,True
rdkit_random_minimized_fixed,12,1.1366004024921108,0.8,0.8000238964037502,True
rdkit_random_minimized_fixed,13,1.1259751040685757,0.8,0.8000724404953296,True
rdkit_random_minimized_fixed,14,1.1089806506251851,0.8,0.8000503964308232,True
rdkit_random_minimized_fixed,15,1.0862069520733644,0.8,0.8000150203492081,True
rdkit_random_minimized_fixed,16,1.075991982838672,0.8,0.8000541477968928,True
rdkit_random_minimized_fixed,17,1.0665711553492982,0.8,0.8000848222789145,True
rdkit_random_minimized_fixed,18,1.0562267075269007,0.8,0.8000049614068458,True
rdkit_random_minimized_fixed,20,1.0345709540947077,0.8,0.8000937327449168,True
rdkit_random_minimized_fixed,22,1.022272251213743,0.8,0.8000389842495526,True
rdkit_random_minimized_fixed,23,1.020608625176713,0.8,0.8000366090436176,True
rdkit_random_minimized_fixed,25,0.9935521808646073,0.8,0.8000326872177762,True
rdkit_random_minimized_fixed,27,0.9935449354598608,0.8,0.8001489743045528,True
rdkit_random_minimized_fixed,29,0.9935372397812153,0.8,0.8001898008873453,True
rdkit_random_minimized_fixed,32,0.9763080351098168,0.8,0.8000108862525942,True
rdkit_random_minimized_fixed,34,0.9731644748663599,0.8,0.8001219128837567,True
rdkit_random_minimized_fixed,37,0.9462623095023014,0.8,0.8000169565365083,True
rdkit_random_minimized_fixed,40,0.9312289676965602,0.8,0.800069944744974,True
rdkit_random_minimized_fixed,43,0.9199462060350616,0.8,0.8000320944534305,True
rdkit_random_minimized_fixed,46,0.9159442259990568,0.8,0.8000332151469055,True
rdkit_random_minimized_fixed,50,0.9159317758546734,0.8,0.8002041779219575,True
rdkit_random_minimized_fixed,54,0.9159270379247241,0.8,0.8001514374559421,True
rdkit_random_minimized_fixed,58,0.9159199674831516,0.8,0.8005773321155868,True
rdkit_random_minimized_fixed,63,0.9054698762856139,0.8,0.8001866033159648,True
rdkit_random_minimized_fixed,68,0.8928880511469267,0.8,0.8004977101063496,True
rdkit_random_minimized_fixed,74,0.8780885589558857,0.8,0.8000059417630534,True
rdkit_random_minimized_fixed,79,0.8563019696862957,0.8,0.8000490084304234,True
rdkit_random_minimized_fixed,86,0.848984859677887,0.8,0.8000848002561913,True
rdkit_random_minimized_fixed,93,0.8489780343809106,0.8,0.8000066646520595,True
rdkit_random_minimized_fixed,100,0.8489746019539461,0.8,0.8001039303987278,True
rdkit_random_minimized_fixed,108,0.848957526898065,0.8,0.8008572699942333,True
rdkit_random_minimized_fixed,117,0.8413366206866109,0.8,0.800616241878901,True
rdkit_random_minimized_fixed,126,0.8408045080571286,0.8,0.8000207108270007,True
rdkit_random_minimized_fixed,136,0.8053430196582494,0.8,0.8000021077130608,True
rdkit_random_minimized_fixed,147,0.7933527817162461,0.8,0.8000201850386158,True
rdkit_random_minimized_fixed,158,0.7933226242624454,0.8,0.8000448445114606,True
rdkit_random_minimized_fixed,171,0.7932940548591954,0.8,0.800168027254073,True
rdkit_random_minimized_fixed,185,0.7932814520439762,0.8,0.8004301233735936,True
rdkit_random_minimized_fixed,200,0.7932598481522185,0.8,0.8010770666409746,True
rdkit_random_minimized_fixed,215,0.7923538023511063,0.8,0.8009931405238188,True
rdkit_random_minimized_fixed,233,0.7880595508827772,0.8,0.8000337609110623,True
rdkit_random_minimized_fixed,250,0.7880240496896213,0.8,0.8002196619478739,True
rdkit_random_minimized_fixed,251,0.7880240496896213,0.8,0.8002969942456576,True
rdkit_random_minimized_fixed,271,0.7880006433455997,0.8,0.8007100752034679,True
rdkit_random_minimized_fixed,293,0.7879420759525483,0.8,0.8002973439374239,True
rdkit_random_minimized_fixed,316,0.7879418462401666,0.8,0.8001505898010062,True
rdkit_random_minimized_fixed,341,0.7879418462401666,0.8,0.8015469540055788,True
rdkit_random_minimized_fixed,369,0.7868880349065662,0.8,0.8004907895648234,True
rdkit_random_minimized_fixed,398,0.7868880349065662,0.8,0.8017653015681026,True
rdkit_random_minimized_fixed,430,0.7868880349065662,0.8,0.8030688848281111,True
rdkit_random_minimized_fixed,464,0.7868880349065662,0.8,0.804360388000907,True
rdkit_random_minimized_fixed,500,0.7847407565547074,0.8,0.8001617148272773,True
rdkit_random_minimized_fixed,501,0.7847395777644876,0.8,0.800023605328804,True
rdkit_random_minimized_fixed,541,0.7846986320293667,0.8,0.8002439903454551,True
rdkit_random_minimized_fixed,584,0.7846983067647604,0.8,0.800344450150119,True
rdkit_random_minimized_fixed,631,0.7846983067647604,0.8,0.8016632007930012,True
rdkit_random_minimized_fixed,681,0.7845257642434512,0.8,0.8006311926723485,True
rdkit_random_minimized_fixed,736,0.7845257642434512,0.8,0.8021505506322454,True
rdkit_random_minimized_fixed,794,0.7845257642434512,0.8,0.8036771565676316,True
rdkit_random_minimized_fixed,858,0.7845257642434512,0.8,0.8052760674540765,True
rdkit_random_minimized_fixed,926,0.7845257642434512,0.8,0.8068786431549718,True
rdkit_random_minimized_fixed,1000,0.7845257642434512,0.8,0.8085106382978723,True
torsion_raw_fixed,10,1.3097984690564717,0.8,0.8000588522427249,True
torsion_raw_fixed,11,1.2860897459087217,0.8,0.8000091965766517,True
torsion_raw_fixed,12,1.2629727764438308,0.8,0.8000119872429486,True
torsion_raw_fixed,13,1.2442558799114718,0.8,0.8000004893617629,True
torsion_raw_fixed,14,1.2279750814873542,0.8,0.8000154874854826,True
torsion_raw_fixed,15,1.2135916516643148,0.8,0.8000451649913376,True
torsion_raw_fixed,16,1.2024794560257128,0.8,0.8000410506530543,True
torsion_raw_fixed,17,1.1884268221375047,0.8,0.8000056352811481,True
torsion_raw_fixed,18,1.1768320624230693,0.8,0.8000408727939987,True
torsion_raw_fixed,20,1.1591839952003884,0.8,0.8000579184682125,True
torsion_raw_fixed,22,1.1432468867555792,0.8,0.8000403579598622,True
torsion_raw_fixed,23,1.136337326049139,0.8,0.8000449987923118,True
torsion_raw_fixed,25,1.123258031054914,0.8,0.8000124703622666,True
torsion_raw_fixed,27,1.112119447040127,0.8,0.8000316171143457,True
torsion_raw_fixed,29,1.101388741649064,0.8,0.8000828171054414,True
torsion_raw_fixed,32,1.0915581585964917,0.8,0.8002102043456578,True
torsion_raw_fixed,34,1.082148218796667,0.8,0.8000190084909506,True
torsion_raw_fixed,37,1.068041860020377,0.8,0.8001991527869641,True
torsion_raw_fixed,40,1.0581310715530925,0.8,0.8002470902807686,True
torsion_raw_fixed,43,1.0477474161876776,0.8,0.8000274365669681,True
torsion_raw_fixed,46,1.0386740617835881,0.8,0.8002504864869902,True
torsion_raw_fixed,50,1.02923778896761,0.8,0.8000825563980452,True
torsion_raw_fixed,54,1.018739441145741,0.8,0.8000040621820753,True
torsion_raw_fixed,58,1.0111898847149936,0.8,0.800129578679498,True
torsion_raw_fixed,63,1.0042472171396553,0.8,0.8002306893293373,True
torsion_raw_fixed,68,0.9945494273454871,0.8,0.80005555458258,True
torsion_raw_fixed,74,0.9897635289018085,0.8,0.8000006594357741,True
torsion_raw_fixed,79,0.9826580111195846,0.8,0.8002143000015494,True
torsion_raw_fixed,86,0.9785656008815891,0.8,0.8003518387340215,True
torsion_raw_fixed,93,0.9740240908545993,0.8,0.8000878975798955,True
torsion_raw_fixed,100,0.9702534281289497,0.8,0.8005509410998386,True
torsion_raw_fixed,108,0.9666108521986999,0.8,0.8005024520285686,True
torsion_raw_fixed,117,0.9627767391980642,0.8,0.8000201804841719,True
torsion_raw_fixed,126,0.9540329362994896,0.8,0.8000043662484536,True
torsion_raw_fixed,136,0.9429358014797579,0.8,0.8003257344856293,True
torsion_raw_fixed,147,0.9338664776677529,0.8,0.8005574832836369,True
torsion_raw_fixed,158,0.9242985707310717,0.8,0.8010570455730822,True
torsion_raw_fixed,171,0.9172796779005472,0.8,0.8002355514629855,True
torsion_raw_fixed,185,0.9115254967360417,0.8,0.8008008248107216,True
torsion_raw_fixed,200,0.904211884391856,0.8,0.8001294826824237,True
torsion_raw_fixed,215,0.8964097229607668,0.8,0.8005715611957276,True
torsion_raw_fixed,233,0.8886030811165297,0.8,0.8000201422117532,True
torsion_raw_fixed,250,0.8828577690770728,0.8,0.8002691981742427,True
torsion_raw_fixed,251,0.8828577690770728,0.8,0.8004832991505203,True
torsion_raw_fixed,271,0.8710990232519122,0.8,0.8005413347371491,True
torsion_raw_fixed,293,0.863309538987867,0.8,0.8010767622138574,True
torsion_raw_fixed,316,0.8502286252260343,0.8,0.8006238257153939,True
torsion_raw_fixed,341,0.8433819639883428,0.8,0.8002144187410924,True
torsion_raw_fixed,369,0.8400216784914797,0.8,0.802430496468523,True
torsion_raw_fixed,398,0.8321334986151974,0.8,0.8007724086609406,True
torsion_raw_fixed,430,0.8310299721608663,0.8,0.8005644172962111,True
torsion_raw_fixed,464,0.8310299721608663,0.8,0.8044921416916245,True
torsion_raw_fixed,500,0.8297704217099273,0.8,0.8023225997087317,True
torsion_raw_fixed,501,0.8297704217099273,0.8,0.802415962831536,True
torsion_raw_fixed,541,0.8268481539797786,0.8,0.8002072272340239,True
torsion_raw_fixed,584,0.8229840323622983,0.8,0.8016644469605531,True
torsion_raw_fixed,631,0.8132395067040019,0.8,0.8014077980439106,True
torsion_raw_fixed,681,0.8103380573964984,0.8,0.8023698695198077,True
torsion_raw_fixed,736,0.8103380573964984,0.8,0.8058493979855721,True
torsion_raw_fixed,794,0.8049516223960396,0.8,0.800044473168625,True
torsion_raw_fixed,858,0.790056148800863,0.8,0.8003136248199999,True
torsion_raw_fixed,926,0.790056148800863,0.8,0.8044015956008519,True
torsion_raw_fixed,1000,0.790056148800863,0.8,0.8085106382978723,True
torsion_minimized_fixed,10,1.2457747770734797,0.8,0.800055538885744,True
torsion_minimized_fixed,11,1.2201097390245244,0.8,0.8000153708769698,True
torsion_minimized_fixed,12,1.1879578922195804,0.8,0.8000046842715298,True
torsion_minimized_fixed,13,1.151051488048161,0.8,0.8000027250345898,True
torsion_minimized_fixed,14,1.1310210735011517,0.8,0.8000190043608376,True
torsion_minimized_fixed,15,1.1130052107900872,0.8,0.8000113321245178,True
torsion_minimized_fixed,16,1.1097078500450042,0.8,0.8000004566463279,True
torsion_minimized_fixed,17,1.0942854890574552,0.8,0.8000281543302704,True
torsion_minimized_fixed,18,1.076000557302249,0.8,0.8000405843222475,True
torsion_minimized_fixed,20,1.0729629692035245,0.8,0.8001138132143167,True
torsion_minimized_fixed,22,1.0620143789410876,0.8,0.8000381516566923,True
torsion_minimized_fixed,23,1.0612388768681116,0.8,0.8000415879854172,True
torsion_minimized_fixed,25,1.03526055038104,0.8,0.8000873217963151,True
torsion_minimized_fixed,27,1.0348167504606627,0.8,0.8002627296525037,True
torsion_minimized_fixed,29,1.0212657069186082,0.8,0.8000143888967214,True
torsion_minimized_fixed,32,1.0009830690434598,0.8,0.8000136001256352,True
torsion_minimized_fixed,34,0.9935459084600203,0.8,0.8000230447000966,True
torsion_minimized_fixed,37,0.9935407445416434,0.8,0.8000258801583693,True
torsion_minimized_fixed,40,0.9919119257167158,0.8,0.8001217812737,True
torsion_minimized_fixed,43,0.9743218631194729,0.8,0.8000215701751128,True
torsion_minimized_fixed,46,0.9450386082036849,0.8,0.8001473760020668,True
torsion_minimized_fixed,50,0.9339321343841948,0.8,0.800125108930679,True
torsion_minimized_fixed,54,0.9335042315901119,0.8,0.8004207971444456,True
torsion_minimized_fixed,58,0.9173487635361641,0.8,0.8000083578526287,True
torsion_minimized_fixed,63,0.9140267553501896,0.8,0.8000483729357012,True
torsion_minimized_fixed,68,0.9062360656238616,0.8,0.800190389298968,True
torsion_minimized_fixed,74,0.8943119788890911,0.8,0.8000005627545743,True
torsion_minimized_fixed,79,0.8701255223808019,0.8,0.8001829752469823,True
torsion_minimized_fixed,86,0.8613229492767704,0.8,0.8000472300615781,True
torsion_minimized_fixed,93,0.8613181638834686,0.8,0.8001771423366075,True
torsion_minimized_fixed,100,0.8585110501965849,0.8,0.8001836976481922,True
torsion_minimized_fixed,108,0.8489832747436258,0.8,0.8001495883451321,True
torsion_minimized_fixed,117,0.8489811875520693,0.8,0.800104920392035,True
torsion_minimized_fixed,126,0.8489773400209891,0.8,0.800804675551483,True
torsion_minimized_fixed,136,0.8408070047933973,0.8,0.8002221129804661,True
torsion_minimized_fixed,147,0.8189250246156468,0.8,0.8000422772124063,True
torsion_minimized_fixed,158,0.8165272340230214,0.8,0.8000001071455337,True
torsion_minimized_fixed,171,0.7933180754722027,0.8,0.8001083322232151,True
torsion_minimized_fixed,185,0.7932710947498552,0.8,0.8003559327496378,True
torsion_minimized_fixed,200,0.7880461710267587,0.8,0.800100120073359,True
torsion_minimized_fixed,215,0.7880334830156476,0.8,0.8004319890290471,True
torsion_minimized_fixed,233,0.7880189972563855,0.8,0.8005221760342175,True
torsion_minimized_fixed,250,0.7879815926938948,0.8,0.8014266481682747,True
torsion_minimized_fixed,251,0.7879815926938948,0.8,0.8015817481494815,True
torsion_minimized_fixed,271,0.7847521561044197,0.8,0.8001760811049929,True
torsion_minimized_fixed,293,0.7847427392651959,0.8,0.800517948911984,True
torsion_minimized_fixed,316,0.7846536486803934,0.8,0.8015883177619718,True
torsion_minimized_fixed,341,0.784285231963534,0.8,0.8017310872725966,True
torsion_minimized_fixed,369,0.7714287356717328,0.8,0.8000514260259565,True
torsion_minimized_fixed,398,0.7714011759003332,0.8,0.8007638904512779,True
torsion_minimized_fixed,430,0.7712882988620645,0.8,0.8005781644898289,True
torsion_minimized_fixed,464,0.7712691705910087,0.8,0.800082156462141,True
torsion_minimized_fixed,500,0.7712691705910087,0.8,0.8021036605906786,True
torsion_minimized_fixed,501,0.7712691705910087,0.8,0.8021570642003018,True
torsion_minimized_fixed,541,0.7712691705910087,0.8,0.8041877709595718,True
torsion_minimized_fixed,584,0.7712691705910087,0.8,0.8061717890948172,True
torsion_minimized_fixed,631,0.7505492341646492,0.8,0.8007308581665057,True
torsion_minimized_fixed,681,0.7505483334505998,0.8,0.8016432538602077,True
torsion_minimized_fixed,736,0.7505475624990713,0.8,0.8013086312900622,True
torsion_minimized_fixed,794,0.7505475624990713,0.8,0.8031898626108179,True
torsion_minimized_fixed,858,0.7505475624990713,0.8,0.805054503420957,True
torsion_minimized_fixed,926,0.7505475624990713,0.8,0.8068205263519188,True
torsion_minimized_fixed,1000,0.7505475624990713,0.8,0.8085106382978723,True
loqi_raw_fixed,10,1.1589217855573422,0.8,0.8000044491387927,True
loqi_raw_fixed,11,1.1338154345940508,0.8,0.8000016534211942,True
loqi_raw_fixed,12,1.1171225699820893,0.8,0.8001037451532452,True
loqi_raw_fixed,13,1.0982739154258263,0.8,0.8000790799532305,True
loqi_raw_fixed,14,1.0805960343953427,0.8,0.8000409767508538,True
loqi_raw_fixed,15,1.0635461893028595,0.8,0.8000722766705972,True
loqi_raw_fixed,16,1.0499584924798835,0.8,0.8000158373563957,True
loqi_raw_fixed,17,1.0366959680927974,0.8,0.8001261028975815,True
loqi_raw_fixed,18,1.025577866401817,0.8,0.8000029093135181,True
loqi_raw_fixed,20,1.0053169858210127,0.8,0.8000265931364443,True
loqi_raw_fixed,22,0.9899596769310586,0.8,0.8000130154999382,True
loqi_raw_fixed,23,0.9809742331513085,0.8,0.8000023098421887,True
loqi_raw_fixed,25,0.9672846457302936,0.8,0.8000942693291695,True
loqi_raw_fixed,27,0.9560354789680086,0.8,0.8001203480828506,True
loqi_raw_fixed,29,0.9466973313347528,0.8,0.8000270474114052,True
loqi_raw_fixed,32,0.9304151764022858,0.8,0.8000044766592282,True
loqi_raw_fixed,34,0.9236915075812661,0.8,0.8000049601509021,True
loqi_raw_fixed,37,0.9042593640543081,0.8,0.8002460761319709,True
loqi_raw_fixed,40,0.8872470902214612,0.8,0.8000575556620829,True
loqi_raw_fixed,43,0.8735035983555238,0.8,0.8000962868235558,True
loqi_raw_fixed,46,0.864387927606359,0.8,0.8000026636671561,True
loqi_raw_fixed,50,0.8500061399686011,0.8,0.8001165720730695,True
loqi_raw_fixed,54,0.8415975728144911,0.8,0.8000486301065522,True
loqi_raw_fixed,58,0.8313523084790837,0.8,0.8001656220636338,True
loqi_raw_fixed,63,0.8198787837106104,0.8,0.8001260084025491,True
loqi_raw_fixed,68,0.8061828115942509,0.8,0.8001432244783386,True
loqi_raw_fixed,74,0.796042940082735,0.8,0.800210101803626,True
loqi_raw_fixed,79,0.7863046728265115,0.8,0.8003198987155465,True
loqi_raw_fixed,86,0.7724569719479983,0.8,0.8003397143109238,True
loqi_raw_fixed,93,0.7625272324655138,0.8,0.8006312149337456,True
loqi_raw_fixed,100,0.7458944729326547,0.8,0.8001362807971043,True
loqi_raw_fixed,108,0.7312076406221113,0.8,0.800123763009973,True
loqi_raw_fixed,117,0.7229263723131717,0.8,0.8003006153910733,True
loqi_raw_fixed,126,0.7147321297963293,0.8,0.8005405693113828,True
loqi_raw_fixed,136,0.7050046884272265,0.8,0.800042758674183,True
loqi_raw_fixed,147,0.6863760951965463,0.8,0.8001387306155996,True
loqi_raw_fixed,158,0.6762664037652955,0.8,0.8005348668467659,True
loqi_raw_fixed,171,0.6606475605600194,0.8,0.8010932211983197,True
loqi_raw_fixed,185,0.6517039565636858,0.8,0.8008503437204447,True
loqi_raw_fixed,200,0.6446755136709228,0.8,0.8001665072831745,True
loqi_raw_fixed,215,0.6203386677596178,0.8,0.8000060459087347,True
loqi_raw_fixed,233,0.5949145455956265,0.8,0.8001140841042802,True
loqi_raw_fixed,250,0.5811474170422073,0.8,0.8000592068991791,True
loqi_raw_fixed,251,0.5811474170422073,0.8,0.8002208130090547,True
loqi_raw_fixed,271,0.5721487125989153,0.8,0.8016686206149672,True
loqi_raw_fixed,293,0.5572368228208375,0.8,0.800397562750462,True
loqi_raw_fixed,316,0.5489125026329468,0.8,0.8008577393838299,True
loqi_raw_fixed,341,0.539357083329308,0.8,0.8001022984021233,True
loqi_raw_fixed,369,0.5295100389965435,0.8,0.8009881239311653,True
loqi_raw_fixed,398,0.5272374251533514,0.8,0.8001384146272951,True
loqi_raw_fixed,430,0.5176007509444921,0.8,0.8003075972151773,True
loqi_raw_fixed,464,0.5166959837980318,0.8,0.8009305211817802,True
loqi_raw_fixed,500,0.4994055374499415,0.8,0.8004306476933518,True
loqi_raw_fixed,501,0.4994055374499415,0.8,0.8005215789918837,True
loqi_raw_fixed,541,0.4973693164363595,0.8,0.8001221069145003,True
loqi_raw_fixed,584,0.49504238345978013,0.8,0.8019810388333244,True
loqi_raw_fixed,631,0.49456113805131263,0.8,0.8031092630390897,True
loqi_raw_fixed,681,0.4937786951679045,0.8,0.8000328300758546,True
loqi_raw_fixed,736,0.4873046613223499,0.8,0.802134388518207,True
loqi_raw_fixed,794,0.4873046613223499,0.8,0.8063886794720594,True
loqi_raw_fixed,858,0.4794579103531478,0.8,0.8003166404979936,True
loqi_raw_fixed,926,0.4794579103531478,0.8,0.804401849611178,True
loqi_raw_fixed,1000,0.4794579103531478,0.8,0.8085106382978723,True
torsional_diffusion_raw_fixed,10,1.310014071873387,0.8,0.8000164290728521,True
torsional_diffusion_raw_fixed,11,1.2760148075442157,0.8,0.8000173507021763,True
torsional_diffusion_raw_fixed,12,1.2491593776590821,0.8,0.800029695467314,True
torsional_diffusion_raw_fixed,13,1.2281088957710815,0.8,0.8000085535237248,True
torsional_diffusion_raw_fixed,14,1.2039647282624633,0.8,0.8000089793863439,True
torsional_diffusion_raw_fixed,15,1.182434303668481,0.8,0.8001094185891915,True
torsional_diffusion_raw_fixed,16,1.1612227799812933,0.8,0.8000000877993171,True
torsional_diffusion_raw_fixed,17,1.1464008586634171,0.8,0.800115585421732,True
torsional_diffusion_raw_fixed,18,1.1297547630354514,0.8,0.8000156672487538,True
torsional_diffusion_raw_fixed,20,1.1059603631834862,0.8,0.8000082656748522,True
torsional_diffusion_raw_fixed,22,1.08116769436079,0.8,0.800001337734336,True
torsional_diffusion_raw_fixed,23,1.0692929713299204,0.8,0.8000048374424211,True
torsional_diffusion_raw_fixed,25,1.054614908691505,0.8,0.8000333179548086,True
torsional_diffusion_raw_fixed,27,1.0342127543963648,0.8,0.8000005959743691,True
torsional_diffusion_raw_fixed,29,1.0208553169171004,0.8,0.8000072961657787,True
torsional_diffusion_raw_fixed,32,0.997091523198642,0.8,0.8000298013992077,True
torsional_diffusion_raw_fixed,34,0.985410939917113,0.8,0.800058956236905,True
torsional_diffusion_raw_fixed,37,0.9722962421810523,0.8,0.8000454212386353,True
torsional_diffusion_raw_fixed,40,0.9586192232974157,0.8,0.8000269234463208,True
torsional_diffusion_raw_fixed,43,0.9455692849928966,0.8,0.8001870018385797,True
torsional_diffusion_raw_fixed,46,0.9332748626307495,0.8,0.800015900275607,True
torsional_diffusion_raw_fixed,50,0.9187528718679733,0.8,0.8000621410660582,True
torsional_diffusion_raw_fixed,54,0.905953664398985,0.8,0.800014012438239,True
torsional_diffusion_raw_fixed,58,0.8946357463332858,0.8,0.8003483759526014,True
torsional_diffusion_raw_fixed,63,0.8796135316822649,0.8,0.8001295166936846,True
torsional_diffusion_raw_fixed,68,0.8671303344468076,0.8,0.800162303092522,True
torsional_diffusion_raw_fixed,74,0.8537447695584749,0.8,0.8002848633776088,True
torsional_diffusion_raw_fixed,79,0.8457579671642174,0.8,0.8000848054447962,True
torsional_diffusion_raw_fixed,86,0.8344911460212238,0.8,0.8000920737667484,True
torsional_diffusion_raw_fixed,93,0.8213223787809197,0.8,0.8001677765324418,True
torsional_diffusion_raw_fixed,100,0.8108644442275249,0.8,0.80027250253923,True
torsional_diffusion_raw_fixed,108,0.7999360561403697,0.8,0.8000816653291557,True
torsional_diffusion_raw_fixed,117,0.7810074460957703,0.8,0.8000097150855187,True
torsional_diffusion_raw_fixed,126,0.7637110711622592,0.8,0.8000010853880384,True
torsional_diffusion_raw_fixed,136,0.7566368301520829,0.8,0.8008527753815533,True
torsional_diffusion_raw_fixed,147,0.7487717355136808,0.8,0.8007177817889833,True
torsional_diffusion_raw_fixed,158,0.7461195904766834,0.8,0.8005919879220625,True
torsional_diffusion_raw_fixed,171,0.7357489217022883,0.8,0.8001015673756743,True
torsional_diffusion_raw_fixed,185,0.729255406609235,0.8,0.8002388568559324,True
torsional_diffusion_raw_fixed,200,0.7249992260750514,0.8,0.8009358551523075,True
torsional_diffusion_raw_fixed,215,0.7207244828213711,0.8,0.8010256602935223,True
torsional_diffusion_raw_fixed,233,0.7042747972889412,0.8,0.8010356507344888,True
torsional_diffusion_raw_fixed,250,0.7025670959094565,0.8,0.8006808221739289,True
torsional_diffusion_raw_fixed,251,0.7025670959094565,0.8,0.8008751308386182,True
torsional_diffusion_raw_fixed,271,0.6877516310760752,0.8,0.8005777697381034,True
torsional_diffusion_raw_fixed,293,0.6754339098878732,0.8,0.8001099996296225,True
torsional_diffusion_raw_fixed,316,0.6582948215231871,0.8,0.8015251267111051,True
torsional_diffusion_raw_fixed,341,0.6505197441025167,0.8,0.8021853777156474,True
torsional_diffusion_raw_fixed,369,0.6470034311778816,0.8,0.8023813850637358,True
torsional_diffusion_raw_fixed,398,0.6242877259434314,0.8,0.8002061706268933,True
torsional_diffusion_raw_fixed,430,0.6242877259434314,0.8,0.8040531919850619,True
torsional_diffusion_raw_fixed,464,0.6238348934711645,0.8,0.802942076671592,True
torsional_diffusion_raw_fixed,500,0.614350052120657,0.8,0.8010371076943231,True
torsional_diffusion_raw_fixed,501,0.614350052120657,0.8,0.801118345777016,True
torsional_diffusion_raw_fixed,541,0.614350052120657,0.8,0.8042401101741247,True
torsional_diffusion_raw_fixed,584,0.6104411043186412,0.8,0.801138298613312,True
torsional_diffusion_raw_fixed,631,0.6104411043186412,0.8,0.8037979032052534,True
torsional_diffusion_raw_fixed,681,0.6104411043186412,0.8,0.8063973817247322,True
torsional_diffusion_raw_fixed,736,0.5781110369764058,0.8,0.8004709559965114,True
torsional_diffusion_raw_fixed,794,0.5473981778002696,0.8,0.800545602995284,True
torsional_diffusion_raw_fixed,858,0.5326862237788091,0.8,0.8019770559760634,True
torsional_diffusion_raw_fixed,926,0.5326862237788091,0.8,0.8052380339905035,True
torsional_diffusion_raw_fixed,1000,0.5326862237788091,0.8,0.8085106382978723,True
mcf_drugs_l_raw_fixed,10,1.3783138234397614,0.8,0.8000285044600759,True
mcf_drugs_l_raw_fixed,11,1.3431943966277773,0.8,0.8000190503224847,True
mcf_drugs_l_raw_fixed,12,1.3175890856563228,0.8,0.8000287727910635,True
mcf_drugs_l_raw_fixed,13,1.2981894181373888,0.8,0.8000124760238708,True
mcf_drugs_l_raw_fixed,14,1.2781685430560736,0.8,0.8000565682225721,True
mcf_drugs_l_raw_fixed,15,1.25313319245477,0.8,0.8000284939932737,True
mcf_drugs_l_raw_fixed,16,1.2343497188402495,0.8,0.8001035055817663,True
mcf_drugs_l_raw_fixed,17,1.2163625174325843,0.8,0.800086430925737,True
mcf_drugs_l_raw_fixed,18,1.199870225745862,0.8,0.8000360876988356,True
mcf_drugs_l_raw_fixed,20,1.1597913047433421,0.8,0.8000125365245929,True
mcf_drugs_l_raw_fixed,22,1.1322150086520564,0.8,0.8000768629682193,True
mcf_drugs_l_raw_fixed,23,1.1228100449567608,0.8,0.8000110459933563,True
mcf_drugs_l_raw_fixed,25,1.1084650825137048,0.8,0.8000768703995288,True
mcf_drugs_l_raw_fixed,27,1.101327315134931,0.8,0.800001345810469,True
mcf_drugs_l_raw_fixed,29,1.0923612783792382,0.8,0.8001714218774548,True
mcf_drugs_l_raw_fixed,32,1.0661498519640138,0.8,0.8000055951712278,True
mcf_drugs_l_raw_fixed,34,1.053240135552269,0.8,0.8000002459567433,True
mcf_drugs_l_raw_fixed,37,1.0395058705206857,0.8,0.8002222108670468,True
mcf_drugs_l_raw_fixed,40,1.0252597380768254,0.8,0.8000476338492085,True
mcf_drugs_l_raw_fixed,43,1.007601850582006,0.8,0.800073150516198,True
mcf_drugs_l_raw_fixed,46,0.99108128214481,0.8,0.8001095554635816,True
mcf_drugs_l_raw_fixed,50,0.973797374275539,0.8,0.8001557519038998,True
mcf_drugs_l_raw_fixed,54,0.9563728328189217,0.8,0.8000040384782636,True
mcf_drugs_l_raw_fixed,58,0.9445014521163266,0.8,0.8001461318368268,True
mcf_drugs_l_raw_fixed,63,0.9311960701664904,0.8,0.8000732141582411,True
mcf_drugs_l_raw_fixed,68,0.9220274029135533,0.8,0.8003695878752441,True
mcf_drugs_l_raw_fixed,74,0.9111835259472135,0.8,0.800265229321515,True
mcf_drugs_l_raw_fixed,79,0.9039063813709496,0.8,0.8002091983728149,True
mcf_drugs_l_raw_fixed,86,0.887694571827319,0.8,0.8003623312054169,True
mcf_drugs_l_raw_fixed,93,0.8827344469853028,0.8,0.8001871823633577,True
mcf_drugs_l_raw_fixed,100,0.8748889795651793,0.8,0.8002560679679489,True
mcf_drugs_l_raw_fixed,108,0.8625319529723091,0.8,0.8010428260391365,True
mcf_drugs_l_raw_fixed,117,0.8549663011266633,0.8,0.8010833076522871,True
mcf_drugs_l_raw_fixed,126,0.8371053081448057,0.8,0.8000315118733342,True
mcf_drugs_l_raw_fixed,136,0.829746760732676,0.8,0.800011961269798,True
mcf_drugs_l_raw_fixed,147,0.8158769621964564,0.8,0.800670417155978,True
mcf_drugs_l_raw_fixed,158,0.800872730608006,0.8,0.8000267142596207,True
mcf_drugs_l_raw_fixed,171,0.7923521470826922,0.8,0.8005295324628633,True
mcf_drugs_l_raw_fixed,185,0.786619794807605,0.8,0.8011393344011742,True
mcf_drugs_l_raw_fixed,200,0.775101081732069,0.8,0.800383673178846,True
mcf_drugs_l_raw_fixed,215,0.761388295327995,0.8,0.8003475230781754,True
mcf_drugs_l_raw_fixed,233,0.7576648981705888,0.8,0.8010962171190441,True
mcf_drugs_l_raw_fixed,250,0.7423273446956621,0.8,0.801477781901874,True
mcf_drugs_l_raw_fixed,251,0.7423273446956621,0.8,0.8016669694175402,True
mcf_drugs_l_raw_fixed,271,0.7394117020449351,0.8,0.8002355798602478,True
mcf_drugs_l_raw_fixed,293,0.7211999210168027,0.8,0.8017413460399212,True
mcf_drugs_l_raw_fixed,316,0.7169013798437361,0.8,0.8016246826393619,True
mcf_drugs_l_raw_fixed,341,0.6984711864328088,0.8,0.8001167438642581,True
mcf_drugs_l_raw_fixed,369,0.682046519091492,0.8,0.8001597662838523,True
mcf_drugs_l_raw_fixed,398,0.6671231700392367,0.8,0.8002945318381408,True
mcf_drugs_l_raw_fixed,430,0.6453574569458432,0.8,0.800304284035543,True
mcf_drugs_l_raw_fixed,464,0.6364976610762607,0.8,0.8010126342167668,True
mcf_drugs_l_raw_fixed,500,0.6290407989393144,0.8,0.80003087773219,True
mcf_drugs_l_raw_fixed,501,0.6290407989393144,0.8,0.8001512869598504,True
mcf_drugs_l_raw_fixed,541,0.6260088083720893,0.8,0.8015111687946126,True
mcf_drugs_l_raw_fixed,584,0.6250112387411033,0.8,0.8000852850660829,True
mcf_drugs_l_raw_fixed,631,0.6131399716107905,0.8,0.8016188200342527,True
mcf_drugs_l_raw_fixed,681,0.6072602752380633,0.8,0.8031278730467194,True
mcf_drugs_l_raw_fixed,736,0.6056099052772621,0.8,0.800410488487442,True
mcf_drugs_l_raw_fixed,794,0.5985088419407396,0.8,0.8031665624412242,True
mcf_drugs_l_raw_fixed,858,0.5985088419407396,0.8,0.8083001987728504,True
mcf_drugs_l_raw_fixed,926,0.573092903733719,0.8,0.8036638409823289,True
mcf_drugs_l_raw_fixed,1000,0.573092903733719,0.8,0.8085106382978723,True
nextmol_dmt_l_raw_fixed,10,1.3056326368772067,0.8,0.8000189132085639,True
nextmol_dmt_l_raw_fixed,11,1.2767985306355532,0.8,0.8001007409653166,True
nextmol_dmt_l_raw_fixed,12,1.2441059455877133,0.8,0.8000288893629067,True
nextmol_dmt_l_raw_fixed,13,1.2196411554069149,0.8,0.8000599902801813,True
nextmol_dmt_l_raw_fixed,14,1.2003964627925139,0.8,0.8000826649178401,True
nextmol_dmt_l_raw_fixed,15,1.1767518337444471,0.8,0.8000164603935686,True
nextmol_dmt_l_raw_fixed,16,1.1504516306601316,0.8,0.8000454386961238,True
nextmol_dmt_l_raw_fixed,17,1.1275570470347596,0.8,0.8000077028258687,True
nextmol_dmt_l_raw_fixed,18,1.1093775006386823,0.8,0.8000071503668367,True
nextmol_dmt_l_raw_fixed,20,1.1000671319686617,0.8,0.8000152579117756,True
nextmol_dmt_l_raw_fixed,22,1.083206455869309,0.8,0.8000391648082964,True
nextmol_dmt_l_raw_fixed,23,1.0699203177592962,0.8,0.8000645475708319,True
nextmol_dmt_l_raw_fixed,25,1.051729362814648,0.8,0.8000274724053245,True
nextmol_dmt_l_raw_fixed,27,1.037039042546724,0.8,0.8000076836957181,True
nextmol_dmt_l_raw_fixed,29,1.0213819740717314,0.8,0.8000433491410419,True
nextmol_dmt_l_raw_fixed,32,1.005560260625396,0.8,0.8000130992216508,True
nextmol_dmt_l_raw_fixed,34,0.9951032938887198,0.8,0.8000906384583661,True
nextmol_dmt_l_raw_fixed,37,0.978608582909375,0.8,0.8000634220393408,True
nextmol_dmt_l_raw_fixed,40,0.9653704386643516,0.8,0.8000056685485076,True
nextmol_dmt_l_raw_fixed,43,0.9533244625798666,0.8,0.8000019996739337,True
nextmol_dmt_l_raw_fixed,46,0.9411124322325807,0.8,0.8000047190257225,True
nextmol_dmt_l_raw_fixed,50,0.9263412592050689,0.8,0.8002107104945111,True
nextmol_dmt_l_raw_fixed,54,0.9157518670622004,0.8,0.8000097692202008,True
nextmol_dmt_l_raw_fixed,58,0.9062230885617075,0.8,0.8001290750953678,True
nextmol_dmt_l_raw_fixed,63,0.8963001276644805,0.8,0.8000037473318169,True
nextmol_dmt_l_raw_fixed,68,0.8845183192494224,0.8,0.8003930225013511,True
nextmol_dmt_l_raw_fixed,74,0.8688663808576434,0.8,0.8000105385716012,True
nextmol_dmt_l_raw_fixed,79,0.8637976603628118,0.8,0.8000861184707755,True
nextmol_dmt_l_raw_fixed,86,0.8520431437301669,0.8,0.8000002390551514,True
nextmol_dmt_l_raw_fixed,93,0.8448561600359304,0.8,0.8000428978546532,True
nextmol_dmt_l_raw_fixed,100,0.8316667301667076,0.8,0.8007072773177196,True
nextmol_dmt_l_raw_fixed,108,0.8185056409240689,0.8,0.8001120300381322,True
nextmol_dmt_l_raw_fixed,117,0.8090489561170697,0.8,0.8009296370590248,True
nextmol_dmt_l_raw_fixed,126,0.7961632229954714,0.8,0.8001504452192651,True
nextmol_dmt_l_raw_fixed,136,0.7906973589983003,0.8,0.8002297077943489,True
nextmol_dmt_l_raw_fixed,147,0.7846709944070586,0.8,0.8000320883997734,True
nextmol_dmt_l_raw_fixed,158,0.7765860510992791,0.8,0.8004914860341914,True
nextmol_dmt_l_raw_fixed,171,0.7716361343576662,0.8,0.8001455590778869,True
nextmol_dmt_l_raw_fixed,185,0.7601218879774668,0.8,0.8003660827190807,True
nextmol_dmt_l_raw_fixed,200,0.7587614210288179,0.8,0.8013632338109736,True
nextmol_dmt_l_raw_fixed,215,0.7456173538875157,0.8,0.8003685569716171,True
nextmol_dmt_l_raw_fixed,233,0.7342219526807724,0.8,0.8000400255612808,True
nextmol_dmt_l_raw_fixed,250,0.7276147896893833,0.8,0.8023227845841505,True
nextmol_dmt_l_raw_fixed,251,0.7276147896893833,0.8,0.802521449278153,True
nextmol_dmt_l_raw_fixed,271,0.7183379714778685,0.8,0.8007182689864901,True
nextmol_dmt_l_raw_fixed,293,0.7161624272963185,0.8,0.8009581199818027,True
nextmol_dmt_l_raw_fixed,316,0.7136837613330151,0.8,0.8025144714989464,True
nextmol_dmt_l_raw_fixed,341,0.7107365021068012,0.8,0.8014288704136673,True
nextmol_dmt_l_raw_fixed,369,0.7078497941178916,0.8,0.8017260126935329,True
nextmol_dmt_l_raw_fixed,398,0.707239325368132,0.8,0.800261742851271,True
nextmol_dmt_l_raw_fixed,430,0.6795443033921879,0.8,0.8001681725141615,True
nextmol_dmt_l_raw_fixed,464,0.6709660077161212,0.8,0.8003196692935968,True
nextmol_dmt_l_raw_fixed,500,0.6564417762953967,0.8,0.8010656966429136,True
nextmol_dmt_l_raw_fixed,501,0.6564417762953967,0.8,0.8011450670339944,True
nextmol_dmt_l_raw_fixed,541,0.6469181177898706,0.8,0.8008946260652698,True
nextmol_dmt_l_raw_fixed,584,0.6443565592451796,0.8,0.8001284822763839,True
nextmol_dmt_l_raw_fixed,631,0.6443565592451796,0.8,0.8031511164945957,True
nextmol_dmt_l_raw_fixed,681,0.6443565592451796,0.8,0.8060238753452771,True
nextmol_dmt_l_raw_fixed,736,0.6309999496650698,0.8,0.8010161405639146,True
nextmol_dmt_l_raw_fixed,794,0.5920435829037362,0.8,0.8003066842451002,True
nextmol_dmt_l_raw_fixed,858,0.5644178161091525,0.8,0.8002537368113739,True
nextmol_dmt_l_raw_fixed,926,0.5607937790765775,0.8,0.8036102100721236,True
nextmol_dmt_l_raw_fixed,1000,0.5607937790765775,0.8,0.8085106382978723,True
flowr_raw_fixed,10,1.3685156126965516,0.8,0.8000023655014905,True
flowr_raw_fixed,11,1.3405328627305289,0.8,0.8000055580654687,True
flowr_raw_fixed,12,1.3200000876207207,0.8,0.8000081117328699,True
flowr_raw_fixed,13,1.298526192186,0.8,0.8000003995054554,True
flowr_raw_fixed,14,1.274252651554126,0.8,0.800075559896589,True
flowr_raw_fixed,15,1.25716294740831,0.8,0.8000225102112893,True
flowr_raw_fixed,16,1.2402484197367705,0.8,0.8000365004959261,True
flowr_raw_fixed,17,1.2222432058873127,0.8,0.8000395378702413,True
flowr_raw_fixed,18,1.209758593540608,0.8,0.8000106881110347,True
flowr_raw_fixed,20,1.179062983889475,0.8,0.8000109498400506,True
flowr_raw_fixed,22,1.1600902644735192,0.8,0.8000412895161441,True
flowr_raw_fixed,23,1.149443892653835,0.8,0.8000355161209953,True
flowr_raw_fixed,25,1.1330761171521488,0.8,0.8000053106051789,True
flowr_raw_fixed,27,1.1147364751887825,0.8,0.8000084459785614,True
flowr_raw_fixed,29,1.0944021339392402,0.8,0.8001734537438839,True
flowr_raw_fixed,32,1.0755585365508662,0.8,0.8001138838330912,True
flowr_raw_fixed,34,1.0590438021587325,0.8,0.8001736839540458,True
flowr_raw_fixed,37,1.0427892349815828,0.8,0.8000431402478642,True
flowr_raw_fixed,40,1.024282980771825,0.8,0.8000182152166782,True
flowr_raw_fixed,43,1.0082159663065962,0.8,0.8000024415411208,True
flowr_raw_fixed,46,0.9973140661401033,0.8,0.8001607854182743,True
flowr_raw_fixed,50,0.9813762471728554,0.8,0.8000492392534998,True
flowr_raw_fixed,54,0.9717619479964041,0.8,0.8000482007156574,True
flowr_raw_fixed,58,0.962181367071296,0.8,0.8003986521683789,True
flowr_raw_fixed,63,0.9485274399729118,0.8,0.8000935040096622,True
flowr_raw_fixed,68,0.936778377535358,0.8,0.8001163396897459,True
flowr_raw_fixed,74,0.9258428044400845,0.8,0.8002398042451616,True
flowr_raw_fixed,79,0.915355369265223,0.8,0.8001529842522384,True
flowr_raw_fixed,86,0.9070754306877579,0.8,0.8004978701281272,True
flowr_raw_fixed,93,0.8944326853445529,0.8,0.800151950667883,True
flowr_raw_fixed,100,0.8855261911429642,0.8,0.8005443004968691,True
flowr_raw_fixed,108,0.8739094741710943,0.8,0.8000473884827577,True
flowr_raw_fixed,117,0.8519449127262635,0.8,0.8001513042039744,True
flowr_raw_fixed,126,0.8457566349573735,0.8,0.8001900165727537,True
flowr_raw_fixed,136,0.8280489673587157,0.8,0.8002948667980782,True
flowr_raw_fixed,147,0.8231432422831315,0.8,0.8005965595538509,True
flowr_raw_fixed,158,0.8187269969696083,0.8,0.800724437611914,True
flowr_raw_fixed,171,0.8099333844173977,0.8,0.8006224501942203,True
flowr_raw_fixed,185,0.800269839533647,0.8,0.8001083136890205,True
flowr_raw_fixed,200,0.7942411667333822,0.8,0.8012313636778661,True
flowr_raw_fixed,215,0.7811779974047216,0.8,0.8000075637628722,True
flowr_raw_fixed,233,0.7653051023323627,0.8,0.8015762950128023,True
flowr_raw_fixed,250,0.759120375116931,0.8,0.8000721392339025,True
flowr_raw_fixed,251,0.7577154032369549,0.8,0.8000117958185398,True
flowr_raw_fixed,271,0.7509051445233053,0.8,0.8012834591229793,True
flowr_raw_fixed,293,0.7429820101768004,0.8,0.8022297805604932,True
flowr_raw_fixed,316,0.7317202748567007,0.8,0.8005305085352623,True
flowr_raw_fixed,341,0.7253701979905025,0.8,0.800921764646005,True
flowr_raw_fixed,369,0.7129826841049185,0.8,0.8014919800549436,True
flowr_raw_fixed,398,0.704842977593726,0.8,0.8018427005058573,True
flowr_raw_fixed,430,0.6988860832826116,0.8,0.8014920784549899,True
flowr_raw_fixed,464,0.6980886511735538,0.8,0.800573951362059,True
flowr_raw_fixed,500,0.6980886511735538,0.8,0.8040468123166128,True
flowr_raw_fixed,501,0.6980886511735538,0.8,0.8041378137354075,True
flowr_raw_fixed,541,0.6926605977846222,0.8,0.8016639741769659,True
flowr_raw_fixed,584,0.6816027624509648,0.8,0.8001393150574484,True
flowr_raw_fixed,631,0.6654043271096759,0.8,0.8000832429387305,True
flowr_raw_fixed,681,0.6654043271096759,0.8,0.8037240084676696,True
flowr_raw_fixed,736,0.6654043271096759,0.8,0.8072704872993298,True
flowr_raw_fixed,794,0.6409594778635266,0.8,0.8002540511070187,True
flowr_raw_fixed,858,0.6143773130530037,0.8,0.8000398660886782,True
flowr_raw_fixed,926,0.6123016484466755,0.8,0.8036060377152446,True
flowr_raw_fixed,1000,0.6123016484466755,0.8,0.8085106382978723,True
qwen_1p7b_fsq_bigdata_step47023_fixed,10,1.1523565466431491,0.8,0.8000527548263092,True
qwen_1p7b_fsq_bigdata_step47023_fixed,11,1.130284737606451,0.8,0.8000572552266192,True
qwen_1p7b_fsq_bigdata_step47023_fixed,12,1.1116582807296533,0.8,0.8000699492788552,True
qwen_1p7b_fsq_bigdata_step47023_fixed,13,1.0933125279195444,0.8,0.8000786713146657,True
qwen_1p7b_fsq_bigdata_step47023_fixed,14,1.0769355622783092,0.8,0.8000114632056328,True
qwen_1p7b_fsq_bigdata_step47023_fixed,15,1.0643834922165545,0.8,0.8000681442576383,True
qwen_1p7b_fsq_bigdata_step47023_fixed,16,1.051095126183262,0.8,0.8000589673000587,True
qwen_1p7b_fsq_bigdata_step47023_fixed,17,1.038897974536894,0.8,0.8000287334144262,True
qwen_1p7b_fsq_bigdata_step47023_fixed,18,1.0273845719545984,0.8,0.8000264574207185,True
qwen_1p7b_fsq_bigdata_step47023_fixed,20,1.0061964237167245,0.8,0.800000901478959,True
qwen_1p7b_fsq_bigdata_step47023_fixed,22,0.9891271947032202,0.8,0.8000803948580469,True
qwen_1p7b_fsq_bigdata_step47023_fixed,23,0.9813994177720774,0.8,0.8000411344888629,True
qwen_1p7b_fsq_bigdata_step47023_fixed,25,0.9630511463680047,0.8,0.8000372767039488,True
qwen_1p7b_fsq_bigdata_step47023_fixed,27,0.9490310558893922,0.8,0.8000968501707832,True
qwen_1p7b_fsq_bigdata_step47023_fixed,29,0.9355382908658322,0.8,0.8000083853346658,True
qwen_1p7b_fsq_bigdata_step47023_fixed,32,0.9148038228783062,0.8,0.8000902365558235,True
qwen_1p7b_fsq_bigdata_step47023_fixed,34,0.9045408879208937,0.8,0.80010896853355,True
qwen_1p7b_fsq_bigdata_step47023_fixed,37,0.8863820966293686,0.8,0.8001157500179584,True
qwen_1p7b_fsq_bigdata_step47023_fixed,40,0.8723010055436274,0.8,0.8000643597098908,True
qwen_1p7b_fsq_bigdata_step47023_fixed,43,0.8599744049003648,0.8,0.8001252076097682,True
qwen_1p7b_fsq_bigdata_step47023_fixed,46,0.8495795082854491,0.8,0.8003089939286612,True
qwen_1p7b_fsq_bigdata_step47023_fixed,50,0.8368975231484882,0.8,0.8001621883957863,True
qwen_1p7b_fsq_bigdata_step47023_fixed,54,0.8277465129887351,0.8,0.8004083627356935,True
qwen_1p7b_fsq_bigdata_step47023_fixed,58,0.8189701245629112,0.8,0.8003188201179287,True
qwen_1p7b_fsq_bigdata_step47023_fixed,63,0.80719401274158,0.8,0.8001236117792635,True
qwen_1p7b_fsq_bigdata_step47023_fixed,68,0.7968720987329863,0.8,0.800066656252217,True
qwen_1p7b_fsq_bigdata_step47023_fixed,74,0.7862543256355228,0.8,0.8002078161634438,True
qwen_1p7b_fsq_bigdata_step47023_fixed,79,0.7825155110264488,0.8,0.8003183759716358,True
qwen_1p7b_fsq_bigdata_step47023_fixed,86,0.7757729608827532,0.8,0.8003307548231764,True
qwen_1p7b_fsq_bigdata_step47023_fixed,93,0.766021036249455,0.8,0.800967891890431,True
qwen_1p7b_fsq_bigdata_step47023_fixed,100,0.7531391373379128,0.8,0.8001520504285896,True
qwen_1p7b_fsq_bigdata_step47023_fixed,108,0.746369405932533,0.8,0.8001888653237778,True
qwen_1p7b_fsq_bigdata_step47023_fixed,117,0.7322103492895713,0.8,0.8003467551382446,True
qwen_1p7b_fsq_bigdata_step47023_fixed,126,0.7232125842063182,0.8,0.8001829820073417,True
qwen_1p7b_fsq_bigdata_step47023_fixed,136,0.7169208326678674,0.8,0.8000229289100819,True
qwen_1p7b_fsq_bigdata_step47023_fixed,147,0.7077425519959206,0.8,0.8000545892069097,True
qwen_1p7b_fsq_bigdata_step47023_fixed,158,0.7006097346200324,0.8,0.8001936338913805,True
qwen_1p7b_fsq_bigdata_step47023_fixed,171,0.6944180354816233,0.8,0.8001506372250431,True
qwen_1p7b_fsq_bigdata_step47023_fixed,185,0.6726361337091236,0.8,0.8003744289510499,True
qwen_1p7b_fsq_bigdata_step47023_fixed,200,0.6711607438743071,0.8,0.8000260012734582,True
qwen_1p7b_fsq_bigdata_step47023_fixed,215,0.6547921582510949,0.8,0.8000547505730368,True
qwen_1p7b_fsq_bigdata_step47023_fixed,233,0.6413867982450897,0.8,0.8004639895309245,True
qwen_1p7b_fsq_bigdata_step47023_fixed,250,0.6282858007912279,0.8,0.8016032120005047,True
qwen_1p7b_fsq_bigdata_step47023_fixed,251,0.6282858007912279,0.8,0.8018398222077324,True
qwen_1p7b_fsq_bigdata_step47023_fixed,271,0.6112097052699034,0.8,0.8016437436950646,True
qwen_1p7b_fsq_bigdata_step47023_fixed,293,0.6043229321629104,0.8,0.8020618979283173,True
qwen_1p7b_fsq_bigdata_step47023_fixed,316,0.5952206590720462,0.8,0.8011230811487421,True
qwen_1p7b_fsq_bigdata_step47023_fixed,341,0.5938546993186878,0.8,0.8001078536024416,True
qwen_1p7b_fsq_bigdata_step47023_fixed,369,0.5872130291085741,0.8,0.8005164069864092,True
qwen_1p7b_fsq_bigdata_step47023_fixed,398,0.5833107436845542,0.8,0.801688162794867,True
qwen_1p7b_fsq_bigdata_step47023_fixed,430,0.5830741628545894,0.8,0.8009837394108313,True
qwen_1p7b_fsq_bigdata_step47023_fixed,464,0.5678167245369891,0.8,0.8017553871643361,True
qwen_1p7b_fsq_bigdata_step47023_fixed,500,0.5533102564917295,0.8,0.8018329640333683,True
qwen_1p7b_fsq_bigdata_step47023_fixed,501,0.5533102564917295,0.8,0.8019312330990908,True
qwen_1p7b_fsq_bigdata_step47023_fixed,541,0.5440187194731171,0.8,0.80098360945022,True
qwen_1p7b_fsq_bigdata_step47023_fixed,584,0.5440187194731171,0.8,0.804878476921797,True
qwen_1p7b_fsq_bigdata_step47023_fixed,631,0.5254763163611541,0.8,0.8007711069068469,True
qwen_1p7b_fsq_bigdata_step47023_fixed,681,0.5192280994484935,0.8,0.800336550729725,True
qwen_1p7b_fsq_bigdata_step47023_fixed,736,0.5118717066495142,0.8,0.801832239421014,True
qwen_1p7b_fsq_bigdata_step47023_fixed,794,0.5118717066495142,0.8,0.8062721530403265,True
qwen_1p7b_fsq_bigdata_step47023_fixed,858,0.5055136638487058,0.8,0.801403584623009,True
qwen_1p7b_fsq_bigdata_step47023_fixed,926,0.5055136638487058,0.8,0.8050847227302661,True
qwen_1p7b_fsq_bigdata_step47023_fixed,1000,0.5055136638487058,0.8,0.8085106382978723,True
